2024-10-01T11:12:53.393-0400 [DEBUG] [org.gradle.launcher.daemon.bootstrap.DaemonMain] Assuming the daemon was started with following jvm opts: [--add-opens=java.base/java.util=ALL-UNNAMED, --add-opens=java.base/java.lang=ALL-UNNAMED, --add-opens=java.base/java.lang.invoke=ALL-UNNAMED, --add-opens=java.prefs/java.util.prefs=ALL-UNNAMED, --add-opens=java.base/java.nio.charset=ALL-UNNAMED, --add-opens=java.base/java.net=ALL-UNNAMED, --add-opens=java.base/java.util.concurrent.atomic=ALL-UNNAMED, -Xmx2048m, -Dfile.encoding=UTF-8, -Duser.country=US, -Duser.language=en, -Duser.variant]
2024-10-01T11:12:53.603-0400 [DEBUG] [org.gradle.internal.nativeintegration.services.NativeServices] Native-platform posix files integration is not available. Continuing with fallback.
2024-10-01T11:12:53.622-0400 [INFO] [org.gradle.launcher.daemon.server.Daemon] start() called on daemon - DefaultDaemonContext[uid=b732a0e9-0c02-4769-a55d-d41ac31c965e,javaHome=C:\Program Files\Android\Android Studio\jbr,daemonRegistryDir=C:\Users\baray\AndroidStudioProjects\CIS3515_Activity_Activity\daemon,pid=28796,idleTimeout=10800000,priority=NORMAL,applyInstrumentationAgent=true,daemonOpts=--add-opens=java.base/java.util=ALL-UNNAMED,--add-opens=java.base/java.lang=ALL-UNNAMED,--add-opens=java.base/java.lang.invoke=ALL-UNNAMED,--add-opens=java.prefs/java.util.prefs=ALL-UNNAMED,--add-opens=java.base/java.nio.charset=ALL-UNNAMED,--add-opens=java.base/java.net=ALL-UNNAMED,--add-opens=java.base/java.util.concurrent.atomic=ALL-UNNAMED,-Xmx2048m,-Dfile.encoding=UTF-8,-Duser.country=US,-Duser.language=en,-Duser.variant]
2024-10-01T11:12:53.713-0400 [DEBUG] [org.gradle.internal.remote.internal.inet.InetAddresses] Adding IP addresses for network interface Software Loopback Interface 1
2024-10-01T11:12:53.715-0400 [DEBUG] [org.gradle.internal.remote.internal.inet.InetAddresses] Is this a loopback interface? true
2024-10-01T11:12:53.715-0400 [DEBUG] [org.gradle.internal.remote.internal.inet.InetAddresses] Adding loopback address /127.0.0.1
2024-10-01T11:12:53.716-0400 [DEBUG] [org.gradle.internal.remote.internal.inet.InetAddresses] Adding loopback address /0:0:0:0:0:0:0:1
2024-10-01T11:12:53.716-0400 [DEBUG] [org.gradle.internal.remote.internal.inet.InetAddresses] Adding IP addresses for network interface Microsoft 6to4 Adapter
2024-10-01T11:12:53.718-0400 [DEBUG] [org.gradle.internal.remote.internal.inet.InetAddresses] Is this a loopback interface? false
2024-10-01T11:12:53.718-0400 [DEBUG] [org.gradle.internal.remote.internal.inet.InetAddresses] Adding IP addresses for network interface WAN Miniport (SSTP)
2024-10-01T11:12:53.720-0400 [DEBUG] [org.gradle.internal.remote.internal.inet.InetAddresses] Is this a loopback interface? false
2024-10-01T11:12:53.720-0400 [DEBUG] [org.gradle.internal.remote.internal.inet.InetAddresses] Adding IP addresses for network interface WAN Miniport (PPPOE)
2024-10-01T11:12:53.725-0400 [DEBUG] [org.gradle.internal.remote.internal.inet.InetAddresses] Is this a loopback interface? false
2024-10-01T11:12:53.726-0400 [DEBUG] [org.gradle.internal.remote.internal.inet.InetAddresses] Adding IP addresses for network interface WAN Miniport (L2TP)
2024-10-01T11:12:53.729-0400 [DEBUG] [org.gradle.internal.remote.internal.inet.InetAddresses] Is this a loopback interface? false
2024-10-01T11:12:53.729-0400 [DEBUG] [org.gradle.internal.remote.internal.inet.InetAddresses] Adding IP addresses for network interface Bluetooth Device (Personal Area Network)
2024-10-01T11:12:53.731-0400 [DEBUG] [org.gradle.internal.remote.internal.inet.InetAddresses] Is this a loopback interface? false
2024-10-01T11:12:53.731-0400 [DEBUG] [org.gradle.internal.remote.internal.inet.InetAddresses] Adding remote address /fe80:0:0:0:7edf:8bdb:b09f:67ef%eth0
2024-10-01T11:12:53.731-0400 [DEBUG] [org.gradle.internal.remote.internal.inet.InetAddresses] Adding IP addresses for network interface Microsoft IP-HTTPS Platform Adapter
2024-10-01T11:12:53.733-0400 [DEBUG] [org.gradle.internal.remote.internal.inet.InetAddresses] Is this a loopback interface? false
2024-10-01T11:12:53.733-0400 [DEBUG] [org.gradle.internal.remote.internal.inet.InetAddresses] Adding IP addresses for network interface Intel(R) Wi-Fi 6E AX211 160MHz
2024-10-01T11:12:53.735-0400 [DEBUG] [org.gradle.internal.remote.internal.inet.InetAddresses] Is this a loopback interface? false
2024-10-01T11:12:53.735-0400 [DEBUG] [org.gradle.internal.remote.internal.inet.InetAddresses] Adding remote address /10.110.57.63
2024-10-01T11:12:53.735-0400 [DEBUG] [org.gradle.internal.remote.internal.inet.InetAddresses] Adding remote address /fe80:0:0:0:e6d0:9176:3568:21e1%wlan0
2024-10-01T11:12:53.735-0400 [DEBUG] [org.gradle.internal.remote.internal.inet.InetAddresses] Adding IP addresses for network interface WAN Miniport (IP)
2024-10-01T11:12:53.737-0400 [DEBUG] [org.gradle.internal.remote.internal.inet.InetAddresses] Is this a loopback interface? false
2024-10-01T11:12:53.737-0400 [DEBUG] [org.gradle.internal.remote.internal.inet.InetAddresses] Adding IP addresses for network interface WAN Miniport (PPTP)
2024-10-01T11:12:53.739-0400 [DEBUG] [org.gradle.internal.remote.internal.inet.InetAddresses] Is this a loopback interface? false
2024-10-01T11:12:53.739-0400 [DEBUG] [org.gradle.internal.remote.internal.inet.InetAddresses] Adding IP addresses for network interface WAN Miniport (Network Monitor)
2024-10-01T11:12:53.741-0400 [DEBUG] [org.gradle.internal.remote.internal.inet.InetAddresses] Is this a loopback interface? false
2024-10-01T11:12:53.742-0400 [DEBUG] [org.gradle.internal.remote.internal.inet.InetAddresses] Adding IP addresses for network interface Microsoft Kernel Debug Network Adapter
2024-10-01T11:12:53.743-0400 [DEBUG] [org.gradle.internal.remote.internal.inet.InetAddresses] Is this a loopback interface? false
2024-10-01T11:12:53.744-0400 [DEBUG] [org.gradle.internal.remote.internal.inet.InetAddresses] Adding IP addresses for network interface WAN Miniport (IKEv2)
2024-10-01T11:12:53.745-0400 [DEBUG] [org.gradle.internal.remote.internal.inet.InetAddresses] Is this a loopback interface? false
2024-10-01T11:12:53.745-0400 [DEBUG] [org.gradle.internal.remote.internal.inet.InetAddresses] Adding IP addresses for network interface Microsoft Teredo Tunneling Adapter
2024-10-01T11:12:53.747-0400 [DEBUG] [org.gradle.internal.remote.internal.inet.InetAddresses] Is this a loopback interface? false
2024-10-01T11:12:53.747-0400 [DEBUG] [org.gradle.internal.remote.internal.inet.InetAddresses] Adding IP addresses for network interface Intel(R) Ethernet Connection (16) I219-LM
2024-10-01T11:12:53.749-0400 [DEBUG] [org.gradle.internal.remote.internal.inet.InetAddresses] Is this a loopback interface? false
2024-10-01T11:12:53.749-0400 [DEBUG] [org.gradle.internal.remote.internal.inet.InetAddresses] Adding remote address /fe80:0:0:0:c5de:206:583b:7613%eth4
2024-10-01T11:12:53.749-0400 [DEBUG] [org.gradle.internal.remote.internal.inet.InetAddresses] Adding IP addresses for network interface Microsoft Wi-Fi Direct Virtual Adapter
2024-10-01T11:12:53.750-0400 [DEBUG] [org.gradle.internal.remote.internal.inet.InetAddresses] Is this a loopback interface? false
2024-10-01T11:12:53.751-0400 [DEBUG] [org.gradle.internal.remote.internal.inet.InetAddresses] Adding remote address /fe80:0:0:0:aa46:61e6:b9b1:77c7%wlan1
2024-10-01T11:12:53.751-0400 [DEBUG] [org.gradle.internal.remote.internal.inet.InetAddresses] Adding IP addresses for network interface WAN Miniport (IPv6)
2024-10-01T11:12:53.753-0400 [DEBUG] [org.gradle.internal.remote.internal.inet.InetAddresses] Is this a loopback interface? false
2024-10-01T11:12:53.753-0400 [DEBUG] [org.gradle.internal.remote.internal.inet.InetAddresses] Adding IP addresses for network interface Microsoft Wi-Fi Direct Virtual Adapter #2
2024-10-01T11:12:53.754-0400 [DEBUG] [org.gradle.internal.remote.internal.inet.InetAddresses] Is this a loopback interface? false
2024-10-01T11:12:53.755-0400 [DEBUG] [org.gradle.internal.remote.internal.inet.InetAddresses] Adding remote address /fe80:0:0:0:fd30:4b6e:8624:bd2f%wlan2
2024-10-01T11:12:53.755-0400 [DEBUG] [org.gradle.internal.remote.internal.inet.InetAddresses] Adding IP addresses for network interface Intel(R) Ethernet Connection (16) I219-LM-WFP Native MAC Layer LightWeight Filter-0000
2024-10-01T11:12:53.756-0400 [DEBUG] [org.gradle.internal.remote.internal.inet.InetAddresses] Is this a loopback interface? false
2024-10-01T11:12:53.757-0400 [DEBUG] [org.gradle.internal.remote.internal.inet.InetAddresses] Adding IP addresses for network interface Intel(R) Ethernet Connection (16) I219-LM-QoS Packet Scheduler-0000
2024-10-01T11:12:53.758-0400 [DEBUG] [org.gradle.internal.remote.internal.inet.InetAddresses] Is this a loopback interface? false
2024-10-01T11:12:53.758-0400 [DEBUG] [org.gradle.internal.remote.internal.inet.InetAddresses] Adding IP addresses for network interface Intel(R) Ethernet Connection (16) I219-LM-WFP 802.3 MAC Layer LightWeight Filter-0000
2024-10-01T11:12:53.760-0400 [DEBUG] [org.gradle.internal.remote.internal.inet.InetAddresses] Is this a loopback interface? false
2024-10-01T11:12:53.760-0400 [DEBUG] [org.gradle.internal.remote.internal.inet.InetAddresses] Adding IP addresses for network interface Intel(R) Wi-Fi 6E AX211 160MHz-WFP Native MAC Layer LightWeight Filter-0000
2024-10-01T11:12:53.761-0400 [DEBUG] [org.gradle.internal.remote.internal.inet.InetAddresses] Is this a loopback interface? false
2024-10-01T11:12:53.762-0400 [DEBUG] [org.gradle.internal.remote.internal.inet.InetAddresses] Adding IP addresses for network interface Intel(R) Wi-Fi 6E AX211 160MHz-Virtual WiFi Filter Driver-0000
2024-10-01T11:12:53.763-0400 [DEBUG] [org.gradle.internal.remote.internal.inet.InetAddresses] Is this a loopback interface? false
2024-10-01T11:12:53.763-0400 [DEBUG] [org.gradle.internal.remote.internal.inet.InetAddresses] Adding IP addresses for network interface Intel(R) Wi-Fi 6E AX211 160MHz-Native WiFi Filter Driver-0000
2024-10-01T11:12:53.765-0400 [DEBUG] [org.gradle.internal.remote.internal.inet.InetAddresses] Is this a loopback interface? false
2024-10-01T11:12:53.765-0400 [DEBUG] [org.gradle.internal.remote.internal.inet.InetAddresses] Adding IP addresses for network interface Intel(R) Wi-Fi 6E AX211 160MHz-QoS Packet Scheduler-0000
2024-10-01T11:12:53.766-0400 [DEBUG] [org.gradle.internal.remote.internal.inet.InetAddresses] Is this a loopback interface? false
2024-10-01T11:12:53.766-0400 [DEBUG] [org.gradle.internal.remote.internal.inet.InetAddresses] Adding IP addresses for network interface Intel(R) Wi-Fi 6E AX211 160MHz-WFP 802.3 MAC Layer LightWeight Filter-0000
2024-10-01T11:12:53.768-0400 [DEBUG] [org.gradle.internal.remote.internal.inet.InetAddresses] Is this a loopback interface? false
2024-10-01T11:12:53.768-0400 [DEBUG] [org.gradle.internal.remote.internal.inet.InetAddresses] Adding IP addresses for network interface Microsoft Wi-Fi Direct Virtual Adapter-QoS Packet Scheduler-0000
2024-10-01T11:12:53.770-0400 [DEBUG] [org.gradle.internal.remote.internal.inet.InetAddresses] Is this a loopback interface? false
2024-10-01T11:12:53.770-0400 [DEBUG] [org.gradle.internal.remote.internal.inet.InetAddresses] Adding IP addresses for network interface Microsoft Wi-Fi Direct Virtual Adapter-WFP Native MAC Layer LightWeight Filter-0000
2024-10-01T11:12:53.771-0400 [DEBUG] [org.gradle.internal.remote.internal.inet.InetAddresses] Is this a loopback interface? false
2024-10-01T11:12:53.771-0400 [DEBUG] [org.gradle.internal.remote.internal.inet.InetAddresses] Adding IP addresses for network interface WAN Miniport (IP)-WFP Native MAC Layer LightWeight Filter-0000
2024-10-01T11:12:53.773-0400 [DEBUG] [org.gradle.internal.remote.internal.inet.InetAddresses] Is this a loopback interface? false
2024-10-01T11:12:53.773-0400 [DEBUG] [org.gradle.internal.remote.internal.inet.InetAddresses] Adding IP addresses for network interface WAN Miniport (IP)-QoS Packet Scheduler-0000
2024-10-01T11:12:53.774-0400 [DEBUG] [org.gradle.internal.remote.internal.inet.InetAddresses] Is this a loopback interface? false
2024-10-01T11:12:53.775-0400 [DEBUG] [org.gradle.internal.remote.internal.inet.InetAddresses] Adding IP addresses for network interface WAN Miniport (IPv6)-WFP Native MAC Layer LightWeight Filter-0000
2024-10-01T11:12:53.776-0400 [DEBUG] [org.gradle.internal.remote.internal.inet.InetAddresses] Is this a loopback interface? false
2024-10-01T11:12:53.776-0400 [DEBUG] [org.gradle.internal.remote.internal.inet.InetAddresses] Adding IP addresses for network interface WAN Miniport (IPv6)-QoS Packet Scheduler-0000
2024-10-01T11:12:53.778-0400 [DEBUG] [org.gradle.internal.remote.internal.inet.InetAddresses] Is this a loopback interface? false
2024-10-01T11:12:53.778-0400 [DEBUG] [org.gradle.internal.remote.internal.inet.InetAddresses] Adding IP addresses for network interface WAN Miniport (Network Monitor)-WFP Native MAC Layer LightWeight Filter-0000
2024-10-01T11:12:53.779-0400 [DEBUG] [org.gradle.internal.remote.internal.inet.InetAddresses] Is this a loopback interface? false
2024-10-01T11:12:53.779-0400 [DEBUG] [org.gradle.internal.remote.internal.inet.InetAddresses] Adding IP addresses for network interface WAN Miniport (Network Monitor)-QoS Packet Scheduler-0000
2024-10-01T11:12:53.781-0400 [DEBUG] [org.gradle.internal.remote.internal.inet.InetAddresses] Is this a loopback interface? false
2024-10-01T11:12:53.781-0400 [DEBUG] [org.gradle.internal.remote.internal.inet.InetAddresses] Adding IP addresses for network interface Microsoft Wi-Fi Direct Virtual Adapter-Native WiFi Filter Driver-0000
2024-10-01T11:12:53.782-0400 [DEBUG] [org.gradle.internal.remote.internal.inet.InetAddresses] Is this a loopback interface? false
2024-10-01T11:12:53.783-0400 [DEBUG] [org.gradle.internal.remote.internal.inet.InetAddresses] Adding IP addresses for network interface Microsoft Wi-Fi Direct Virtual Adapter-WFP 802.3 MAC Layer LightWeight Filter-0000
2024-10-01T11:12:53.784-0400 [DEBUG] [org.gradle.internal.remote.internal.inet.InetAddresses] Is this a loopback interface? false
2024-10-01T11:12:53.784-0400 [DEBUG] [org.gradle.internal.remote.internal.inet.InetAddresses] Adding IP addresses for network interface Microsoft Wi-Fi Direct Virtual Adapter #2-WFP Native MAC Layer LightWeight Filter-0000
2024-10-01T11:12:53.786-0400 [DEBUG] [org.gradle.internal.remote.internal.inet.InetAddresses] Is this a loopback interface? false
2024-10-01T11:12:53.786-0400 [DEBUG] [org.gradle.internal.remote.internal.inet.InetAddresses] Adding IP addresses for network interface Microsoft Wi-Fi Direct Virtual Adapter #2-Native WiFi Filter Driver-0000
2024-10-01T11:12:53.788-0400 [DEBUG] [org.gradle.internal.remote.internal.inet.InetAddresses] Is this a loopback interface? false
2024-10-01T11:12:53.788-0400 [DEBUG] [org.gradle.internal.remote.internal.inet.InetAddresses] Adding IP addresses for network interface Microsoft Wi-Fi Direct Virtual Adapter #2-QoS Packet Scheduler-0000
2024-10-01T11:12:53.789-0400 [DEBUG] [org.gradle.internal.remote.internal.inet.InetAddresses] Is this a loopback interface? false
2024-10-01T11:12:53.789-0400 [DEBUG] [org.gradle.internal.remote.internal.inet.InetAddresses] Adding IP addresses for network interface Microsoft Wi-Fi Direct Virtual Adapter #2-WFP 802.3 MAC Layer LightWeight Filter-0000
2024-10-01T11:12:53.791-0400 [DEBUG] [org.gradle.internal.remote.internal.inet.InetAddresses] Is this a loopback interface? false
2024-10-01T11:12:53.795-0400 [DEBUG] [org.gradle.internal.remote.internal.inet.TcpIncomingConnector] Listening on [606a9522-a89f-47ad-9f69-d1350e00d8a9 port:63719, addresses:[localhost/127.0.0.1]].
2024-10-01T11:12:53.801-0400 [DEBUG] [org.gradle.launcher.daemon.server.Daemon] Daemon starting at: Tue Oct 01 11:12:53 EDT 2024, with address: [606a9522-a89f-47ad-9f69-d1350e00d8a9 port:63719, addresses:[localhost/127.0.0.1]]
2024-10-01T11:12:53.802-0400 [INFO] [org.gradle.launcher.daemon.server.DaemonRegistryUpdater] Advertising the daemon address to the clients: [606a9522-a89f-47ad-9f69-d1350e00d8a9 port:63719, addresses:[localhost/127.0.0.1]]
2024-10-01T11:12:53.802-0400 [DEBUG] [org.gradle.launcher.daemon.server.DaemonRegistryUpdater] Advertised daemon context: DefaultDaemonContext[uid=b732a0e9-0c02-4769-a55d-d41ac31c965e,javaHome=C:\Program Files\Android\Android Studio\jbr,daemonRegistryDir=C:\Users\baray\AndroidStudioProjects\CIS3515_Activity_Activity\daemon,pid=28796,idleTimeout=10800000,priority=NORMAL,applyInstrumentationAgent=true,daemonOpts=--add-opens=java.base/java.util=ALL-UNNAMED,--add-opens=java.base/java.lang=ALL-UNNAMED,--add-opens=java.base/java.lang.invoke=ALL-UNNAMED,--add-opens=java.prefs/java.util.prefs=ALL-UNNAMED,--add-opens=java.base/java.nio.charset=ALL-UNNAMED,--add-opens=java.base/java.net=ALL-UNNAMED,--add-opens=java.base/java.util.concurrent.atomic=ALL-UNNAMED,-Xmx2048m,-Dfile.encoding=UTF-8,-Duser.country=US,-Duser.language=en,-Duser.variant]
2024-10-01T11:12:53.803-0400 [DEBUG] [org.gradle.launcher.daemon.registry.PersistentDaemonRegistry] Storing daemon address: [606a9522-a89f-47ad-9f69-d1350e00d8a9 port:63719, addresses:[localhost/127.0.0.1]], context: DefaultDaemonContext[uid=b732a0e9-0c02-4769-a55d-d41ac31c965e,javaHome=C:\Program Files\Android\Android Studio\jbr,daemonRegistryDir=C:\Users\baray\AndroidStudioProjects\CIS3515_Activity_Activity\daemon,pid=28796,idleTimeout=10800000,priority=NORMAL,applyInstrumentationAgent=true,daemonOpts=--add-opens=java.base/java.util=ALL-UNNAMED,--add-opens=java.base/java.lang=ALL-UNNAMED,--add-opens=java.base/java.lang.invoke=ALL-UNNAMED,--add-opens=java.prefs/java.util.prefs=ALL-UNNAMED,--add-opens=java.base/java.nio.charset=ALL-UNNAMED,--add-opens=java.base/java.net=ALL-UNNAMED,--add-opens=java.base/java.util.concurrent.atomic=ALL-UNNAMED,-Xmx2048m,-Dfile.encoding=UTF-8,-Duser.country=US,-Duser.language=en,-Duser.variant]
2024-10-01T11:12:53.813-0400 [DEBUG] [org.gradle.cache.internal.DefaultFileLockManager] Waiting to acquire exclusive lock on daemon addresses registry.
2024-10-01T11:12:53.816-0400 [DEBUG] [org.gradle.cache.internal.DefaultFileLockManager] Lock acquired on daemon addresses registry.
2024-10-01T11:12:53.820-0400 [DEBUG] [org.gradle.cache.internal.DefaultFileLockManager] Releasing lock on daemon addresses registry.
2024-10-01T11:12:53.820-0400 [LIFECYCLE] [org.gradle.launcher.daemon.server.Daemon] Daemon server started.
2024-10-01T11:12:53.821-0400 [DEBUG] [org.gradle.launcher.daemon.bootstrap.DaemonStartupCommunication] Completed writing the daemon greeting. Closing streams...
2024-10-01T11:12:53.825-0400 [DEBUG] [org.gradle.launcher.daemon.server.Daemon] stopOnExpiration() called on daemon
2024-10-01T11:12:53.826-0400 [DEBUG] [org.gradle.launcher.daemon.server.Daemon] awaitExpiration() called on daemon
2024-10-01T11:12:53.826-0400 [DEBUG] [org.gradle.launcher.daemon.server.DaemonStateCoordinator] daemon is running. Sleeping until state changes.
2024-10-01T11:12:53.834-0400 [DEBUG] [org.gradle.internal.remote.internal.inet.TcpIncomingConnector] Accepted connection from /127.0.0.1:63720 to /127.0.0.1:63719.
2024-10-01T11:12:53.911-0400 [DEBUG] [org.gradle.launcher.daemon.server.SynchronizedDispatchConnection] thread 22: received class org.gradle.launcher.daemon.protocol.Build
2024-10-01T11:12:53.912-0400 [DEBUG] [org.gradle.launcher.daemon.server.DefaultDaemonConnection] thread 22: Received non-IO message from client: Build{id=45f219ea-58b6-43bf-abc2-fb4475723408, currentDir=C:\Users\baray\AndroidStudioProjects\CIS3515_Activity_Activity}
2024-10-01T11:12:53.913-0400 [INFO] [org.gradle.launcher.daemon.server.DefaultIncomingConnectionHandler] Received command: Build{id=45f219ea-58b6-43bf-abc2-fb4475723408, currentDir=C:\Users\baray\AndroidStudioProjects\CIS3515_Activity_Activity}.
2024-10-01T11:12:53.913-0400 [DEBUG] [org.gradle.launcher.daemon.server.DefaultIncomingConnectionHandler] Starting executing command: Build{id=45f219ea-58b6-43bf-abc2-fb4475723408, currentDir=C:\Users\baray\AndroidStudioProjects\CIS3515_Activity_Activity} with connection: socket connection from /127.0.0.1:63719 to /127.0.0.1:63720.
2024-10-01T11:12:53.917-0400 [DEBUG] [org.gradle.launcher.daemon.server.DaemonStateCoordinator] Command execution: started DaemonCommandExecution[command = Build{id=45f219ea-58b6-43bf-abc2-fb4475723408, currentDir=C:\Users\baray\AndroidStudioProjects\CIS3515_Activity_Activity}, connection = DefaultDaemonConnection: socket connection from /127.0.0.1:63719 to /127.0.0.1:63720] after 0.0 minutes of idle
2024-10-01T11:12:53.918-0400 [INFO] [org.gradle.launcher.daemon.server.DaemonRegistryUpdater] Marking the daemon as busy, address: [606a9522-a89f-47ad-9f69-d1350e00d8a9 port:63719, addresses:[localhost/127.0.0.1]]
2024-10-01T11:12:53.918-0400 [DEBUG] [org.gradle.launcher.daemon.registry.PersistentDaemonRegistry] Marking busy by address: [606a9522-a89f-47ad-9f69-d1350e00d8a9 port:63719, addresses:[localhost/127.0.0.1]]
2024-10-01T11:12:53.920-0400 [DEBUG] [org.gradle.cache.internal.DefaultFileLockManager] Waiting to acquire exclusive lock on daemon addresses registry.
2024-10-01T11:12:53.922-0400 [DEBUG] [org.gradle.cache.internal.DefaultFileLockManager] Lock acquired on daemon addresses registry.
2024-10-01T11:12:53.924-0400 [DEBUG] [org.gradle.cache.internal.DefaultFileLockManager] Releasing lock on daemon addresses registry.
2024-10-01T11:12:53.925-0400 [DEBUG] [org.gradle.launcher.daemon.server.DaemonStateCoordinator] resetting idle timer
2024-10-01T11:12:53.925-0400 [DEBUG] [org.gradle.launcher.daemon.server.DaemonStateCoordinator] daemon is running. Sleeping until state changes.
2024-10-01T11:12:53.927-0400 [INFO] [org.gradle.launcher.daemon.server.exec.StartBuildOrRespondWithBusy] Daemon is about to start building Build{id=45f219ea-58b6-43bf-abc2-fb4475723408, currentDir=C:\Users\baray\AndroidStudioProjects\CIS3515_Activity_Activity}. Dispatching build started information...
2024-10-01T11:12:53.927-0400 [DEBUG] [org.gradle.launcher.daemon.server.SynchronizedDispatchConnection] thread 24: dispatching org.gradle.launcher.daemon.protocol.BuildStarted@5b5919ee
2024-10-01T11:12:53.930-0400 [DEBUG] [org.gradle.launcher.daemon.server.exec.EstablishBuildEnvironment] Configuring env variables: [USERDOMAIN_ROAMINGPROFILE, IGCCSVC_DB, LOCALAPPDATA, PROCESSOR_LEVEL, IntelliJ IDEA, USERDOMAIN, LOGONSERVER, SESSIONNAME, ALLUSERSPROFILE, PROCESSOR_ARCHITECTURE, ANDROID_HOME, PSModulePath, SystemDrive, OneDrive, PT8HOME, APPDATA, USERNAME, ProgramFiles(x86), CommonProgramFiles, Path, PATHEXT, DriverData, OS, OneDriveConsumer, COMPUTERNAME, PROCESSOR_REVISION, CommonProgramW6432, ComSpec, ProgramData, ProgramW6432, TEMP, HOMEPATH, SystemRoot, PROCESSOR_IDENTIFIER, HOMEDRIVE, USERPROFILE, TMP, CommonProgramFiles(x86), ProgramFiles, PUBLIC, windir, NUMBER_OF_PROCESSORS, =::, IDEA_INITIAL_DIRECTORY, ZES_ENABLE_SYSMAN]
2024-10-01T11:12:53.933-0400 [DEBUG] [org.gradle.launcher.daemon.server.SynchronizedDispatchConnection] thread 22: received class org.gradle.launcher.daemon.protocol.CloseInput
2024-10-01T11:12:53.933-0400 [DEBUG] [org.gradle.launcher.daemon.server.DefaultDaemonConnection] thread 22: Received IO message from client: org.gradle.launcher.daemon.protocol.CloseInput@6cc44eac
2024-10-01T11:12:53.939-0400 [DEBUG] [org.gradle.launcher.daemon.server.exec.LogToClient] About to start relaying all logs to the client via the connection.
2024-10-01T11:12:53.939-0400 [INFO] [org.gradle.launcher.daemon.server.exec.LogToClient] The client will now receive all logging from the daemon (pid: 28796). The daemon log file: C:\Users\baray\AndroidStudioProjects\CIS3515_Activity_Activity\daemon\8.7\daemon-28796.out.log
2024-10-01T11:12:53.942-0400 [INFO] [org.gradle.launcher.daemon.server.exec.LogAndCheckHealth] Starting build in new daemon [memory: 2 GiB]
2024-10-01T11:12:53.943-0400 [INFO] [org.gradle.launcher.daemon.server.exec.ForwardClientInput] Closing daemon's stdin at end of input.
2024-10-01T11:12:53.943-0400 [INFO] [org.gradle.launcher.daemon.server.exec.ForwardClientInput] The daemon will no longer process any standard input.
2024-10-01T11:12:53.944-0400 [DEBUG] [org.gradle.launcher.daemon.server.exec.ExecuteBuild] The daemon has started executing the build.
2024-10-01T11:12:53.944-0400 [DEBUG] [org.gradle.launcher.daemon.server.exec.ExecuteBuild] Executing build with daemon context: DefaultDaemonContext[uid=b732a0e9-0c02-4769-a55d-d41ac31c965e,javaHome=C:\Program Files\Android\Android Studio\jbr,daemonRegistryDir=C:\Users\baray\AndroidStudioProjects\CIS3515_Activity_Activity\daemon,pid=28796,idleTimeout=10800000,priority=NORMAL,applyInstrumentationAgent=true,daemonOpts=--add-opens=java.base/java.util=ALL-UNNAMED,--add-opens=java.base/java.lang=ALL-UNNAMED,--add-opens=java.base/java.lang.invoke=ALL-UNNAMED,--add-opens=java.prefs/java.util.prefs=ALL-UNNAMED,--add-opens=java.base/java.nio.charset=ALL-UNNAMED,--add-opens=java.base/java.net=ALL-UNNAMED,--add-opens=java.base/java.util.concurrent.atomic=ALL-UNNAMED,-Xmx2048m,-Dfile.encoding=UTF-8,-Duser.country=US,-Duser.language=en,-Duser.variant]

Deprecated Gradle features were used in this build, making it incompatible with Gradle 9.0.

You can use '--warning-mode all' to show the individual deprecation warnings and determine if they come from your own scripts or plugins.

For more on this, please refer to https://docs.gradle.org/8.7/userguide/command_line_interface.html#sec:command_line_warnings in the Gradle documentation.

BUILD SUCCESSFUL in 1m 57s
2024-10-01T11:14:47.086-0400 [DEBUG] [org.gradle.launcher.daemon.server.exec.ExecuteBuild] The daemon has finished executing the build.
2024-10-01T11:14:47.111-0400 [DEBUG] [org.gradle.launcher.daemon.server.DaemonStateCoordinator] daemon is running. Sleeping until state changes.
2024-10-01T11:14:47.112-0400 [DEBUG] [org.gradle.launcher.daemon.server.DaemonStateCoordinator] Command execution: finished waiting for DaemonCommandExecution[command = Build{id=45f219ea-58b6-43bf-abc2-fb4475723408, currentDir=C:\Users\baray\AndroidStudioProjects\CIS3515_Activity_Activity}, connection = DefaultDaemonConnection: socket connection from /127.0.0.1:63719 to /127.0.0.1:63720]. Result org.gradle.launcher.daemon.server.DaemonStateCoordinator@9269329 with state Busy
2024-10-01T11:14:47.132-0400 [DEBUG] [org.gradle.launcher.daemon.server.DaemonStateCoordinator] Command execution: completed DaemonCommandExecution[command = Build{id=45f219ea-58b6-43bf-abc2-fb4475723408, currentDir=C:\Users\baray\AndroidStudioProjects\CIS3515_Activity_Activity}, connection = DefaultDaemonConnection: socket connection from /127.0.0.1:63719 to /127.0.0.1:63720]
2024-10-01T11:14:47.132-0400 [DEBUG] [org.gradle.launcher.daemon.server.DaemonStateCoordinator] resetting idle timer
2024-10-01T11:14:47.133-0400 [INFO] [org.gradle.launcher.daemon.server.DaemonRegistryUpdater] Marking the daemon as idle, address: [606a9522-a89f-47ad-9f69-d1350e00d8a9 port:63719, addresses:[localhost/127.0.0.1]]
2024-10-01T11:14:47.133-0400 [DEBUG] [org.gradle.launcher.daemon.registry.PersistentDaemonRegistry] Marking busy by address: [606a9522-a89f-47ad-9f69-d1350e00d8a9 port:63719, addresses:[localhost/127.0.0.1]]
2024-10-01T11:14:47.137-0400 [DEBUG] [org.apache.http.impl.conn.PoolingHttpClientConnectionManager] Connection manager is shutting down
2024-10-01T11:14:47.138-0400 [DEBUG] [org.apache.http.impl.conn.DefaultManagedHttpClientConnection] http-outgoing-76: Close connection
2024-10-01T11:14:47.138-0400 [DEBUG] [org.gradle.cache.internal.DefaultFileLockManager] Waiting to acquire exclusive lock on daemon addresses registry.
2024-10-01T11:14:47.139-0400 [DEBUG] [org.apache.http.impl.conn.PoolingHttpClientConnectionManager] Connection manager shut down
2024-10-01T11:14:47.141-0400 [DEBUG] [org.apache.http.impl.conn.PoolingHttpClientConnectionManager] Connection manager is shutting down
2024-10-01T11:14:47.141-0400 [DEBUG] [org.apache.http.impl.conn.DefaultManagedHttpClientConnection] http-outgoing-94: Close connection
2024-10-01T11:14:47.142-0400 [DEBUG] [org.apache.http.impl.conn.PoolingHttpClientConnectionManager] Connection manager shut down
2024-10-01T11:14:47.143-0400 [DEBUG] [org.apache.http.impl.conn.PoolingHttpClientConnectionManager] Connection manager is shutting down
2024-10-01T11:14:47.143-0400 [DEBUG] [org.apache.http.impl.conn.DefaultManagedHttpClientConnection] http-outgoing-93: Close connection
2024-10-01T11:14:47.144-0400 [DEBUG] [org.apache.http.impl.conn.PoolingHttpClientConnectionManager] Connection manager shut down
2024-10-01T11:14:47.144-0400 [DEBUG] [org.apache.http.impl.conn.PoolingHttpClientConnectionManager] Connection manager is shutting down
2024-10-01T11:14:47.144-0400 [DEBUG] [org.apache.http.impl.conn.DefaultManagedHttpClientConnection] http-outgoing-91: Close connection
2024-10-01T11:14:47.145-0400 [DEBUG] [org.apache.http.impl.conn.PoolingHttpClientConnectionManager] Connection manager shut down
2024-10-01T11:14:47.146-0400 [DEBUG] [org.apache.http.impl.conn.PoolingHttpClientConnectionManager] Connection manager is shutting down
2024-10-01T11:14:47.146-0400 [DEBUG] [org.apache.http.impl.conn.DefaultManagedHttpClientConnection] http-outgoing-92: Close connection
2024-10-01T11:14:47.146-0400 [DEBUG] [org.apache.http.impl.conn.PoolingHttpClientConnectionManager] Connection manager shut down
2024-10-01T11:14:47.150-0400 [DEBUG] [org.apache.http.impl.conn.PoolingHttpClientConnectionManager] Connection manager is shutting down
2024-10-01T11:14:47.151-0400 [DEBUG] [org.apache.http.impl.conn.DefaultManagedHttpClientConnection] http-outgoing-79: Close connection
2024-10-01T11:14:47.151-0400 [DEBUG] [org.apache.http.impl.conn.PoolingHttpClientConnectionManager] Connection manager shut down
2024-10-01T11:14:47.151-0400 [DEBUG] [org.apache.http.impl.conn.PoolingHttpClientConnectionManager] Connection manager is shutting down
2024-10-01T11:14:47.151-0400 [DEBUG] [org.apache.http.impl.conn.DefaultManagedHttpClientConnection] http-outgoing-77: Close connection
2024-10-01T11:14:47.152-0400 [DEBUG] [org.apache.http.impl.conn.PoolingHttpClientConnectionManager] Connection manager shut down
2024-10-01T11:14:47.152-0400 [DEBUG] [org.apache.http.impl.conn.PoolingHttpClientConnectionManager] Connection manager is shutting down
2024-10-01T11:14:47.152-0400 [DEBUG] [org.apache.http.impl.conn.DefaultManagedHttpClientConnection] http-outgoing-80: Close connection
2024-10-01T11:14:47.152-0400 [DEBUG] [org.apache.http.impl.conn.DefaultManagedHttpClientConnection] http-outgoing-88: Close connection
2024-10-01T11:14:47.153-0400 [DEBUG] [org.apache.http.impl.conn.DefaultManagedHttpClientConnection] http-outgoing-84: Close connection
2024-10-01T11:14:47.153-0400 [DEBUG] [org.apache.http.impl.conn.DefaultManagedHttpClientConnection] http-outgoing-81: Close connection
2024-10-01T11:14:47.153-0400 [DEBUG] [org.apache.http.impl.conn.DefaultManagedHttpClientConnection] http-outgoing-90: Close connection
2024-10-01T11:14:47.153-0400 [DEBUG] [org.apache.http.impl.conn.DefaultManagedHttpClientConnection] http-outgoing-85: Close connection
2024-10-01T11:14:47.153-0400 [DEBUG] [org.apache.http.impl.conn.DefaultManagedHttpClientConnection] http-outgoing-83: Close connection
2024-10-01T11:14:47.153-0400 [DEBUG] [org.apache.http.impl.conn.DefaultManagedHttpClientConnection] http-outgoing-87: Close connection
2024-10-01T11:14:47.154-0400 [DEBUG] [org.apache.http.impl.conn.DefaultManagedHttpClientConnection] http-outgoing-78: Close connection
2024-10-01T11:14:47.154-0400 [DEBUG] [org.apache.http.impl.conn.DefaultManagedHttpClientConnection] http-outgoing-89: Close connection
2024-10-01T11:14:47.154-0400 [DEBUG] [org.apache.http.impl.conn.DefaultManagedHttpClientConnection] http-outgoing-86: Close connection
2024-10-01T11:14:47.154-0400 [DEBUG] [org.apache.http.impl.conn.DefaultManagedHttpClientConnection] http-outgoing-82: Close connection
2024-10-01T11:14:47.154-0400 [DEBUG] [org.apache.http.impl.conn.PoolingHttpClientConnectionManager] Connection manager shut down
2024-10-01T11:14:47.162-0400 [DEBUG] [org.gradle.cache.internal.DefaultFileLockManager] Lock acquired on daemon addresses registry.
2024-10-01T11:14:47.166-0400 [DEBUG] [org.gradle.cache.internal.DefaultFileLockManager] Releasing lock on daemon addresses registry.
2024-10-01T11:14:47.167-0400 [DEBUG] [org.gradle.launcher.daemon.server.DaemonStateCoordinator] daemon is running. Sleeping until state changes.
2024-10-01T11:14:47.168-0400 [DEBUG] [org.gradle.launcher.daemon.server.exec.ReturnResult] Daemon is dispatching the build result: Success[value=org.gradle.launcher.exec.BuildActionResult@199265e9]
2024-10-01T11:14:47.168-0400 [DEBUG] [org.gradle.launcher.daemon.server.SynchronizedDispatchConnection] thread 21: dispatching Success[value=org.gradle.launcher.exec.BuildActionResult@199265e9]
2024-10-01T11:14:47.172-0400 [DEBUG] [org.gradle.launcher.daemon.server.SynchronizedDispatchConnection] thread 22: received class org.gradle.launcher.daemon.protocol.Finished
2024-10-01T11:14:47.173-0400 [DEBUG] [org.gradle.launcher.daemon.server.DefaultDaemonConnection] thread 22: Received non-IO message from client: org.gradle.launcher.daemon.protocol.Finished@24ec8826
2024-10-01T11:14:47.174-0400 [DEBUG] [org.gradle.internal.remote.internal.inet.SocketConnection] Discarding EOFException: java.io.EOFException
2024-10-01T11:14:47.174-0400 [DEBUG] [org.gradle.launcher.daemon.server.SynchronizedDispatchConnection] thread 22: received null
2024-10-01T11:14:47.175-0400 [DEBUG] [org.gradle.launcher.daemon.server.DefaultDaemonConnection] thread 22: Received end-of-input from client.
2024-10-01T11:14:47.196-0400 [DEBUG] [org.gradle.launcher.daemon.server.DefaultIncomingConnectionHandler] Finishing executing command: Build{id=45f219ea-58b6-43bf-abc2-fb4475723408, currentDir=C:\Users\baray\AndroidStudioProjects\CIS3515_Activity_Activity}
2024-10-01T11:14:47.196-0400 [WARN] [org.gradle.launcher.daemon.server.DefaultIncomingConnectionHandler] Timed out waiting for finished message from client socket connection from /127.0.0.1:63719 to /127.0.0.1:63720. Discarding connection.
2024-10-01T11:14:47.197-0400 [DEBUG] [org.gradle.launcher.daemon.server.SynchronizedDispatchConnection] thread 21: stopping connection
2024-10-01T11:14:47.198-0400 [DEBUG] [org.gradle.launcher.daemon.server.exec.CleanUpVirtualFileSystemAfterBuild] Cleaning virtual file system after build finished
2024-10-01T11:14:47.199-0400 [DEBUG] [org.gradle.launcher.daemon.server.SynchronizedDispatchConnection] thread 21: stopping connection
2024-10-01T11:14:53.831-0400 [DEBUG] [org.gradle.cache.internal.DefaultFileLockManager] Waiting to acquire shared lock on daemon addresses registry.
2024-10-01T11:14:53.831-0400 [DEBUG] [org.gradle.cache.internal.DefaultFileLockManager] Lock acquired on daemon addresses registry.
2024-10-01T11:14:53.832-0400 [DEBUG] [org.gradle.cache.internal.DefaultFileLockManager] Releasing lock on daemon addresses registry.
2024-10-01T11:14:53.835-0400 [DEBUG] [org.gradle.cache.internal.DefaultFileLockManager] Waiting to acquire shared lock on daemon addresses registry.
2024-10-01T11:14:53.835-0400 [DEBUG] [org.gradle.cache.internal.DefaultFileLockManager] Lock acquired on daemon addresses registry.
2024-10-01T11:14:53.836-0400 [DEBUG] [org.gradle.cache.internal.DefaultFileLockManager] Releasing lock on daemon addresses registry.
2024-10-01T11:15:03.835-0400 [DEBUG] [org.gradle.cache.internal.DefaultFileLockManager] Waiting to acquire shared lock on daemon addresses registry.
2024-10-01T11:15:03.836-0400 [DEBUG] [org.gradle.cache.internal.DefaultFileLockManager] Lock acquired on daemon addresses registry.
2024-10-01T11:15:03.836-0400 [DEBUG] [org.gradle.cache.internal.DefaultFileLockManager] Releasing lock on daemon addresses registry.
2024-10-01T11:15:03.840-0400 [DEBUG] [org.gradle.cache.internal.DefaultFileLockManager] Waiting to acquire shared lock on daemon addresses registry.
2024-10-01T11:15:03.840-0400 [DEBUG] [org.gradle.cache.internal.DefaultFileLockManager] Lock acquired on daemon addresses registry.
2024-10-01T11:15:03.841-0400 [DEBUG] [org.gradle.cache.internal.DefaultFileLockManager] Releasing lock on daemon addresses registry.
2024-10-01T11:15:03.853-0400 [DEBUG] [org.gradle.cache.internal.DefaultFileLockManager] Waiting to acquire shared lock on daemon addresses registry.
2024-10-01T11:15:03.854-0400 [DEBUG] [org.gradle.cache.internal.DefaultFileLockManager] Lock acquired on daemon addresses registry.
2024-10-01T11:15:03.855-0400 [DEBUG] [org.gradle.cache.internal.DefaultFileLockManager] Releasing lock on daemon addresses registry.
2024-10-01T11:15:13.832-0400 [DEBUG] [org.gradle.cache.internal.DefaultFileLockManager] Waiting to acquire shared lock on daemon addresses registry.
2024-10-01T11:15:13.833-0400 [DEBUG] [org.gradle.cache.internal.DefaultFileLockManager] Lock acquired on daemon addresses registry.
2024-10-01T11:15:13.834-0400 [DEBUG] [org.gradle.cache.internal.DefaultFileLockManager] Releasing lock on daemon addresses registry.
2024-10-01T11:15:13.836-0400 [DEBUG] [org.gradle.cache.internal.DefaultFileLockManager] Waiting to acquire shared lock on daemon addresses registry.
2024-10-01T11:15:13.837-0400 [DEBUG] [org.gradle.cache.internal.DefaultFileLockManager] Lock acquired on daemon addresses registry.
2024-10-01T11:15:13.838-0400 [DEBUG] [org.gradle.cache.internal.DefaultFileLockManager] Releasing lock on daemon addresses registry.
2024-10-01T11:15:13.841-0400 [DEBUG] [org.gradle.cache.internal.DefaultFileLockManager] Waiting to acquire shared lock on daemon addresses registry.
2024-10-01T11:15:13.842-0400 [DEBUG] [org.gradle.cache.internal.DefaultFileLockManager] Lock acquired on daemon addresses registry.
2024-10-01T11:15:13.843-0400 [DEBUG] [org.gradle.cache.internal.DefaultFileLockManager] Releasing lock on daemon addresses registry.
2024-10-01T11:15:23.833-0400 [DEBUG] [org.gradle.cache.internal.DefaultFileLockManager] Waiting to acquire shared lock on daemon addresses registry.
2024-10-01T11:15:23.833-0400 [DEBUG] [org.gradle.cache.internal.DefaultFileLockManager] Lock acquired on daemon addresses registry.
2024-10-01T11:15:23.834-0400 [DEBUG] [org.gradle.cache.internal.DefaultFileLockManager] Releasing lock on daemon addresses registry.
2024-10-01T11:15:23.836-0400 [DEBUG] [org.gradle.cache.internal.DefaultFileLockManager] Waiting to acquire shared lock on daemon addresses registry.
2024-10-01T11:15:23.837-0400 [DEBUG] [org.gradle.cache.internal.DefaultFileLockManager] Lock acquired on daemon addresses registry.
2024-10-01T11:15:23.837-0400 [DEBUG] [org.gradle.cache.internal.DefaultFileLockManager] Releasing lock on daemon addresses registry.
2024-10-01T11:15:23.839-0400 [DEBUG] [org.gradle.cache.internal.DefaultFileLockManager] Waiting to acquire shared lock on daemon addresses registry.
2024-10-01T11:15:23.840-0400 [DEBUG] [org.gradle.cache.internal.DefaultFileLockManager] Lock acquired on daemon addresses registry.
2024-10-01T11:15:23.841-0400 [DEBUG] [org.gradle.cache.internal.DefaultFileLockManager] Releasing lock on daemon addresses registry.
2024-10-01T11:15:33.831-0400 [DEBUG] [org.gradle.cache.internal.DefaultFileLockManager] Waiting to acquire shared lock on daemon addresses registry.
2024-10-01T11:15:33.832-0400 [DEBUG] [org.gradle.cache.internal.DefaultFileLockManager] Lock acquired on daemon addresses registry.
2024-10-01T11:15:33.833-0400 [DEBUG] [org.gradle.cache.internal.DefaultFileLockManager] Releasing lock on daemon addresses registry.
2024-10-01T11:15:33.835-0400 [DEBUG] [org.gradle.cache.internal.DefaultFileLockManager] Waiting to acquire shared lock on daemon addresses registry.
2024-10-01T11:15:33.836-0400 [DEBUG] [org.gradle.cache.internal.DefaultFileLockManager] Lock acquired on daemon addresses registry.
2024-10-01T11:15:33.836-0400 [DEBUG] [org.gradle.cache.internal.DefaultFileLockManager] Releasing lock on daemon addresses registry.
2024-10-01T11:15:33.838-0400 [DEBUG] [org.gradle.cache.internal.DefaultFileLockManager] Waiting to acquire shared lock on daemon addresses registry.
2024-10-01T11:15:33.839-0400 [DEBUG] [org.gradle.cache.internal.DefaultFileLockManager] Lock acquired on daemon addresses registry.
2024-10-01T11:15:33.839-0400 [DEBUG] [org.gradle.cache.internal.DefaultFileLockManager] Releasing lock on daemon addresses registry.
2024-10-01T11:15:43.835-0400 [DEBUG] [org.gradle.cache.internal.DefaultFileLockManager] Waiting to acquire shared lock on daemon addresses registry.
2024-10-01T11:15:43.835-0400 [DEBUG] [org.gradle.cache.internal.DefaultFileLockManager] Lock acquired on daemon addresses registry.
2024-10-01T11:15:43.836-0400 [DEBUG] [org.gradle.cache.internal.DefaultFileLockManager] Releasing lock on daemon addresses registry.
2024-10-01T11:15:43.838-0400 [DEBUG] [org.gradle.cache.internal.DefaultFileLockManager] Waiting to acquire shared lock on daemon addresses registry.
2024-10-01T11:15:43.838-0400 [DEBUG] [org.gradle.cache.internal.DefaultFileLockManager] Lock acquired on daemon addresses registry.
2024-10-01T11:15:43.838-0400 [DEBUG] [org.gradle.cache.internal.DefaultFileLockManager] Releasing lock on daemon addresses registry.
2024-10-01T11:15:43.840-0400 [DEBUG] [org.gradle.cache.internal.DefaultFileLockManager] Waiting to acquire shared lock on daemon addresses registry.
2024-10-01T11:15:43.840-0400 [DEBUG] [org.gradle.cache.internal.DefaultFileLockManager] Lock acquired on daemon addresses registry.
2024-10-01T11:15:43.841-0400 [DEBUG] [org.gradle.cache.internal.DefaultFileLockManager] Releasing lock on daemon addresses registry.
2024-10-01T11:15:53.837-0400 [DEBUG] [org.gradle.cache.internal.DefaultFileLockManager] Waiting to acquire shared lock on daemon addresses registry.
2024-10-01T11:15:53.838-0400 [DEBUG] [org.gradle.cache.internal.DefaultFileLockManager] Lock acquired on daemon addresses registry.
2024-10-01T11:15:53.839-0400 [DEBUG] [org.gradle.cache.internal.DefaultFileLockManager] Releasing lock on daemon addresses registry.
2024-10-01T11:15:53.841-0400 [DEBUG] [org.gradle.cache.internal.DefaultFileLockManager] Waiting to acquire shared lock on daemon addresses registry.
2024-10-01T11:15:53.842-0400 [DEBUG] [org.gradle.cache.internal.DefaultFileLockManager] Lock acquired on daemon addresses registry.
2024-10-01T11:15:53.842-0400 [DEBUG] [org.gradle.cache.internal.DefaultFileLockManager] Releasing lock on daemon addresses registry.
2024-10-01T11:15:53.844-0400 [DEBUG] [org.gradle.cache.internal.DefaultFileLockManager] Waiting to acquire shared lock on daemon addresses registry.
2024-10-01T11:15:53.844-0400 [DEBUG] [org.gradle.cache.internal.DefaultFileLockManager] Lock acquired on daemon addresses registry.
2024-10-01T11:15:53.845-0400 [DEBUG] [org.gradle.cache.internal.DefaultFileLockManager] Releasing lock on daemon addresses registry.
2024-10-01T11:16:03.842-0400 [DEBUG] [org.gradle.cache.internal.DefaultFileLockManager] Waiting to acquire shared lock on daemon addresses registry.
2024-10-01T11:16:03.842-0400 [DEBUG] [org.gradle.cache.internal.DefaultFileLockManager] Lock acquired on daemon addresses registry.
2024-10-01T11:16:03.843-0400 [DEBUG] [org.gradle.cache.internal.DefaultFileLockManager] Releasing lock on daemon addresses registry.
2024-10-01T11:16:03.844-0400 [DEBUG] [org.gradle.cache.internal.DefaultFileLockManager] Waiting to acquire shared lock on daemon addresses registry.
2024-10-01T11:16:03.844-0400 [DEBUG] [org.gradle.cache.internal.DefaultFileLockManager] Lock acquired on daemon addresses registry.
2024-10-01T11:16:03.844-0400 [DEBUG] [org.gradle.cache.internal.DefaultFileLockManager] Releasing lock on daemon addresses registry.
2024-10-01T11:16:03.845-0400 [DEBUG] [org.gradle.cache.internal.DefaultFileLockManager] Waiting to acquire shared lock on daemon addresses registry.
2024-10-01T11:16:03.846-0400 [DEBUG] [org.gradle.cache.internal.DefaultFileLockManager] Lock acquired on daemon addresses registry.
2024-10-01T11:16:03.846-0400 [DEBUG] [org.gradle.cache.internal.DefaultFileLockManager] Releasing lock on daemon addresses registry.
2024-10-01T11:16:13.837-0400 [DEBUG] [org.gradle.cache.internal.DefaultFileLockManager] Waiting to acquire shared lock on daemon addresses registry.
2024-10-01T11:16:13.838-0400 [DEBUG] [org.gradle.cache.internal.DefaultFileLockManager] Lock acquired on daemon addresses registry.
2024-10-01T11:16:13.839-0400 [DEBUG] [org.gradle.cache.internal.DefaultFileLockManager] Releasing lock on daemon addresses registry.
2024-10-01T11:16:13.841-0400 [DEBUG] [org.gradle.cache.internal.DefaultFileLockManager] Waiting to acquire shared lock on daemon addresses registry.
2024-10-01T11:16:13.841-0400 [DEBUG] [org.gradle.cache.internal.DefaultFileLockManager] Lock acquired on daemon addresses registry.
2024-10-01T11:16:13.842-0400 [DEBUG] [org.gradle.cache.internal.DefaultFileLockManager] Releasing lock on daemon addresses registry.
2024-10-01T11:16:13.843-0400 [DEBUG] [org.gradle.cache.internal.DefaultFileLockManager] Waiting to acquire shared lock on daemon addresses registry.
2024-10-01T11:16:13.844-0400 [DEBUG] [org.gradle.cache.internal.DefaultFileLockManager] Lock acquired on daemon addresses registry.
2024-10-01T11:16:13.844-0400 [DEBUG] [org.gradle.cache.internal.DefaultFileLockManager] Releasing lock on daemon addresses registry.
2024-10-01T11:16:23.836-0400 [DEBUG] [org.gradle.cache.internal.DefaultFileLockManager] Waiting to acquire shared lock on daemon addresses registry.
2024-10-01T11:16:23.837-0400 [DEBUG] [org.gradle.cache.internal.DefaultFileLockManager] Lock acquired on daemon addresses registry.
2024-10-01T11:16:23.837-0400 [DEBUG] [org.gradle.cache.internal.DefaultFileLockManager] Releasing lock on daemon addresses registry.
2024-10-01T11:16:23.839-0400 [DEBUG] [org.gradle.cache.internal.DefaultFileLockManager] Waiting to acquire shared lock on daemon addresses registry.
2024-10-01T11:16:23.840-0400 [DEBUG] [org.gradle.cache.internal.DefaultFileLockManager] Lock acquired on daemon addresses registry.
2024-10-01T11:16:23.840-0400 [DEBUG] [org.gradle.cache.internal.DefaultFileLockManager] Releasing lock on daemon addresses registry.
2024-10-01T11:16:23.842-0400 [DEBUG] [org.gradle.cache.internal.DefaultFileLockManager] Waiting to acquire shared lock on daemon addresses registry.
2024-10-01T11:16:23.842-0400 [DEBUG] [org.gradle.cache.internal.DefaultFileLockManager] Lock acquired on daemon addresses registry.
2024-10-01T11:16:23.843-0400 [DEBUG] [org.gradle.cache.internal.DefaultFileLockManager] Releasing lock on daemon addresses registry.
2024-10-01T11:16:33.835-0400 [DEBUG] [org.gradle.cache.internal.DefaultFileLockManager] Waiting to acquire shared lock on daemon addresses registry.
2024-10-01T11:16:33.836-0400 [DEBUG] [org.gradle.cache.internal.DefaultFileLockManager] Lock acquired on daemon addresses registry.
2024-10-01T11:16:33.836-0400 [DEBUG] [org.gradle.cache.internal.DefaultFileLockManager] Releasing lock on daemon addresses registry.
2024-10-01T11:16:33.838-0400 [DEBUG] [org.gradle.cache.internal.DefaultFileLockManager] Waiting to acquire shared lock on daemon addresses registry.
2024-10-01T11:16:33.839-0400 [DEBUG] [org.gradle.cache.internal.DefaultFileLockManager] Lock acquired on daemon addresses registry.
2024-10-01T11:16:33.839-0400 [DEBUG] [org.gradle.cache.internal.DefaultFileLockManager] Releasing lock on daemon addresses registry.
2024-10-01T11:16:33.841-0400 [DEBUG] [org.gradle.cache.internal.DefaultFileLockManager] Waiting to acquire shared lock on daemon addresses registry.
2024-10-01T11:16:33.841-0400 [DEBUG] [org.gradle.cache.internal.DefaultFileLockManager] Lock acquired on daemon addresses registry.
2024-10-01T11:16:33.842-0400 [DEBUG] [org.gradle.cache.internal.DefaultFileLockManager] Releasing lock on daemon addresses registry.
2024-10-01T11:16:43.830-0400 [DEBUG] [org.gradle.cache.internal.DefaultFileLockManager] Waiting to acquire shared lock on daemon addresses registry.
2024-10-01T11:16:43.830-0400 [DEBUG] [org.gradle.cache.internal.DefaultFileLockManager] Lock acquired on daemon addresses registry.
2024-10-01T11:16:43.831-0400 [DEBUG] [org.gradle.cache.internal.DefaultFileLockManager] Releasing lock on daemon addresses registry.
2024-10-01T11:16:43.834-0400 [DEBUG] [org.gradle.cache.internal.DefaultFileLockManager] Waiting to acquire shared lock on daemon addresses registry.
2024-10-01T11:16:43.834-0400 [DEBUG] [org.gradle.cache.internal.DefaultFileLockManager] Lock acquired on daemon addresses registry.
2024-10-01T11:16:43.835-0400 [DEBUG] [org.gradle.cache.internal.DefaultFileLockManager] Releasing lock on daemon addresses registry.
2024-10-01T11:16:43.837-0400 [DEBUG] [org.gradle.cache.internal.DefaultFileLockManager] Waiting to acquire shared lock on daemon addresses registry.
2024-10-01T11:16:43.837-0400 [DEBUG] [org.gradle.cache.internal.DefaultFileLockManager] Lock acquired on daemon addresses registry.
2024-10-01T11:16:43.837-0400 [DEBUG] [org.gradle.cache.internal.DefaultFileLockManager] Releasing lock on daemon addresses registry.
2024-10-01T11:16:53.834-0400 [DEBUG] [org.gradle.cache.internal.DefaultFileLockManager] Waiting to acquire shared lock on daemon addresses registry.
2024-10-01T11:16:53.835-0400 [DEBUG] [org.gradle.cache.internal.DefaultFileLockManager] Lock acquired on daemon addresses registry.
2024-10-01T11:16:53.836-0400 [DEBUG] [org.gradle.cache.internal.DefaultFileLockManager] Releasing lock on daemon addresses registry.
2024-10-01T11:16:53.838-0400 [DEBUG] [org.gradle.cache.internal.DefaultFileLockManager] Waiting to acquire shared lock on daemon addresses registry.
2024-10-01T11:16:53.839-0400 [DEBUG] [org.gradle.cache.internal.DefaultFileLockManager] Lock acquired on daemon addresses registry.
2024-10-01T11:16:53.839-0400 [DEBUG] [org.gradle.cache.internal.DefaultFileLockManager] Releasing lock on daemon addresses registry.
2024-10-01T11:16:53.841-0400 [DEBUG] [org.gradle.cache.internal.DefaultFileLockManager] Waiting to acquire shared lock on daemon addresses registry.
2024-10-01T11:16:53.842-0400 [DEBUG] [org.gradle.cache.internal.DefaultFileLockManager] Lock acquired on daemon addresses registry.
2024-10-01T11:16:53.842-0400 [DEBUG] [org.gradle.cache.internal.DefaultFileLockManager] Releasing lock on daemon addresses registry.
2024-10-01T11:17:03.845-0400 [DEBUG] [org.gradle.cache.internal.DefaultFileLockManager] Waiting to acquire shared lock on daemon addresses registry.
2024-10-01T11:17:03.845-0400 [DEBUG] [org.gradle.cache.internal.DefaultFileLockManager] Lock acquired on daemon addresses registry.
2024-10-01T11:17:03.846-0400 [DEBUG] [org.gradle.cache.internal.DefaultFileLockManager] Releasing lock on daemon addresses registry.
2024-10-01T11:17:03.848-0400 [DEBUG] [org.gradle.cache.internal.DefaultFileLockManager] Waiting to acquire shared lock on daemon addresses registry.
2024-10-01T11:17:03.848-0400 [DEBUG] [org.gradle.cache.internal.DefaultFileLockManager] Lock acquired on daemon addresses registry.
2024-10-01T11:17:03.849-0400 [DEBUG] [org.gradle.cache.internal.DefaultFileLockManager] Releasing lock on daemon addresses registry.
2024-10-01T11:17:03.853-0400 [DEBUG] [org.gradle.cache.internal.DefaultFileLockManager] Waiting to acquire shared lock on daemon addresses registry.
2024-10-01T11:17:03.853-0400 [DEBUG] [org.gradle.cache.internal.DefaultFileLockManager] Lock acquired on daemon addresses registry.
2024-10-01T11:17:03.854-0400 [DEBUG] [org.gradle.cache.internal.DefaultFileLockManager] Releasing lock on daemon addresses registry.
2024-10-01T11:17:13.835-0400 [DEBUG] [org.gradle.cache.internal.DefaultFileLockManager] Waiting to acquire shared lock on daemon addresses registry.
2024-10-01T11:17:13.836-0400 [DEBUG] [org.gradle.cache.internal.DefaultFileLockManager] Lock acquired on daemon addresses registry.
2024-10-01T11:17:13.837-0400 [DEBUG] [org.gradle.cache.internal.DefaultFileLockManager] Releasing lock on daemon addresses registry.
2024-10-01T11:17:13.839-0400 [DEBUG] [org.gradle.cache.internal.DefaultFileLockManager] Waiting to acquire shared lock on daemon addresses registry.
2024-10-01T11:17:13.840-0400 [DEBUG] [org.gradle.cache.internal.DefaultFileLockManager] Lock acquired on daemon addresses registry.
2024-10-01T11:17:13.840-0400 [DEBUG] [org.gradle.cache.internal.DefaultFileLockManager] Releasing lock on daemon addresses registry.
2024-10-01T11:17:13.842-0400 [DEBUG] [org.gradle.cache.internal.DefaultFileLockManager] Waiting to acquire shared lock on daemon addresses registry.
2024-10-01T11:17:13.842-0400 [DEBUG] [org.gradle.cache.internal.DefaultFileLockManager] Lock acquired on daemon addresses registry.
2024-10-01T11:17:13.843-0400 [DEBUG] [org.gradle.cache.internal.DefaultFileLockManager] Releasing lock on daemon addresses registry.
2024-10-01T11:17:23.837-0400 [DEBUG] [org.gradle.cache.internal.DefaultFileLockManager] Waiting to acquire shared lock on daemon addresses registry.
2024-10-01T11:17:23.838-0400 [DEBUG] [org.gradle.cache.internal.DefaultFileLockManager] Lock acquired on daemon addresses registry.
2024-10-01T11:17:23.838-0400 [DEBUG] [org.gradle.cache.internal.DefaultFileLockManager] Releasing lock on daemon addresses registry.
2024-10-01T11:17:23.840-0400 [DEBUG] [org.gradle.cache.internal.DefaultFileLockManager] Waiting to acquire shared lock on daemon addresses registry.
2024-10-01T11:17:23.841-0400 [DEBUG] [org.gradle.cache.internal.DefaultFileLockManager] Lock acquired on daemon addresses registry.
2024-10-01T11:17:23.841-0400 [DEBUG] [org.gradle.cache.internal.DefaultFileLockManager] Releasing lock on daemon addresses registry.
2024-10-01T11:17:23.843-0400 [DEBUG] [org.gradle.cache.internal.DefaultFileLockManager] Waiting to acquire shared lock on daemon addresses registry.
2024-10-01T11:17:23.843-0400 [DEBUG] [org.gradle.cache.internal.DefaultFileLockManager] Lock acquired on daemon addresses registry.
2024-10-01T11:17:23.844-0400 [DEBUG] [org.gradle.cache.internal.DefaultFileLockManager] Releasing lock on daemon addresses registry.
2024-10-01T11:17:33.841-0400 [DEBUG] [org.gradle.cache.internal.DefaultFileLockManager] Waiting to acquire shared lock on daemon addresses registry.
2024-10-01T11:17:33.841-0400 [DEBUG] [org.gradle.cache.internal.DefaultFileLockManager] Lock acquired on daemon addresses registry.
2024-10-01T11:17:33.841-0400 [DEBUG] [org.gradle.cache.internal.DefaultFileLockManager] Releasing lock on daemon addresses registry.
2024-10-01T11:17:33.843-0400 [DEBUG] [org.gradle.cache.internal.DefaultFileLockManager] Waiting to acquire shared lock on daemon addresses registry.
2024-10-01T11:17:33.843-0400 [DEBUG] [org.gradle.cache.internal.DefaultFileLockManager] Lock acquired on daemon addresses registry.
2024-10-01T11:17:33.844-0400 [DEBUG] [org.gradle.cache.internal.DefaultFileLockManager] Releasing lock on daemon addresses registry.
2024-10-01T11:17:33.845-0400 [DEBUG] [org.gradle.cache.internal.DefaultFileLockManager] Waiting to acquire shared lock on daemon addresses registry.
2024-10-01T11:17:33.845-0400 [DEBUG] [org.gradle.cache.internal.DefaultFileLockManager] Lock acquired on daemon addresses registry.
2024-10-01T11:17:33.846-0400 [DEBUG] [org.gradle.cache.internal.DefaultFileLockManager] Releasing lock on daemon addresses registry.
2024-10-01T11:17:43.828-0400 [DEBUG] [org.gradle.cache.internal.DefaultFileLockManager] Waiting to acquire shared lock on daemon addresses registry.
2024-10-01T11:17:43.828-0400 [DEBUG] [org.gradle.cache.internal.DefaultFileLockManager] Lock acquired on daemon addresses registry.
2024-10-01T11:17:43.828-0400 [DEBUG] [org.gradle.cache.internal.DefaultFileLockManager] Releasing lock on daemon addresses registry.
2024-10-01T11:17:43.830-0400 [DEBUG] [org.gradle.cache.internal.DefaultFileLockManager] Waiting to acquire shared lock on daemon addresses registry.
2024-10-01T11:17:43.830-0400 [DEBUG] [org.gradle.cache.internal.DefaultFileLockManager] Lock acquired on daemon addresses registry.
2024-10-01T11:17:43.830-0400 [DEBUG] [org.gradle.cache.internal.DefaultFileLockManager] Releasing lock on daemon addresses registry.
2024-10-01T11:17:43.832-0400 [DEBUG] [org.gradle.cache.internal.DefaultFileLockManager] Waiting to acquire shared lock on daemon addresses registry.
2024-10-01T11:17:43.832-0400 [DEBUG] [org.gradle.cache.internal.DefaultFileLockManager] Lock acquired on daemon addresses registry.
2024-10-01T11:17:43.832-0400 [DEBUG] [org.gradle.cache.internal.DefaultFileLockManager] Releasing lock on daemon addresses registry.
2024-10-01T11:17:53.833-0400 [DEBUG] [org.gradle.cache.internal.DefaultFileLockManager] Waiting to acquire shared lock on daemon addresses registry.
2024-10-01T11:17:53.834-0400 [DEBUG] [org.gradle.cache.internal.DefaultFileLockManager] Lock acquired on daemon addresses registry.
2024-10-01T11:17:53.834-0400 [DEBUG] [org.gradle.cache.internal.DefaultFileLockManager] Releasing lock on daemon addresses registry.
2024-10-01T11:17:53.836-0400 [DEBUG] [org.gradle.cache.internal.DefaultFileLockManager] Waiting to acquire shared lock on daemon addresses registry.
2024-10-01T11:17:53.836-0400 [DEBUG] [org.gradle.cache.internal.DefaultFileLockManager] Lock acquired on daemon addresses registry.
2024-10-01T11:17:53.836-0400 [DEBUG] [org.gradle.cache.internal.DefaultFileLockManager] Releasing lock on daemon addresses registry.
2024-10-01T11:17:53.838-0400 [DEBUG] [org.gradle.cache.internal.DefaultFileLockManager] Waiting to acquire shared lock on daemon addresses registry.
2024-10-01T11:17:53.838-0400 [DEBUG] [org.gradle.cache.internal.DefaultFileLockManager] Lock acquired on daemon addresses registry.
2024-10-01T11:17:53.838-0400 [DEBUG] [org.gradle.cache.internal.DefaultFileLockManager] Releasing lock on daemon addresses registry.
2024-10-01T11:18:03.835-0400 [DEBUG] [org.gradle.cache.internal.DefaultFileLockManager] Waiting to acquire shared lock on daemon addresses registry.
2024-10-01T11:18:03.836-0400 [DEBUG] [org.gradle.cache.internal.DefaultFileLockManager] Lock acquired on daemon addresses registry.
2024-10-01T11:18:03.836-0400 [DEBUG] [org.gradle.cache.internal.DefaultFileLockManager] Releasing lock on daemon addresses registry.
2024-10-01T11:18:03.838-0400 [DEBUG] [org.gradle.cache.internal.DefaultFileLockManager] Waiting to acquire shared lock on daemon addresses registry.
2024-10-01T11:18:03.839-0400 [DEBUG] [org.gradle.cache.internal.DefaultFileLockManager] Lock acquired on daemon addresses registry.
2024-10-01T11:18:03.839-0400 [DEBUG] [org.gradle.cache.internal.DefaultFileLockManager] Releasing lock on daemon addresses registry.
2024-10-01T11:18:03.841-0400 [DEBUG] [org.gradle.cache.internal.DefaultFileLockManager] Waiting to acquire shared lock on daemon addresses registry.
2024-10-01T11:18:03.841-0400 [DEBUG] [org.gradle.cache.internal.DefaultFileLockManager] Lock acquired on daemon addresses registry.
2024-10-01T11:18:03.842-0400 [DEBUG] [org.gradle.cache.internal.DefaultFileLockManager] Releasing lock on daemon addresses registry.
2024-10-01T11:18:13.831-0400 [DEBUG] [org.gradle.cache.internal.DefaultFileLockManager] Waiting to acquire shared lock on daemon addresses registry.
2024-10-01T11:18:13.831-0400 [DEBUG] [org.gradle.cache.internal.DefaultFileLockManager] Lock acquired on daemon addresses registry.
2024-10-01T11:18:13.832-0400 [DEBUG] [org.gradle.cache.internal.DefaultFileLockManager] Releasing lock on daemon addresses registry.
2024-10-01T11:18:13.834-0400 [DEBUG] [org.gradle.cache.internal.DefaultFileLockManager] Waiting to acquire shared lock on daemon addresses registry.
2024-10-01T11:18:13.835-0400 [DEBUG] [org.gradle.cache.internal.DefaultFileLockManager] Lock acquired on daemon addresses registry.
2024-10-01T11:18:13.835-0400 [DEBUG] [org.gradle.cache.internal.DefaultFileLockManager] Releasing lock on daemon addresses registry.
2024-10-01T11:18:13.837-0400 [DEBUG] [org.gradle.cache.internal.DefaultFileLockManager] Waiting to acquire shared lock on daemon addresses registry.
2024-10-01T11:18:13.838-0400 [DEBUG] [org.gradle.cache.internal.DefaultFileLockManager] Lock acquired on daemon addresses registry.
2024-10-01T11:18:13.838-0400 [DEBUG] [org.gradle.cache.internal.DefaultFileLockManager] Releasing lock on daemon addresses registry.
2024-10-01T11:18:23.837-0400 [DEBUG] [org.gradle.cache.internal.DefaultFileLockManager] Waiting to acquire shared lock on daemon addresses registry.
2024-10-01T11:18:23.838-0400 [DEBUG] [org.gradle.cache.internal.DefaultFileLockManager] Lock acquired on daemon addresses registry.
2024-10-01T11:18:23.839-0400 [DEBUG] [org.gradle.cache.internal.DefaultFileLockManager] Releasing lock on daemon addresses registry.
2024-10-01T11:18:23.841-0400 [DEBUG] [org.gradle.cache.internal.DefaultFileLockManager] Waiting to acquire shared lock on daemon addresses registry.
2024-10-01T11:18:23.841-0400 [DEBUG] [org.gradle.cache.internal.DefaultFileLockManager] Lock acquired on daemon addresses registry.
2024-10-01T11:18:23.841-0400 [DEBUG] [org.gradle.cache.internal.DefaultFileLockManager] Releasing lock on daemon addresses registry.
2024-10-01T11:18:23.843-0400 [DEBUG] [org.gradle.cache.internal.DefaultFileLockManager] Waiting to acquire shared lock on daemon addresses registry.
2024-10-01T11:18:23.843-0400 [DEBUG] [org.gradle.cache.internal.DefaultFileLockManager] Lock acquired on daemon addresses registry.
2024-10-01T11:18:23.844-0400 [DEBUG] [org.gradle.cache.internal.DefaultFileLockManager] Releasing lock on daemon addresses registry.
2024-10-01T11:18:33.832-0400 [DEBUG] [org.gradle.cache.internal.DefaultFileLockManager] Waiting to acquire shared lock on daemon addresses registry.
2024-10-01T11:18:33.832-0400 [DEBUG] [org.gradle.cache.internal.DefaultFileLockManager] Lock acquired on daemon addresses registry.
2024-10-01T11:18:33.833-0400 [DEBUG] [org.gradle.cache.internal.DefaultFileLockManager] Releasing lock on daemon addresses registry.
2024-10-01T11:18:33.836-0400 [DEBUG] [org.gradle.cache.internal.DefaultFileLockManager] Waiting to acquire shared lock on daemon addresses registry.
2024-10-01T11:18:33.836-0400 [DEBUG] [org.gradle.cache.internal.DefaultFileLockManager] Lock acquired on daemon addresses registry.
2024-10-01T11:18:33.837-0400 [DEBUG] [org.gradle.cache.internal.DefaultFileLockManager] Releasing lock on daemon addresses registry.
2024-10-01T11:18:33.840-0400 [DEBUG] [org.gradle.cache.internal.DefaultFileLockManager] Waiting to acquire shared lock on daemon addresses registry.
2024-10-01T11:18:33.840-0400 [DEBUG] [org.gradle.cache.internal.DefaultFileLockManager] Lock acquired on daemon addresses registry.
2024-10-01T11:18:33.841-0400 [DEBUG] [org.gradle.cache.internal.DefaultFileLockManager] Releasing lock on daemon addresses registry.
2024-10-01T11:18:43.836-0400 [DEBUG] [org.gradle.cache.internal.DefaultFileLockManager] Waiting to acquire shared lock on daemon addresses registry.
2024-10-01T11:18:43.837-0400 [DEBUG] [org.gradle.cache.internal.DefaultFileLockManager] Lock acquired on daemon addresses registry.
2024-10-01T11:18:43.838-0400 [DEBUG] [org.gradle.cache.internal.DefaultFileLockManager] Releasing lock on daemon addresses registry.
2024-10-01T11:18:43.840-0400 [DEBUG] [org.gradle.cache.internal.DefaultFileLockManager] Waiting to acquire shared lock on daemon addresses registry.
2024-10-01T11:18:43.841-0400 [DEBUG] [org.gradle.cache.internal.DefaultFileLockManager] Lock acquired on daemon addresses registry.
2024-10-01T11:18:43.841-0400 [DEBUG] [org.gradle.cache.internal.DefaultFileLockManager] Releasing lock on daemon addresses registry.
2024-10-01T11:18:43.843-0400 [DEBUG] [org.gradle.cache.internal.DefaultFileLockManager] Waiting to acquire shared lock on daemon addresses registry.
2024-10-01T11:18:43.843-0400 [DEBUG] [org.gradle.cache.internal.DefaultFileLockManager] Lock acquired on daemon addresses registry.
2024-10-01T11:18:43.844-0400 [DEBUG] [org.gradle.cache.internal.DefaultFileLockManager] Releasing lock on daemon addresses registry.
2024-10-01T11:18:53.832-0400 [DEBUG] [org.gradle.cache.internal.DefaultFileLockManager] Waiting to acquire shared lock on daemon addresses registry.
2024-10-01T11:18:53.832-0400 [DEBUG] [org.gradle.cache.internal.DefaultFileLockManager] Lock acquired on daemon addresses registry.
2024-10-01T11:18:53.833-0400 [DEBUG] [org.gradle.cache.internal.DefaultFileLockManager] Releasing lock on daemon addresses registry.
2024-10-01T11:18:53.835-0400 [DEBUG] [org.gradle.cache.internal.DefaultFileLockManager] Waiting to acquire shared lock on daemon addresses registry.
2024-10-01T11:18:53.835-0400 [DEBUG] [org.gradle.cache.internal.DefaultFileLockManager] Lock acquired on daemon addresses registry.
2024-10-01T11:18:53.836-0400 [DEBUG] [org.gradle.cache.internal.DefaultFileLockManager] Releasing lock on daemon addresses registry.
2024-10-01T11:18:53.837-0400 [DEBUG] [org.gradle.cache.internal.DefaultFileLockManager] Waiting to acquire shared lock on daemon addresses registry.
2024-10-01T11:18:53.838-0400 [DEBUG] [org.gradle.cache.internal.DefaultFileLockManager] Lock acquired on daemon addresses registry.
2024-10-01T11:18:53.838-0400 [DEBUG] [org.gradle.cache.internal.DefaultFileLockManager] Releasing lock on daemon addresses registry.
2024-10-01T11:19:03.836-0400 [DEBUG] [org.gradle.cache.internal.DefaultFileLockManager] Waiting to acquire shared lock on daemon addresses registry.
2024-10-01T11:19:03.837-0400 [DEBUG] [org.gradle.cache.internal.DefaultFileLockManager] Lock acquired on daemon addresses registry.
2024-10-01T11:19:03.837-0400 [DEBUG] [org.gradle.cache.internal.DefaultFileLockManager] Releasing lock on daemon addresses registry.
2024-10-01T11:19:03.839-0400 [DEBUG] [org.gradle.cache.internal.DefaultFileLockManager] Waiting to acquire shared lock on daemon addresses registry.
2024-10-01T11:19:03.840-0400 [DEBUG] [org.gradle.cache.internal.DefaultFileLockManager] Lock acquired on daemon addresses registry.
2024-10-01T11:19:03.840-0400 [DEBUG] [org.gradle.cache.internal.DefaultFileLockManager] Releasing lock on daemon addresses registry.
2024-10-01T11:19:03.842-0400 [DEBUG] [org.gradle.cache.internal.DefaultFileLockManager] Waiting to acquire shared lock on daemon addresses registry.
2024-10-01T11:19:03.842-0400 [DEBUG] [org.gradle.cache.internal.DefaultFileLockManager] Lock acquired on daemon addresses registry.
2024-10-01T11:19:03.843-0400 [DEBUG] [org.gradle.cache.internal.DefaultFileLockManager] Releasing lock on daemon addresses registry.
2024-10-01T11:19:13.831-0400 [DEBUG] [org.gradle.cache.internal.DefaultFileLockManager] Waiting to acquire shared lock on daemon addresses registry.
2024-10-01T11:19:13.831-0400 [DEBUG] [org.gradle.cache.internal.DefaultFileLockManager] Lock acquired on daemon addresses registry.
2024-10-01T11:19:13.832-0400 [DEBUG] [org.gradle.cache.internal.DefaultFileLockManager] Releasing lock on daemon addresses registry.
2024-10-01T11:19:13.834-0400 [DEBUG] [org.gradle.cache.internal.DefaultFileLockManager] Waiting to acquire shared lock on daemon addresses registry.
2024-10-01T11:19:13.834-0400 [DEBUG] [org.gradle.cache.internal.DefaultFileLockManager] Lock acquired on daemon addresses registry.
2024-10-01T11:19:13.835-0400 [DEBUG] [org.gradle.cache.internal.DefaultFileLockManager] Releasing lock on daemon addresses registry.
2024-10-01T11:19:13.837-0400 [DEBUG] [org.gradle.cache.internal.DefaultFileLockManager] Waiting to acquire shared lock on daemon addresses registry.
2024-10-01T11:19:13.837-0400 [DEBUG] [org.gradle.cache.internal.DefaultFileLockManager] Lock acquired on daemon addresses registry.
2024-10-01T11:19:13.838-0400 [DEBUG] [org.gradle.cache.internal.DefaultFileLockManager] Releasing lock on daemon addresses registry.
2024-10-01T11:19:23.839-0400 [DEBUG] [org.gradle.cache.internal.DefaultFileLockManager] Waiting to acquire shared lock on daemon addresses registry.
2024-10-01T11:19:23.840-0400 [DEBUG] [org.gradle.cache.internal.DefaultFileLockManager] Lock acquired on daemon addresses registry.
2024-10-01T11:19:23.840-0400 [DEBUG] [org.gradle.cache.internal.DefaultFileLockManager] Releasing lock on daemon addresses registry.
2024-10-01T11:19:23.842-0400 [DEBUG] [org.gradle.cache.internal.DefaultFileLockManager] Waiting to acquire shared lock on daemon addresses registry.
2024-10-01T11:19:23.843-0400 [DEBUG] [org.gradle.cache.internal.DefaultFileLockManager] Lock acquired on daemon addresses registry.
2024-10-01T11:19:23.843-0400 [DEBUG] [org.gradle.cache.internal.DefaultFileLockManager] Releasing lock on daemon addresses registry.
2024-10-01T11:19:23.845-0400 [DEBUG] [org.gradle.cache.internal.DefaultFileLockManager] Waiting to acquire shared lock on daemon addresses registry.
2024-10-01T11:19:23.845-0400 [DEBUG] [org.gradle.cache.internal.DefaultFileLockManager] Lock acquired on daemon addresses registry.
2024-10-01T11:19:23.846-0400 [DEBUG] [org.gradle.cache.internal.DefaultFileLockManager] Releasing lock on daemon addresses registry.
2024-10-01T11:19:33.833-0400 [DEBUG] [org.gradle.cache.internal.DefaultFileLockManager] Waiting to acquire shared lock on daemon addresses registry.
2024-10-01T11:19:33.834-0400 [DEBUG] [org.gradle.cache.internal.DefaultFileLockManager] Lock acquired on daemon addresses registry.
2024-10-01T11:19:33.834-0400 [DEBUG] [org.gradle.cache.internal.DefaultFileLockManager] Releasing lock on daemon addresses registry.
2024-10-01T11:19:33.837-0400 [DEBUG] [org.gradle.cache.internal.DefaultFileLockManager] Waiting to acquire shared lock on daemon addresses registry.
2024-10-01T11:19:33.837-0400 [DEBUG] [org.gradle.cache.internal.DefaultFileLockManager] Lock acquired on daemon addresses registry.
2024-10-01T11:19:33.838-0400 [DEBUG] [org.gradle.cache.internal.DefaultFileLockManager] Releasing lock on daemon addresses registry.
2024-10-01T11:19:33.840-0400 [DEBUG] [org.gradle.cache.internal.DefaultFileLockManager] Waiting to acquire shared lock on daemon addresses registry.
2024-10-01T11:19:33.840-0400 [DEBUG] [org.gradle.cache.internal.DefaultFileLockManager] Lock acquired on daemon addresses registry.
2024-10-01T11:19:33.841-0400 [DEBUG] [org.gradle.cache.internal.DefaultFileLockManager] Releasing lock on daemon addresses registry.
2024-10-01T11:19:43.836-0400 [DEBUG] [org.gradle.cache.internal.DefaultFileLockManager] Waiting to acquire shared lock on daemon addresses registry.
2024-10-01T11:19:43.837-0400 [DEBUG] [org.gradle.cache.internal.DefaultFileLockManager] Lock acquired on daemon addresses registry.
2024-10-01T11:19:43.838-0400 [DEBUG] [org.gradle.cache.internal.DefaultFileLockManager] Releasing lock on daemon addresses registry.
2024-10-01T11:19:43.840-0400 [DEBUG] [org.gradle.cache.internal.DefaultFileLockManager] Waiting to acquire shared lock on daemon addresses registry.
2024-10-01T11:19:43.840-0400 [DEBUG] [org.gradle.cache.internal.DefaultFileLockManager] Lock acquired on daemon addresses registry.
2024-10-01T11:19:43.840-0400 [DEBUG] [org.gradle.cache.internal.DefaultFileLockManager] Releasing lock on daemon addresses registry.
2024-10-01T11:19:43.842-0400 [DEBUG] [org.gradle.cache.internal.DefaultFileLockManager] Waiting to acquire shared lock on daemon addresses registry.
2024-10-01T11:19:43.843-0400 [DEBUG] [org.gradle.cache.internal.DefaultFileLockManager] Lock acquired on daemon addresses registry.
2024-10-01T11:19:43.843-0400 [DEBUG] [org.gradle.cache.internal.DefaultFileLockManager] Releasing lock on daemon addresses registry.
2024-10-01T11:19:53.832-0400 [DEBUG] [org.gradle.cache.internal.DefaultFileLockManager] Waiting to acquire shared lock on daemon addresses registry.
2024-10-01T11:19:53.833-0400 [DEBUG] [org.gradle.cache.internal.DefaultFileLockManager] Lock acquired on daemon addresses registry.
2024-10-01T11:19:53.833-0400 [DEBUG] [org.gradle.cache.internal.DefaultFileLockManager] Releasing lock on daemon addresses registry.
2024-10-01T11:19:53.835-0400 [DEBUG] [org.gradle.cache.internal.DefaultFileLockManager] Waiting to acquire shared lock on daemon addresses registry.
2024-10-01T11:19:53.836-0400 [DEBUG] [org.gradle.cache.internal.DefaultFileLockManager] Lock acquired on daemon addresses registry.
2024-10-01T11:19:53.836-0400 [DEBUG] [org.gradle.cache.internal.DefaultFileLockManager] Releasing lock on daemon addresses registry.
2024-10-01T11:19:53.838-0400 [DEBUG] [org.gradle.cache.internal.DefaultFileLockManager] Waiting to acquire shared lock on daemon addresses registry.
2024-10-01T11:19:53.838-0400 [DEBUG] [org.gradle.cache.internal.DefaultFileLockManager] Lock acquired on daemon addresses registry.
2024-10-01T11:19:53.839-0400 [DEBUG] [org.gradle.cache.internal.DefaultFileLockManager] Releasing lock on daemon addresses registry.
2024-10-01T11:20:03.831-0400 [DEBUG] [org.gradle.cache.internal.DefaultFileLockManager] Waiting to acquire shared lock on daemon addresses registry.
2024-10-01T11:20:03.831-0400 [DEBUG] [org.gradle.cache.internal.DefaultFileLockManager] Lock acquired on daemon addresses registry.
2024-10-01T11:20:03.832-0400 [DEBUG] [org.gradle.cache.internal.DefaultFileLockManager] Releasing lock on daemon addresses registry.
2024-10-01T11:20:03.834-0400 [DEBUG] [org.gradle.cache.internal.DefaultFileLockManager] Waiting to acquire shared lock on daemon addresses registry.
2024-10-01T11:20:03.834-0400 [DEBUG] [org.gradle.cache.internal.DefaultFileLockManager] Lock acquired on daemon addresses registry.
2024-10-01T11:20:03.835-0400 [DEBUG] [org.gradle.cache.internal.DefaultFileLockManager] Releasing lock on daemon addresses registry.
2024-10-01T11:20:03.836-0400 [DEBUG] [org.gradle.cache.internal.DefaultFileLockManager] Waiting to acquire shared lock on daemon addresses registry.
2024-10-01T11:20:03.837-0400 [DEBUG] [org.gradle.cache.internal.DefaultFileLockManager] Lock acquired on daemon addresses registry.
2024-10-01T11:20:03.837-0400 [DEBUG] [org.gradle.cache.internal.DefaultFileLockManager] Releasing lock on daemon addresses registry.
2024-10-01T11:20:13.830-0400 [DEBUG] [org.gradle.cache.internal.DefaultFileLockManager] Waiting to acquire shared lock on daemon addresses registry.
2024-10-01T11:20:13.831-0400 [DEBUG] [org.gradle.cache.internal.DefaultFileLockManager] Lock acquired on daemon addresses registry.
2024-10-01T11:20:13.832-0400 [DEBUG] [org.gradle.cache.internal.DefaultFileLockManager] Releasing lock on daemon addresses registry.
2024-10-01T11:20:13.835-0400 [DEBUG] [org.gradle.cache.internal.DefaultFileLockManager] Waiting to acquire shared lock on daemon addresses registry.
2024-10-01T11:20:13.835-0400 [DEBUG] [org.gradle.cache.internal.DefaultFileLockManager] Lock acquired on daemon addresses registry.
2024-10-01T11:20:13.836-0400 [DEBUG] [org.gradle.cache.internal.DefaultFileLockManager] Releasing lock on daemon addresses registry.
2024-10-01T11:20:13.838-0400 [DEBUG] [org.gradle.cache.internal.DefaultFileLockManager] Waiting to acquire shared lock on daemon addresses registry.
2024-10-01T11:20:13.839-0400 [DEBUG] [org.gradle.cache.internal.DefaultFileLockManager] Lock acquired on daemon addresses registry.
2024-10-01T11:20:13.840-0400 [DEBUG] [org.gradle.cache.internal.DefaultFileLockManager] Releasing lock on daemon addresses registry.
2024-10-01T11:20:23.834-0400 [DEBUG] [org.gradle.cache.internal.DefaultFileLockManager] Waiting to acquire shared lock on daemon addresses registry.
2024-10-01T11:20:23.834-0400 [DEBUG] [org.gradle.cache.internal.DefaultFileLockManager] Lock acquired on daemon addresses registry.
2024-10-01T11:20:23.835-0400 [DEBUG] [org.gradle.cache.internal.DefaultFileLockManager] Releasing lock on daemon addresses registry.
2024-10-01T11:20:23.837-0400 [DEBUG] [org.gradle.cache.internal.DefaultFileLockManager] Waiting to acquire shared lock on daemon addresses registry.
2024-10-01T11:20:23.837-0400 [DEBUG] [org.gradle.cache.internal.DefaultFileLockManager] Lock acquired on daemon addresses registry.
2024-10-01T11:20:23.838-0400 [DEBUG] [org.gradle.cache.internal.DefaultFileLockManager] Releasing lock on daemon addresses registry.
2024-10-01T11:20:23.839-0400 [DEBUG] [org.gradle.cache.internal.DefaultFileLockManager] Waiting to acquire shared lock on daemon addresses registry.
2024-10-01T11:20:23.840-0400 [DEBUG] [org.gradle.cache.internal.DefaultFileLockManager] Lock acquired on daemon addresses registry.
2024-10-01T11:20:23.841-0400 [DEBUG] [org.gradle.cache.internal.DefaultFileLockManager] Releasing lock on daemon addresses registry.
2024-10-01T11:20:33.833-0400 [DEBUG] [org.gradle.cache.internal.DefaultFileLockManager] Waiting to acquire shared lock on daemon addresses registry.
2024-10-01T11:20:33.834-0400 [DEBUG] [org.gradle.cache.internal.DefaultFileLockManager] Lock acquired on daemon addresses registry.
2024-10-01T11:20:33.834-0400 [DEBUG] [org.gradle.cache.internal.DefaultFileLockManager] Releasing lock on daemon addresses registry.
2024-10-01T11:20:33.836-0400 [DEBUG] [org.gradle.cache.internal.DefaultFileLockManager] Waiting to acquire shared lock on daemon addresses registry.
2024-10-01T11:20:33.837-0400 [DEBUG] [org.gradle.cache.internal.DefaultFileLockManager] Lock acquired on daemon addresses registry.
2024-10-01T11:20:33.837-0400 [DEBUG] [org.gradle.cache.internal.DefaultFileLockManager] Releasing lock on daemon addresses registry.
2024-10-01T11:20:33.839-0400 [DEBUG] [org.gradle.cache.internal.DefaultFileLockManager] Waiting to acquire shared lock on daemon addresses registry.
2024-10-01T11:20:33.839-0400 [DEBUG] [org.gradle.cache.internal.DefaultFileLockManager] Lock acquired on daemon addresses registry.
2024-10-01T11:20:33.840-0400 [DEBUG] [org.gradle.cache.internal.DefaultFileLockManager] Releasing lock on daemon addresses registry.
2024-10-01T11:20:43.831-0400 [DEBUG] [org.gradle.cache.internal.DefaultFileLockManager] Waiting to acquire shared lock on daemon addresses registry.
2024-10-01T11:20:43.832-0400 [DEBUG] [org.gradle.cache.internal.DefaultFileLockManager] Lock acquired on daemon addresses registry.
2024-10-01T11:20:43.832-0400 [DEBUG] [org.gradle.cache.internal.DefaultFileLockManager] Releasing lock on daemon addresses registry.
2024-10-01T11:20:43.834-0400 [DEBUG] [org.gradle.cache.internal.DefaultFileLockManager] Waiting to acquire shared lock on daemon addresses registry.
2024-10-01T11:20:43.835-0400 [DEBUG] [org.gradle.cache.internal.DefaultFileLockManager] Lock acquired on daemon addresses registry.
2024-10-01T11:20:43.835-0400 [DEBUG] [org.gradle.cache.internal.DefaultFileLockManager] Releasing lock on daemon addresses registry.
2024-10-01T11:20:43.837-0400 [DEBUG] [org.gradle.cache.internal.DefaultFileLockManager] Waiting to acquire shared lock on daemon addresses registry.
2024-10-01T11:20:43.837-0400 [DEBUG] [org.gradle.cache.internal.DefaultFileLockManager] Lock acquired on daemon addresses registry.
2024-10-01T11:20:43.838-0400 [DEBUG] [org.gradle.cache.internal.DefaultFileLockManager] Releasing lock on daemon addresses registry.
2024-10-01T11:20:53.845-0400 [DEBUG] [org.gradle.cache.internal.DefaultFileLockManager] Waiting to acquire shared lock on daemon addresses registry.
2024-10-01T11:20:53.846-0400 [DEBUG] [org.gradle.cache.internal.DefaultFileLockManager] Lock acquired on daemon addresses registry.
2024-10-01T11:20:53.847-0400 [DEBUG] [org.gradle.cache.internal.DefaultFileLockManager] Releasing lock on daemon addresses registry.
2024-10-01T11:20:53.849-0400 [DEBUG] [org.gradle.cache.internal.DefaultFileLockManager] Waiting to acquire shared lock on daemon addresses registry.
2024-10-01T11:20:53.849-0400 [DEBUG] [org.gradle.cache.internal.DefaultFileLockManager] Lock acquired on daemon addresses registry.
2024-10-01T11:20:53.850-0400 [DEBUG] [org.gradle.cache.internal.DefaultFileLockManager] Releasing lock on daemon addresses registry.
2024-10-01T11:20:53.852-0400 [DEBUG] [org.gradle.cache.internal.DefaultFileLockManager] Waiting to acquire shared lock on daemon addresses registry.
2024-10-01T11:20:53.852-0400 [DEBUG] [org.gradle.cache.internal.DefaultFileLockManager] Lock acquired on daemon addresses registry.
2024-10-01T11:20:53.852-0400 [DEBUG] [org.gradle.cache.internal.DefaultFileLockManager] Releasing lock on daemon addresses registry.
2024-10-01T11:21:03.833-0400 [DEBUG] [org.gradle.cache.internal.DefaultFileLockManager] Waiting to acquire shared lock on daemon addresses registry.
2024-10-01T11:21:03.833-0400 [DEBUG] [org.gradle.cache.internal.DefaultFileLockManager] Lock acquired on daemon addresses registry.
2024-10-01T11:21:03.834-0400 [DEBUG] [org.gradle.cache.internal.DefaultFileLockManager] Releasing lock on daemon addresses registry.
2024-10-01T11:21:03.836-0400 [DEBUG] [org.gradle.cache.internal.DefaultFileLockManager] Waiting to acquire shared lock on daemon addresses registry.
2024-10-01T11:21:03.836-0400 [DEBUG] [org.gradle.cache.internal.DefaultFileLockManager] Lock acquired on daemon addresses registry.
2024-10-01T11:21:03.837-0400 [DEBUG] [org.gradle.cache.internal.DefaultFileLockManager] Releasing lock on daemon addresses registry.
2024-10-01T11:21:03.838-0400 [DEBUG] [org.gradle.cache.internal.DefaultFileLockManager] Waiting to acquire shared lock on daemon addresses registry.
2024-10-01T11:21:03.839-0400 [DEBUG] [org.gradle.cache.internal.DefaultFileLockManager] Lock acquired on daemon addresses registry.
2024-10-01T11:21:03.839-0400 [DEBUG] [org.gradle.cache.internal.DefaultFileLockManager] Releasing lock on daemon addresses registry.
2024-10-01T11:21:13.836-0400 [DEBUG] [org.gradle.cache.internal.DefaultFileLockManager] Waiting to acquire shared lock on daemon addresses registry.
2024-10-01T11:21:13.836-0400 [DEBUG] [org.gradle.cache.internal.DefaultFileLockManager] Lock acquired on daemon addresses registry.
2024-10-01T11:21:13.837-0400 [DEBUG] [org.gradle.cache.internal.DefaultFileLockManager] Releasing lock on daemon addresses registry.
2024-10-01T11:21:13.839-0400 [DEBUG] [org.gradle.cache.internal.DefaultFileLockManager] Waiting to acquire shared lock on daemon addresses registry.
2024-10-01T11:21:13.839-0400 [DEBUG] [org.gradle.cache.internal.DefaultFileLockManager] Lock acquired on daemon addresses registry.
2024-10-01T11:21:13.840-0400 [DEBUG] [org.gradle.cache.internal.DefaultFileLockManager] Releasing lock on daemon addresses registry.
2024-10-01T11:21:13.841-0400 [DEBUG] [org.gradle.cache.internal.DefaultFileLockManager] Waiting to acquire shared lock on daemon addresses registry.
2024-10-01T11:21:13.842-0400 [DEBUG] [org.gradle.cache.internal.DefaultFileLockManager] Lock acquired on daemon addresses registry.
2024-10-01T11:21:13.843-0400 [DEBUG] [org.gradle.cache.internal.DefaultFileLockManager] Releasing lock on daemon addresses registry.
2024-10-01T11:21:23.831-0400 [DEBUG] [org.gradle.cache.internal.DefaultFileLockManager] Waiting to acquire shared lock on daemon addresses registry.
2024-10-01T11:21:23.832-0400 [DEBUG] [org.gradle.cache.internal.DefaultFileLockManager] Lock acquired on daemon addresses registry.
2024-10-01T11:21:23.832-0400 [DEBUG] [org.gradle.cache.internal.DefaultFileLockManager] Releasing lock on daemon addresses registry.
2024-10-01T11:21:23.833-0400 [DEBUG] [org.gradle.cache.internal.DefaultFileLockManager] Waiting to acquire shared lock on daemon addresses registry.
2024-10-01T11:21:23.834-0400 [DEBUG] [org.gradle.cache.internal.DefaultFileLockManager] Lock acquired on daemon addresses registry.
2024-10-01T11:21:23.834-0400 [DEBUG] [org.gradle.cache.internal.DefaultFileLockManager] Releasing lock on daemon addresses registry.
2024-10-01T11:21:23.835-0400 [DEBUG] [org.gradle.cache.internal.DefaultFileLockManager] Waiting to acquire shared lock on daemon addresses registry.
2024-10-01T11:21:23.835-0400 [DEBUG] [org.gradle.cache.internal.DefaultFileLockManager] Lock acquired on daemon addresses registry.
2024-10-01T11:21:23.836-0400 [DEBUG] [org.gradle.cache.internal.DefaultFileLockManager] Releasing lock on daemon addresses registry.
2024-10-01T11:21:33.832-0400 [DEBUG] [org.gradle.cache.internal.DefaultFileLockManager] Waiting to acquire shared lock on daemon addresses registry.
2024-10-01T11:21:33.832-0400 [DEBUG] [org.gradle.cache.internal.DefaultFileLockManager] Lock acquired on daemon addresses registry.
2024-10-01T11:21:33.833-0400 [DEBUG] [org.gradle.cache.internal.DefaultFileLockManager] Releasing lock on daemon addresses registry.
2024-10-01T11:21:33.835-0400 [DEBUG] [org.gradle.cache.internal.DefaultFileLockManager] Waiting to acquire shared lock on daemon addresses registry.
2024-10-01T11:21:33.836-0400 [DEBUG] [org.gradle.cache.internal.DefaultFileLockManager] Lock acquired on daemon addresses registry.
2024-10-01T11:21:33.836-0400 [DEBUG] [org.gradle.cache.internal.DefaultFileLockManager] Releasing lock on daemon addresses registry.
2024-10-01T11:21:33.838-0400 [DEBUG] [org.gradle.cache.internal.DefaultFileLockManager] Waiting to acquire shared lock on daemon addresses registry.
2024-10-01T11:21:33.838-0400 [DEBUG] [org.gradle.cache.internal.DefaultFileLockManager] Lock acquired on daemon addresses registry.
2024-10-01T11:21:33.839-0400 [DEBUG] [org.gradle.cache.internal.DefaultFileLockManager] Releasing lock on daemon addresses registry.
2024-10-01T11:21:43.833-0400 [DEBUG] [org.gradle.cache.internal.DefaultFileLockManager] Waiting to acquire shared lock on daemon addresses registry.
2024-10-01T11:21:43.833-0400 [DEBUG] [org.gradle.cache.internal.DefaultFileLockManager] Lock acquired on daemon addresses registry.
2024-10-01T11:21:43.833-0400 [DEBUG] [org.gradle.cache.internal.DefaultFileLockManager] Releasing lock on daemon addresses registry.
2024-10-01T11:21:43.835-0400 [DEBUG] [org.gradle.cache.internal.DefaultFileLockManager] Waiting to acquire shared lock on daemon addresses registry.
2024-10-01T11:21:43.835-0400 [DEBUG] [org.gradle.cache.internal.DefaultFileLockManager] Lock acquired on daemon addresses registry.
2024-10-01T11:21:43.835-0400 [DEBUG] [org.gradle.cache.internal.DefaultFileLockManager] Releasing lock on daemon addresses registry.
2024-10-01T11:21:43.836-0400 [DEBUG] [org.gradle.cache.internal.DefaultFileLockManager] Waiting to acquire shared lock on daemon addresses registry.
2024-10-01T11:21:43.837-0400 [DEBUG] [org.gradle.cache.internal.DefaultFileLockManager] Lock acquired on daemon addresses registry.
2024-10-01T11:21:43.837-0400 [DEBUG] [org.gradle.cache.internal.DefaultFileLockManager] Releasing lock on daemon addresses registry.
2024-10-01T11:21:53.829-0400 [DEBUG] [org.gradle.cache.internal.DefaultFileLockManager] Waiting to acquire shared lock on daemon addresses registry.
2024-10-01T11:21:53.829-0400 [DEBUG] [org.gradle.cache.internal.DefaultFileLockManager] Lock acquired on daemon addresses registry.
2024-10-01T11:21:53.830-0400 [DEBUG] [org.gradle.cache.internal.DefaultFileLockManager] Releasing lock on daemon addresses registry.
2024-10-01T11:21:53.833-0400 [DEBUG] [org.gradle.cache.internal.DefaultFileLockManager] Waiting to acquire shared lock on daemon addresses registry.
2024-10-01T11:21:53.833-0400 [DEBUG] [org.gradle.cache.internal.DefaultFileLockManager] Lock acquired on daemon addresses registry.
2024-10-01T11:21:53.834-0400 [DEBUG] [org.gradle.cache.internal.DefaultFileLockManager] Releasing lock on daemon addresses registry.
2024-10-01T11:21:53.836-0400 [DEBUG] [org.gradle.cache.internal.DefaultFileLockManager] Waiting to acquire shared lock on daemon addresses registry.
2024-10-01T11:21:53.836-0400 [DEBUG] [org.gradle.cache.internal.DefaultFileLockManager] Lock acquired on daemon addresses registry.
2024-10-01T11:21:53.837-0400 [DEBUG] [org.gradle.cache.internal.DefaultFileLockManager] Releasing lock on daemon addresses registry.
2024-10-01T11:22:03.838-0400 [DEBUG] [org.gradle.cache.internal.DefaultFileLockManager] Waiting to acquire shared lock on daemon addresses registry.
2024-10-01T11:22:03.838-0400 [DEBUG] [org.gradle.cache.internal.DefaultFileLockManager] Lock acquired on daemon addresses registry.
2024-10-01T11:22:03.839-0400 [DEBUG] [org.gradle.cache.internal.DefaultFileLockManager] Releasing lock on daemon addresses registry.
2024-10-01T11:22:03.841-0400 [DEBUG] [org.gradle.cache.internal.DefaultFileLockManager] Waiting to acquire shared lock on daemon addresses registry.
2024-10-01T11:22:03.842-0400 [DEBUG] [org.gradle.cache.internal.DefaultFileLockManager] Lock acquired on daemon addresses registry.
2024-10-01T11:22:03.842-0400 [DEBUG] [org.gradle.cache.internal.DefaultFileLockManager] Releasing lock on daemon addresses registry.
2024-10-01T11:22:03.844-0400 [DEBUG] [org.gradle.cache.internal.DefaultFileLockManager] Waiting to acquire shared lock on daemon addresses registry.
2024-10-01T11:22:03.845-0400 [DEBUG] [org.gradle.cache.internal.DefaultFileLockManager] Lock acquired on daemon addresses registry.
2024-10-01T11:22:03.845-0400 [DEBUG] [org.gradle.cache.internal.DefaultFileLockManager] Releasing lock on daemon addresses registry.
2024-10-01T11:22:13.845-0400 [DEBUG] [org.gradle.cache.internal.DefaultFileLockManager] Waiting to acquire shared lock on daemon addresses registry.
2024-10-01T11:22:13.845-0400 [DEBUG] [org.gradle.cache.internal.DefaultFileLockManager] Lock acquired on daemon addresses registry.
2024-10-01T11:22:13.846-0400 [DEBUG] [org.gradle.cache.internal.DefaultFileLockManager] Releasing lock on daemon addresses registry.
2024-10-01T11:22:13.848-0400 [DEBUG] [org.gradle.cache.internal.DefaultFileLockManager] Waiting to acquire shared lock on daemon addresses registry.
2024-10-01T11:22:13.848-0400 [DEBUG] [org.gradle.cache.internal.DefaultFileLockManager] Lock acquired on daemon addresses registry.
2024-10-01T11:22:13.849-0400 [DEBUG] [org.gradle.cache.internal.DefaultFileLockManager] Releasing lock on daemon addresses registry.
2024-10-01T11:22:13.852-0400 [DEBUG] [org.gradle.cache.internal.DefaultFileLockManager] Waiting to acquire shared lock on daemon addresses registry.
2024-10-01T11:22:13.853-0400 [DEBUG] [org.gradle.cache.internal.DefaultFileLockManager] Lock acquired on daemon addresses registry.
2024-10-01T11:22:13.854-0400 [DEBUG] [org.gradle.cache.internal.DefaultFileLockManager] Releasing lock on daemon addresses registry.
2024-10-01T11:22:23.845-0400 [DEBUG] [org.gradle.cache.internal.DefaultFileLockManager] Waiting to acquire shared lock on daemon addresses registry.
2024-10-01T11:22:23.845-0400 [DEBUG] [org.gradle.cache.internal.DefaultFileLockManager] Lock acquired on daemon addresses registry.
2024-10-01T11:22:23.846-0400 [DEBUG] [org.gradle.cache.internal.DefaultFileLockManager] Releasing lock on daemon addresses registry.
2024-10-01T11:22:23.848-0400 [DEBUG] [org.gradle.cache.internal.DefaultFileLockManager] Waiting to acquire shared lock on daemon addresses registry.
2024-10-01T11:22:23.848-0400 [DEBUG] [org.gradle.cache.internal.DefaultFileLockManager] Lock acquired on daemon addresses registry.
2024-10-01T11:22:23.849-0400 [DEBUG] [org.gradle.cache.internal.DefaultFileLockManager] Releasing lock on daemon addresses registry.
2024-10-01T11:22:23.850-0400 [DEBUG] [org.gradle.cache.internal.DefaultFileLockManager] Waiting to acquire shared lock on daemon addresses registry.
2024-10-01T11:22:23.851-0400 [DEBUG] [org.gradle.cache.internal.DefaultFileLockManager] Lock acquired on daemon addresses registry.
2024-10-01T11:22:23.851-0400 [DEBUG] [org.gradle.cache.internal.DefaultFileLockManager] Releasing lock on daemon addresses registry.
2024-10-01T11:22:33.832-0400 [DEBUG] [org.gradle.cache.internal.DefaultFileLockManager] Waiting to acquire shared lock on daemon addresses registry.
2024-10-01T11:22:33.833-0400 [DEBUG] [org.gradle.cache.internal.DefaultFileLockManager] Lock acquired on daemon addresses registry.
2024-10-01T11:22:33.834-0400 [DEBUG] [org.gradle.cache.internal.DefaultFileLockManager] Releasing lock on daemon addresses registry.
2024-10-01T11:22:33.837-0400 [DEBUG] [org.gradle.cache.internal.DefaultFileLockManager] Waiting to acquire shared lock on daemon addresses registry.
2024-10-01T11:22:33.837-0400 [DEBUG] [org.gradle.cache.internal.DefaultFileLockManager] Lock acquired on daemon addresses registry.
2024-10-01T11:22:33.838-0400 [DEBUG] [org.gradle.cache.internal.DefaultFileLockManager] Releasing lock on daemon addresses registry.
2024-10-01T11:22:33.840-0400 [DEBUG] [org.gradle.cache.internal.DefaultFileLockManager] Waiting to acquire shared lock on daemon addresses registry.
2024-10-01T11:22:33.840-0400 [DEBUG] [org.gradle.cache.internal.DefaultFileLockManager] Lock acquired on daemon addresses registry.
2024-10-01T11:22:33.840-0400 [DEBUG] [org.gradle.cache.internal.DefaultFileLockManager] Releasing lock on daemon addresses registry.
2024-10-01T11:22:43.837-0400 [DEBUG] [org.gradle.cache.internal.DefaultFileLockManager] Waiting to acquire shared lock on daemon addresses registry.
2024-10-01T11:22:43.838-0400 [DEBUG] [org.gradle.cache.internal.DefaultFileLockManager] Lock acquired on daemon addresses registry.
2024-10-01T11:22:43.838-0400 [DEBUG] [org.gradle.cache.internal.DefaultFileLockManager] Releasing lock on daemon addresses registry.
2024-10-01T11:22:43.840-0400 [DEBUG] [org.gradle.cache.internal.DefaultFileLockManager] Waiting to acquire shared lock on daemon addresses registry.
2024-10-01T11:22:43.840-0400 [DEBUG] [org.gradle.cache.internal.DefaultFileLockManager] Lock acquired on daemon addresses registry.
2024-10-01T11:22:43.841-0400 [DEBUG] [org.gradle.cache.internal.DefaultFileLockManager] Releasing lock on daemon addresses registry.
2024-10-01T11:22:43.843-0400 [DEBUG] [org.gradle.cache.internal.DefaultFileLockManager] Waiting to acquire shared lock on daemon addresses registry.
2024-10-01T11:22:43.843-0400 [DEBUG] [org.gradle.cache.internal.DefaultFileLockManager] Lock acquired on daemon addresses registry.
2024-10-01T11:22:43.843-0400 [DEBUG] [org.gradle.cache.internal.DefaultFileLockManager] Releasing lock on daemon addresses registry.
2024-10-01T11:22:53.828-0400 [DEBUG] [org.gradle.cache.internal.DefaultFileLockManager] Waiting to acquire shared lock on daemon addresses registry.
2024-10-01T11:22:53.828-0400 [DEBUG] [org.gradle.cache.internal.DefaultFileLockManager] Lock acquired on daemon addresses registry.
2024-10-01T11:22:53.829-0400 [DEBUG] [org.gradle.cache.internal.DefaultFileLockManager] Releasing lock on daemon addresses registry.
2024-10-01T11:22:53.831-0400 [DEBUG] [org.gradle.cache.internal.DefaultFileLockManager] Waiting to acquire shared lock on daemon addresses registry.
2024-10-01T11:22:53.831-0400 [DEBUG] [org.gradle.cache.internal.DefaultFileLockManager] Lock acquired on daemon addresses registry.
2024-10-01T11:22:53.831-0400 [DEBUG] [org.gradle.cache.internal.DefaultFileLockManager] Releasing lock on daemon addresses registry.
2024-10-01T11:22:53.833-0400 [DEBUG] [org.gradle.cache.internal.DefaultFileLockManager] Waiting to acquire shared lock on daemon addresses registry.
2024-10-01T11:22:53.834-0400 [DEBUG] [org.gradle.cache.internal.DefaultFileLockManager] Lock acquired on daemon addresses registry.
2024-10-01T11:22:53.834-0400 [DEBUG] [org.gradle.cache.internal.DefaultFileLockManager] Releasing lock on daemon addresses registry.
2024-10-01T11:23:03.835-0400 [DEBUG] [org.gradle.cache.internal.DefaultFileLockManager] Waiting to acquire shared lock on daemon addresses registry.
2024-10-01T11:23:03.836-0400 [DEBUG] [org.gradle.cache.internal.DefaultFileLockManager] Lock acquired on daemon addresses registry.
2024-10-01T11:23:03.837-0400 [DEBUG] [org.gradle.cache.internal.DefaultFileLockManager] Releasing lock on daemon addresses registry.
2024-10-01T11:23:03.839-0400 [DEBUG] [org.gradle.cache.internal.DefaultFileLockManager] Waiting to acquire shared lock on daemon addresses registry.
2024-10-01T11:23:03.840-0400 [DEBUG] [org.gradle.cache.internal.DefaultFileLockManager] Lock acquired on daemon addresses registry.
2024-10-01T11:23:03.840-0400 [DEBUG] [org.gradle.cache.internal.DefaultFileLockManager] Releasing lock on daemon addresses registry.
2024-10-01T11:23:03.842-0400 [DEBUG] [org.gradle.cache.internal.DefaultFileLockManager] Waiting to acquire shared lock on daemon addresses registry.
2024-10-01T11:23:03.842-0400 [DEBUG] [org.gradle.cache.internal.DefaultFileLockManager] Lock acquired on daemon addresses registry.
2024-10-01T11:23:03.843-0400 [DEBUG] [org.gradle.cache.internal.DefaultFileLockManager] Releasing lock on daemon addresses registry.
2024-10-01T11:23:13.829-0400 [DEBUG] [org.gradle.cache.internal.DefaultFileLockManager] Waiting to acquire shared lock on daemon addresses registry.
2024-10-01T11:23:13.829-0400 [DEBUG] [org.gradle.cache.internal.DefaultFileLockManager] Lock acquired on daemon addresses registry.
2024-10-01T11:23:13.830-0400 [DEBUG] [org.gradle.cache.internal.DefaultFileLockManager] Releasing lock on daemon addresses registry.
2024-10-01T11:23:13.832-0400 [DEBUG] [org.gradle.cache.internal.DefaultFileLockManager] Waiting to acquire shared lock on daemon addresses registry.
2024-10-01T11:23:13.832-0400 [DEBUG] [org.gradle.cache.internal.DefaultFileLockManager] Lock acquired on daemon addresses registry.
2024-10-01T11:23:13.832-0400 [DEBUG] [org.gradle.cache.internal.DefaultFileLockManager] Releasing lock on daemon addresses registry.
2024-10-01T11:23:13.834-0400 [DEBUG] [org.gradle.cache.internal.DefaultFileLockManager] Waiting to acquire shared lock on daemon addresses registry.
2024-10-01T11:23:13.834-0400 [DEBUG] [org.gradle.cache.internal.DefaultFileLockManager] Lock acquired on daemon addresses registry.
2024-10-01T11:23:13.835-0400 [DEBUG] [org.gradle.cache.internal.DefaultFileLockManager] Releasing lock on daemon addresses registry.
2024-10-01T11:23:23.834-0400 [DEBUG] [org.gradle.cache.internal.DefaultFileLockManager] Waiting to acquire shared lock on daemon addresses registry.
2024-10-01T11:23:23.834-0400 [DEBUG] [org.gradle.cache.internal.DefaultFileLockManager] Lock acquired on daemon addresses registry.
2024-10-01T11:23:23.836-0400 [DEBUG] [org.gradle.cache.internal.DefaultFileLockManager] Releasing lock on daemon addresses registry.
2024-10-01T11:23:23.838-0400 [DEBUG] [org.gradle.cache.internal.DefaultFileLockManager] Waiting to acquire shared lock on daemon addresses registry.
2024-10-01T11:23:23.839-0400 [DEBUG] [org.gradle.cache.internal.DefaultFileLockManager] Lock acquired on daemon addresses registry.
2024-10-01T11:23:23.839-0400 [DEBUG] [org.gradle.cache.internal.DefaultFileLockManager] Releasing lock on daemon addresses registry.
2024-10-01T11:23:23.841-0400 [DEBUG] [org.gradle.cache.internal.DefaultFileLockManager] Waiting to acquire shared lock on daemon addresses registry.
2024-10-01T11:23:23.841-0400 [DEBUG] [org.gradle.cache.internal.DefaultFileLockManager] Lock acquired on daemon addresses registry.
2024-10-01T11:23:23.842-0400 [DEBUG] [org.gradle.cache.internal.DefaultFileLockManager] Releasing lock on daemon addresses registry.
2024-10-01T11:23:33.829-0400 [DEBUG] [org.gradle.cache.internal.DefaultFileLockManager] Waiting to acquire shared lock on daemon addresses registry.
2024-10-01T11:23:33.829-0400 [DEBUG] [org.gradle.cache.internal.DefaultFileLockManager] Lock acquired on daemon addresses registry.
2024-10-01T11:23:33.830-0400 [DEBUG] [org.gradle.cache.internal.DefaultFileLockManager] Releasing lock on daemon addresses registry.
2024-10-01T11:23:33.832-0400 [DEBUG] [org.gradle.cache.internal.DefaultFileLockManager] Waiting to acquire shared lock on daemon addresses registry.
2024-10-01T11:23:33.832-0400 [DEBUG] [org.gradle.cache.internal.DefaultFileLockManager] Lock acquired on daemon addresses registry.
2024-10-01T11:23:33.833-0400 [DEBUG] [org.gradle.cache.internal.DefaultFileLockManager] Releasing lock on daemon addresses registry.
2024-10-01T11:23:33.834-0400 [DEBUG] [org.gradle.cache.internal.DefaultFileLockManager] Waiting to acquire shared lock on daemon addresses registry.
2024-10-01T11:23:33.835-0400 [DEBUG] [org.gradle.cache.internal.DefaultFileLockManager] Lock acquired on daemon addresses registry.
2024-10-01T11:23:33.836-0400 [DEBUG] [org.gradle.cache.internal.DefaultFileLockManager] Releasing lock on daemon addresses registry.
2024-10-01T11:23:43.833-0400 [DEBUG] [org.gradle.cache.internal.DefaultFileLockManager] Waiting to acquire shared lock on daemon addresses registry.
2024-10-01T11:23:43.834-0400 [DEBUG] [org.gradle.cache.internal.DefaultFileLockManager] Lock acquired on daemon addresses registry.
2024-10-01T11:23:43.835-0400 [DEBUG] [org.gradle.cache.internal.DefaultFileLockManager] Releasing lock on daemon addresses registry.
2024-10-01T11:23:43.837-0400 [DEBUG] [org.gradle.cache.internal.DefaultFileLockManager] Waiting to acquire shared lock on daemon addresses registry.
2024-10-01T11:23:43.837-0400 [DEBUG] [org.gradle.cache.internal.DefaultFileLockManager] Lock acquired on daemon addresses registry.
2024-10-01T11:23:43.839-0400 [DEBUG] [org.gradle.cache.internal.DefaultFileLockManager] Releasing lock on daemon addresses registry.
2024-10-01T11:23:43.842-0400 [DEBUG] [org.gradle.cache.internal.DefaultFileLockManager] Waiting to acquire shared lock on daemon addresses registry.
2024-10-01T11:23:43.842-0400 [DEBUG] [org.gradle.cache.internal.DefaultFileLockManager] Lock acquired on daemon addresses registry.
2024-10-01T11:23:43.843-0400 [DEBUG] [org.gradle.cache.internal.DefaultFileLockManager] Releasing lock on daemon addresses registry.
2024-10-01T11:23:53.842-0400 [DEBUG] [org.gradle.cache.internal.DefaultFileLockManager] Waiting to acquire shared lock on daemon addresses registry.
2024-10-01T11:23:53.842-0400 [DEBUG] [org.gradle.cache.internal.DefaultFileLockManager] Lock acquired on daemon addresses registry.
2024-10-01T11:23:53.842-0400 [DEBUG] [org.gradle.cache.internal.DefaultFileLockManager] Releasing lock on daemon addresses registry.
2024-10-01T11:23:53.844-0400 [DEBUG] [org.gradle.cache.internal.DefaultFileLockManager] Waiting to acquire shared lock on daemon addresses registry.
2024-10-01T11:23:53.844-0400 [DEBUG] [org.gradle.cache.internal.DefaultFileLockManager] Lock acquired on daemon addresses registry.
2024-10-01T11:23:53.844-0400 [DEBUG] [org.gradle.cache.internal.DefaultFileLockManager] Releasing lock on daemon addresses registry.
2024-10-01T11:23:53.846-0400 [DEBUG] [org.gradle.cache.internal.DefaultFileLockManager] Waiting to acquire shared lock on daemon addresses registry.
2024-10-01T11:23:53.846-0400 [DEBUG] [org.gradle.cache.internal.DefaultFileLockManager] Lock acquired on daemon addresses registry.
2024-10-01T11:23:53.846-0400 [DEBUG] [org.gradle.cache.internal.DefaultFileLockManager] Releasing lock on daemon addresses registry.
2024-10-01T11:24:03.829-0400 [DEBUG] [org.gradle.cache.internal.DefaultFileLockManager] Waiting to acquire shared lock on daemon addresses registry.
2024-10-01T11:24:03.830-0400 [DEBUG] [org.gradle.cache.internal.DefaultFileLockManager] Lock acquired on daemon addresses registry.
2024-10-01T11:24:03.830-0400 [DEBUG] [org.gradle.cache.internal.DefaultFileLockManager] Releasing lock on daemon addresses registry.
2024-10-01T11:24:03.831-0400 [DEBUG] [org.gradle.cache.internal.DefaultFileLockManager] Waiting to acquire shared lock on daemon addresses registry.
2024-10-01T11:24:03.831-0400 [DEBUG] [org.gradle.cache.internal.DefaultFileLockManager] Lock acquired on daemon addresses registry.
2024-10-01T11:24:03.831-0400 [DEBUG] [org.gradle.cache.internal.DefaultFileLockManager] Releasing lock on daemon addresses registry.
2024-10-01T11:24:03.832-0400 [DEBUG] [org.gradle.cache.internal.DefaultFileLockManager] Waiting to acquire shared lock on daemon addresses registry.
2024-10-01T11:24:03.832-0400 [DEBUG] [org.gradle.cache.internal.DefaultFileLockManager] Lock acquired on daemon addresses registry.
2024-10-01T11:24:03.833-0400 [DEBUG] [org.gradle.cache.internal.DefaultFileLockManager] Releasing lock on daemon addresses registry.
2024-10-01T11:24:13.833-0400 [DEBUG] [org.gradle.cache.internal.DefaultFileLockManager] Waiting to acquire shared lock on daemon addresses registry.
2024-10-01T11:24:13.833-0400 [DEBUG] [org.gradle.cache.internal.DefaultFileLockManager] Lock acquired on daemon addresses registry.
2024-10-01T11:24:13.834-0400 [DEBUG] [org.gradle.cache.internal.DefaultFileLockManager] Releasing lock on daemon addresses registry.
2024-10-01T11:24:13.836-0400 [DEBUG] [org.gradle.cache.internal.DefaultFileLockManager] Waiting to acquire shared lock on daemon addresses registry.
2024-10-01T11:24:13.836-0400 [DEBUG] [org.gradle.cache.internal.DefaultFileLockManager] Lock acquired on daemon addresses registry.
2024-10-01T11:24:13.836-0400 [DEBUG] [org.gradle.cache.internal.DefaultFileLockManager] Releasing lock on daemon addresses registry.
2024-10-01T11:24:13.838-0400 [DEBUG] [org.gradle.cache.internal.DefaultFileLockManager] Waiting to acquire shared lock on daemon addresses registry.
2024-10-01T11:24:13.839-0400 [DEBUG] [org.gradle.cache.internal.DefaultFileLockManager] Lock acquired on daemon addresses registry.
2024-10-01T11:24:13.840-0400 [DEBUG] [org.gradle.cache.internal.DefaultFileLockManager] Releasing lock on daemon addresses registry.
2024-10-01T11:24:23.841-0400 [DEBUG] [org.gradle.cache.internal.DefaultFileLockManager] Waiting to acquire shared lock on daemon addresses registry.
2024-10-01T11:24:23.842-0400 [DEBUG] [org.gradle.cache.internal.DefaultFileLockManager] Lock acquired on daemon addresses registry.
2024-10-01T11:24:23.842-0400 [DEBUG] [org.gradle.cache.internal.DefaultFileLockManager] Releasing lock on daemon addresses registry.
2024-10-01T11:24:23.844-0400 [DEBUG] [org.gradle.cache.internal.DefaultFileLockManager] Waiting to acquire shared lock on daemon addresses registry.
2024-10-01T11:24:23.845-0400 [DEBUG] [org.gradle.cache.internal.DefaultFileLockManager] Lock acquired on daemon addresses registry.
2024-10-01T11:24:23.845-0400 [DEBUG] [org.gradle.cache.internal.DefaultFileLockManager] Releasing lock on daemon addresses registry.
2024-10-01T11:24:23.847-0400 [DEBUG] [org.gradle.cache.internal.DefaultFileLockManager] Waiting to acquire shared lock on daemon addresses registry.
2024-10-01T11:24:23.847-0400 [DEBUG] [org.gradle.cache.internal.DefaultFileLockManager] Lock acquired on daemon addresses registry.
2024-10-01T11:24:23.848-0400 [DEBUG] [org.gradle.cache.internal.DefaultFileLockManager] Releasing lock on daemon addresses registry.
2024-10-01T11:24:33.834-0400 [DEBUG] [org.gradle.cache.internal.DefaultFileLockManager] Waiting to acquire shared lock on daemon addresses registry.
2024-10-01T11:24:33.835-0400 [DEBUG] [org.gradle.cache.internal.DefaultFileLockManager] Lock acquired on daemon addresses registry.
2024-10-01T11:24:33.835-0400 [DEBUG] [org.gradle.cache.internal.DefaultFileLockManager] Releasing lock on daemon addresses registry.
2024-10-01T11:24:33.838-0400 [DEBUG] [org.gradle.cache.internal.DefaultFileLockManager] Waiting to acquire shared lock on daemon addresses registry.
2024-10-01T11:24:33.838-0400 [DEBUG] [org.gradle.cache.internal.DefaultFileLockManager] Lock acquired on daemon addresses registry.
2024-10-01T11:24:33.839-0400 [DEBUG] [org.gradle.cache.internal.DefaultFileLockManager] Releasing lock on daemon addresses registry.
2024-10-01T11:24:33.844-0400 [DEBUG] [org.gradle.cache.internal.DefaultFileLockManager] Waiting to acquire shared lock on daemon addresses registry.
2024-10-01T11:24:33.844-0400 [DEBUG] [org.gradle.cache.internal.DefaultFileLockManager] Lock acquired on daemon addresses registry.
2024-10-01T11:24:33.845-0400 [DEBUG] [org.gradle.cache.internal.DefaultFileLockManager] Releasing lock on daemon addresses registry.
2024-10-01T11:24:43.834-0400 [DEBUG] [org.gradle.cache.internal.DefaultFileLockManager] Waiting to acquire shared lock on daemon addresses registry.
2024-10-01T11:24:43.835-0400 [DEBUG] [org.gradle.cache.internal.DefaultFileLockManager] Lock acquired on daemon addresses registry.
2024-10-01T11:24:43.835-0400 [DEBUG] [org.gradle.cache.internal.DefaultFileLockManager] Releasing lock on daemon addresses registry.
2024-10-01T11:24:43.837-0400 [DEBUG] [org.gradle.cache.internal.DefaultFileLockManager] Waiting to acquire shared lock on daemon addresses registry.
2024-10-01T11:24:43.838-0400 [DEBUG] [org.gradle.cache.internal.DefaultFileLockManager] Lock acquired on daemon addresses registry.
2024-10-01T11:24:43.838-0400 [DEBUG] [org.gradle.cache.internal.DefaultFileLockManager] Releasing lock on daemon addresses registry.
2024-10-01T11:24:43.840-0400 [DEBUG] [org.gradle.cache.internal.DefaultFileLockManager] Waiting to acquire shared lock on daemon addresses registry.
2024-10-01T11:24:43.843-0400 [DEBUG] [org.gradle.cache.internal.DefaultFileLockManager] Lock acquired on daemon addresses registry.
2024-10-01T11:24:43.843-0400 [DEBUG] [org.gradle.cache.internal.DefaultFileLockManager] Releasing lock on daemon addresses registry.
2024-10-01T11:24:53.829-0400 [DEBUG] [org.gradle.cache.internal.DefaultFileLockManager] Waiting to acquire shared lock on daemon addresses registry.
2024-10-01T11:24:53.830-0400 [DEBUG] [org.gradle.cache.internal.DefaultFileLockManager] Lock acquired on daemon addresses registry.
2024-10-01T11:24:53.830-0400 [DEBUG] [org.gradle.cache.internal.DefaultFileLockManager] Releasing lock on daemon addresses registry.
2024-10-01T11:24:53.833-0400 [DEBUG] [org.gradle.cache.internal.DefaultFileLockManager] Waiting to acquire shared lock on daemon addresses registry.
2024-10-01T11:24:53.833-0400 [DEBUG] [org.gradle.cache.internal.DefaultFileLockManager] Lock acquired on daemon addresses registry.
2024-10-01T11:24:53.833-0400 [DEBUG] [org.gradle.cache.internal.DefaultFileLockManager] Releasing lock on daemon addresses registry.
2024-10-01T11:24:53.835-0400 [DEBUG] [org.gradle.cache.internal.DefaultFileLockManager] Waiting to acquire shared lock on daemon addresses registry.
2024-10-01T11:24:53.835-0400 [DEBUG] [org.gradle.cache.internal.DefaultFileLockManager] Lock acquired on daemon addresses registry.
2024-10-01T11:24:53.836-0400 [DEBUG] [org.gradle.cache.internal.DefaultFileLockManager] Releasing lock on daemon addresses registry.
2024-10-01T11:25:03.845-0400 [DEBUG] [org.gradle.cache.internal.DefaultFileLockManager] Waiting to acquire shared lock on daemon addresses registry.
2024-10-01T11:25:03.846-0400 [DEBUG] [org.gradle.cache.internal.DefaultFileLockManager] Lock acquired on daemon addresses registry.
2024-10-01T11:25:03.846-0400 [DEBUG] [org.gradle.cache.internal.DefaultFileLockManager] Releasing lock on daemon addresses registry.
2024-10-01T11:25:03.848-0400 [DEBUG] [org.gradle.cache.internal.DefaultFileLockManager] Waiting to acquire shared lock on daemon addresses registry.
2024-10-01T11:25:03.849-0400 [DEBUG] [org.gradle.cache.internal.DefaultFileLockManager] Lock acquired on daemon addresses registry.
2024-10-01T11:25:03.849-0400 [DEBUG] [org.gradle.cache.internal.DefaultFileLockManager] Releasing lock on daemon addresses registry.
2024-10-01T11:25:03.851-0400 [DEBUG] [org.gradle.cache.internal.DefaultFileLockManager] Waiting to acquire shared lock on daemon addresses registry.
2024-10-01T11:25:03.851-0400 [DEBUG] [org.gradle.cache.internal.DefaultFileLockManager] Lock acquired on daemon addresses registry.
2024-10-01T11:25:03.851-0400 [DEBUG] [org.gradle.cache.internal.DefaultFileLockManager] Releasing lock on daemon addresses registry.
2024-10-01T11:25:13.829-0400 [DEBUG] [org.gradle.cache.internal.DefaultFileLockManager] Waiting to acquire shared lock on daemon addresses registry.
2024-10-01T11:25:13.829-0400 [DEBUG] [org.gradle.cache.internal.DefaultFileLockManager] Lock acquired on daemon addresses registry.
2024-10-01T11:25:13.830-0400 [DEBUG] [org.gradle.cache.internal.DefaultFileLockManager] Releasing lock on daemon addresses registry.
2024-10-01T11:25:13.831-0400 [DEBUG] [org.gradle.cache.internal.DefaultFileLockManager] Waiting to acquire shared lock on daemon addresses registry.
2024-10-01T11:25:13.832-0400 [DEBUG] [org.gradle.cache.internal.DefaultFileLockManager] Lock acquired on daemon addresses registry.
2024-10-01T11:25:13.832-0400 [DEBUG] [org.gradle.cache.internal.DefaultFileLockManager] Releasing lock on daemon addresses registry.
2024-10-01T11:25:13.834-0400 [DEBUG] [org.gradle.cache.internal.DefaultFileLockManager] Waiting to acquire shared lock on daemon addresses registry.
2024-10-01T11:25:13.834-0400 [DEBUG] [org.gradle.cache.internal.DefaultFileLockManager] Lock acquired on daemon addresses registry.
2024-10-01T11:25:13.835-0400 [DEBUG] [org.gradle.cache.internal.DefaultFileLockManager] Releasing lock on daemon addresses registry.
2024-10-01T11:25:23.836-0400 [DEBUG] [org.gradle.cache.internal.DefaultFileLockManager] Waiting to acquire shared lock on daemon addresses registry.
2024-10-01T11:25:23.836-0400 [DEBUG] [org.gradle.cache.internal.DefaultFileLockManager] Lock acquired on daemon addresses registry.
2024-10-01T11:25:23.837-0400 [DEBUG] [org.gradle.cache.internal.DefaultFileLockManager] Releasing lock on daemon addresses registry.
2024-10-01T11:25:23.839-0400 [DEBUG] [org.gradle.cache.internal.DefaultFileLockManager] Waiting to acquire shared lock on daemon addresses registry.
2024-10-01T11:25:23.839-0400 [DEBUG] [org.gradle.cache.internal.DefaultFileLockManager] Lock acquired on daemon addresses registry.
2024-10-01T11:25:23.839-0400 [DEBUG] [org.gradle.cache.internal.DefaultFileLockManager] Releasing lock on daemon addresses registry.
2024-10-01T11:25:23.841-0400 [DEBUG] [org.gradle.cache.internal.DefaultFileLockManager] Waiting to acquire shared lock on daemon addresses registry.
2024-10-01T11:25:23.841-0400 [DEBUG] [org.gradle.cache.internal.DefaultFileLockManager] Lock acquired on daemon addresses registry.
2024-10-01T11:25:23.842-0400 [DEBUG] [org.gradle.cache.internal.DefaultFileLockManager] Releasing lock on daemon addresses registry.
2024-10-01T11:25:33.831-0400 [DEBUG] [org.gradle.cache.internal.DefaultFileLockManager] Waiting to acquire shared lock on daemon addresses registry.
2024-10-01T11:25:33.831-0400 [DEBUG] [org.gradle.cache.internal.DefaultFileLockManager] Lock acquired on daemon addresses registry.
2024-10-01T11:25:33.832-0400 [DEBUG] [org.gradle.cache.internal.DefaultFileLockManager] Releasing lock on daemon addresses registry.
2024-10-01T11:25:33.834-0400 [DEBUG] [org.gradle.cache.internal.DefaultFileLockManager] Waiting to acquire shared lock on daemon addresses registry.
2024-10-01T11:25:33.834-0400 [DEBUG] [org.gradle.cache.internal.DefaultFileLockManager] Lock acquired on daemon addresses registry.
2024-10-01T11:25:33.835-0400 [DEBUG] [org.gradle.cache.internal.DefaultFileLockManager] Releasing lock on daemon addresses registry.
2024-10-01T11:25:33.837-0400 [DEBUG] [org.gradle.cache.internal.DefaultFileLockManager] Waiting to acquire shared lock on daemon addresses registry.
2024-10-01T11:25:33.837-0400 [DEBUG] [org.gradle.cache.internal.DefaultFileLockManager] Lock acquired on daemon addresses registry.
2024-10-01T11:25:33.838-0400 [DEBUG] [org.gradle.cache.internal.DefaultFileLockManager] Releasing lock on daemon addresses registry.
2024-10-01T11:25:43.830-0400 [DEBUG] [org.gradle.cache.internal.DefaultFileLockManager] Waiting to acquire shared lock on daemon addresses registry.
2024-10-01T11:25:43.831-0400 [DEBUG] [org.gradle.cache.internal.DefaultFileLockManager] Lock acquired on daemon addresses registry.
2024-10-01T11:25:43.831-0400 [DEBUG] [org.gradle.cache.internal.DefaultFileLockManager] Releasing lock on daemon addresses registry.
2024-10-01T11:25:43.833-0400 [DEBUG] [org.gradle.cache.internal.DefaultFileLockManager] Waiting to acquire shared lock on daemon addresses registry.
2024-10-01T11:25:43.834-0400 [DEBUG] [org.gradle.cache.internal.DefaultFileLockManager] Lock acquired on daemon addresses registry.
2024-10-01T11:25:43.834-0400 [DEBUG] [org.gradle.cache.internal.DefaultFileLockManager] Releasing lock on daemon addresses registry.
2024-10-01T11:25:43.836-0400 [DEBUG] [org.gradle.cache.internal.DefaultFileLockManager] Waiting to acquire shared lock on daemon addresses registry.
2024-10-01T11:25:43.836-0400 [DEBUG] [org.gradle.cache.internal.DefaultFileLockManager] Lock acquired on daemon addresses registry.
2024-10-01T11:25:43.836-0400 [DEBUG] [org.gradle.cache.internal.DefaultFileLockManager] Releasing lock on daemon addresses registry.
2024-10-01T11:25:53.839-0400 [DEBUG] [org.gradle.cache.internal.DefaultFileLockManager] Waiting to acquire shared lock on daemon addresses registry.
2024-10-01T11:25:53.839-0400 [DEBUG] [org.gradle.cache.internal.DefaultFileLockManager] Lock acquired on daemon addresses registry.
2024-10-01T11:25:53.840-0400 [DEBUG] [org.gradle.cache.internal.DefaultFileLockManager] Releasing lock on daemon addresses registry.
2024-10-01T11:25:53.842-0400 [DEBUG] [org.gradle.cache.internal.DefaultFileLockManager] Waiting to acquire shared lock on daemon addresses registry.
2024-10-01T11:25:53.842-0400 [DEBUG] [org.gradle.cache.internal.DefaultFileLockManager] Lock acquired on daemon addresses registry.
2024-10-01T11:25:53.842-0400 [DEBUG] [org.gradle.cache.internal.DefaultFileLockManager] Releasing lock on daemon addresses registry.
2024-10-01T11:25:53.844-0400 [DEBUG] [org.gradle.cache.internal.DefaultFileLockManager] Waiting to acquire shared lock on daemon addresses registry.
2024-10-01T11:25:53.845-0400 [DEBUG] [org.gradle.cache.internal.DefaultFileLockManager] Lock acquired on daemon addresses registry.
2024-10-01T11:25:53.845-0400 [DEBUG] [org.gradle.cache.internal.DefaultFileLockManager] Releasing lock on daemon addresses registry.
2024-10-01T11:26:03.831-0400 [DEBUG] [org.gradle.cache.internal.DefaultFileLockManager] Waiting to acquire shared lock on daemon addresses registry.
2024-10-01T11:26:03.831-0400 [DEBUG] [org.gradle.cache.internal.DefaultFileLockManager] Lock acquired on daemon addresses registry.
2024-10-01T11:26:03.832-0400 [DEBUG] [org.gradle.cache.internal.DefaultFileLockManager] Releasing lock on daemon addresses registry.
2024-10-01T11:26:03.834-0400 [DEBUG] [org.gradle.cache.internal.DefaultFileLockManager] Waiting to acquire shared lock on daemon addresses registry.
2024-10-01T11:26:03.834-0400 [DEBUG] [org.gradle.cache.internal.DefaultFileLockManager] Lock acquired on daemon addresses registry.
2024-10-01T11:26:03.835-0400 [DEBUG] [org.gradle.cache.internal.DefaultFileLockManager] Releasing lock on daemon addresses registry.
2024-10-01T11:26:03.836-0400 [DEBUG] [org.gradle.cache.internal.DefaultFileLockManager] Waiting to acquire shared lock on daemon addresses registry.
2024-10-01T11:26:03.837-0400 [DEBUG] [org.gradle.cache.internal.DefaultFileLockManager] Lock acquired on daemon addresses registry.
2024-10-01T11:26:03.837-0400 [DEBUG] [org.gradle.cache.internal.DefaultFileLockManager] Releasing lock on daemon addresses registry.
2024-10-01T11:26:13.836-0400 [DEBUG] [org.gradle.cache.internal.DefaultFileLockManager] Waiting to acquire shared lock on daemon addresses registry.
2024-10-01T11:26:13.836-0400 [DEBUG] [org.gradle.cache.internal.DefaultFileLockManager] Lock acquired on daemon addresses registry.
2024-10-01T11:26:13.837-0400 [DEBUG] [org.gradle.cache.internal.DefaultFileLockManager] Releasing lock on daemon addresses registry.
2024-10-01T11:26:13.839-0400 [DEBUG] [org.gradle.cache.internal.DefaultFileLockManager] Waiting to acquire shared lock on daemon addresses registry.
2024-10-01T11:26:13.839-0400 [DEBUG] [org.gradle.cache.internal.DefaultFileLockManager] Lock acquired on daemon addresses registry.
2024-10-01T11:26:13.839-0400 [DEBUG] [org.gradle.cache.internal.DefaultFileLockManager] Releasing lock on daemon addresses registry.
2024-10-01T11:26:13.841-0400 [DEBUG] [org.gradle.cache.internal.DefaultFileLockManager] Waiting to acquire shared lock on daemon addresses registry.
2024-10-01T11:26:13.841-0400 [DEBUG] [org.gradle.cache.internal.DefaultFileLockManager] Lock acquired on daemon addresses registry.
2024-10-01T11:26:13.841-0400 [DEBUG] [org.gradle.cache.internal.DefaultFileLockManager] Releasing lock on daemon addresses registry.
2024-10-01T11:26:23.837-0400 [DEBUG] [org.gradle.cache.internal.DefaultFileLockManager] Waiting to acquire shared lock on daemon addresses registry.
2024-10-01T11:26:23.837-0400 [DEBUG] [org.gradle.cache.internal.DefaultFileLockManager] Lock acquired on daemon addresses registry.
2024-10-01T11:26:23.838-0400 [DEBUG] [org.gradle.cache.internal.DefaultFileLockManager] Releasing lock on daemon addresses registry.
2024-10-01T11:26:23.840-0400 [DEBUG] [org.gradle.cache.internal.DefaultFileLockManager] Waiting to acquire shared lock on daemon addresses registry.
2024-10-01T11:26:23.840-0400 [DEBUG] [org.gradle.cache.internal.DefaultFileLockManager] Lock acquired on daemon addresses registry.
2024-10-01T11:26:23.841-0400 [DEBUG] [org.gradle.cache.internal.DefaultFileLockManager] Releasing lock on daemon addresses registry.
2024-10-01T11:26:23.842-0400 [DEBUG] [org.gradle.cache.internal.DefaultFileLockManager] Waiting to acquire shared lock on daemon addresses registry.
2024-10-01T11:26:23.843-0400 [DEBUG] [org.gradle.cache.internal.DefaultFileLockManager] Lock acquired on daemon addresses registry.
2024-10-01T11:26:23.843-0400 [DEBUG] [org.gradle.cache.internal.DefaultFileLockManager] Releasing lock on daemon addresses registry.
2024-10-01T11:26:33.840-0400 [DEBUG] [org.gradle.cache.internal.DefaultFileLockManager] Waiting to acquire shared lock on daemon addresses registry.
2024-10-01T11:26:33.840-0400 [DEBUG] [org.gradle.cache.internal.DefaultFileLockManager] Lock acquired on daemon addresses registry.
2024-10-01T11:26:33.841-0400 [DEBUG] [org.gradle.cache.internal.DefaultFileLockManager] Releasing lock on daemon addresses registry.
2024-10-01T11:26:33.843-0400 [DEBUG] [org.gradle.cache.internal.DefaultFileLockManager] Waiting to acquire shared lock on daemon addresses registry.
2024-10-01T11:26:33.843-0400 [DEBUG] [org.gradle.cache.internal.DefaultFileLockManager] Lock acquired on daemon addresses registry.
2024-10-01T11:26:33.844-0400 [DEBUG] [org.gradle.cache.internal.DefaultFileLockManager] Releasing lock on daemon addresses registry.
2024-10-01T11:26:33.846-0400 [DEBUG] [org.gradle.cache.internal.DefaultFileLockManager] Waiting to acquire shared lock on daemon addresses registry.
2024-10-01T11:26:33.846-0400 [DEBUG] [org.gradle.cache.internal.DefaultFileLockManager] Lock acquired on daemon addresses registry.
2024-10-01T11:26:33.847-0400 [DEBUG] [org.gradle.cache.internal.DefaultFileLockManager] Releasing lock on daemon addresses registry.
2024-10-01T11:26:43.835-0400 [DEBUG] [org.gradle.cache.internal.DefaultFileLockManager] Waiting to acquire shared lock on daemon addresses registry.
2024-10-01T11:26:43.836-0400 [DEBUG] [org.gradle.cache.internal.DefaultFileLockManager] Lock acquired on daemon addresses registry.
2024-10-01T11:26:43.836-0400 [DEBUG] [org.gradle.cache.internal.DefaultFileLockManager] Releasing lock on daemon addresses registry.
2024-10-01T11:26:43.839-0400 [DEBUG] [org.gradle.cache.internal.DefaultFileLockManager] Waiting to acquire shared lock on daemon addresses registry.
2024-10-01T11:26:43.839-0400 [DEBUG] [org.gradle.cache.internal.DefaultFileLockManager] Lock acquired on daemon addresses registry.
2024-10-01T11:26:43.839-0400 [DEBUG] [org.gradle.cache.internal.DefaultFileLockManager] Releasing lock on daemon addresses registry.
2024-10-01T11:26:43.841-0400 [DEBUG] [org.gradle.cache.internal.DefaultFileLockManager] Waiting to acquire shared lock on daemon addresses registry.
2024-10-01T11:26:43.841-0400 [DEBUG] [org.gradle.cache.internal.DefaultFileLockManager] Lock acquired on daemon addresses registry.
2024-10-01T11:26:43.842-0400 [DEBUG] [org.gradle.cache.internal.DefaultFileLockManager] Releasing lock on daemon addresses registry.
2024-10-01T11:26:53.833-0400 [DEBUG] [org.gradle.cache.internal.DefaultFileLockManager] Waiting to acquire shared lock on daemon addresses registry.
2024-10-01T11:26:53.833-0400 [DEBUG] [org.gradle.cache.internal.DefaultFileLockManager] Lock acquired on daemon addresses registry.
2024-10-01T11:26:53.834-0400 [DEBUG] [org.gradle.cache.internal.DefaultFileLockManager] Releasing lock on daemon addresses registry.
2024-10-01T11:26:53.836-0400 [DEBUG] [org.gradle.cache.internal.DefaultFileLockManager] Waiting to acquire shared lock on daemon addresses registry.
2024-10-01T11:26:53.836-0400 [DEBUG] [org.gradle.cache.internal.DefaultFileLockManager] Lock acquired on daemon addresses registry.
2024-10-01T11:26:53.837-0400 [DEBUG] [org.gradle.cache.internal.DefaultFileLockManager] Releasing lock on daemon addresses registry.
2024-10-01T11:26:53.838-0400 [DEBUG] [org.gradle.cache.internal.DefaultFileLockManager] Waiting to acquire shared lock on daemon addresses registry.
2024-10-01T11:26:53.838-0400 [DEBUG] [org.gradle.cache.internal.DefaultFileLockManager] Lock acquired on daemon addresses registry.
2024-10-01T11:26:53.839-0400 [DEBUG] [org.gradle.cache.internal.DefaultFileLockManager] Releasing lock on daemon addresses registry.
2024-10-01T11:27:03.834-0400 [DEBUG] [org.gradle.cache.internal.DefaultFileLockManager] Waiting to acquire shared lock on daemon addresses registry.
2024-10-01T11:27:03.835-0400 [DEBUG] [org.gradle.cache.internal.DefaultFileLockManager] Lock acquired on daemon addresses registry.
2024-10-01T11:27:03.835-0400 [DEBUG] [org.gradle.cache.internal.DefaultFileLockManager] Releasing lock on daemon addresses registry.
2024-10-01T11:27:03.837-0400 [DEBUG] [org.gradle.cache.internal.DefaultFileLockManager] Waiting to acquire shared lock on daemon addresses registry.
2024-10-01T11:27:03.838-0400 [DEBUG] [org.gradle.cache.internal.DefaultFileLockManager] Lock acquired on daemon addresses registry.
2024-10-01T11:27:03.838-0400 [DEBUG] [org.gradle.cache.internal.DefaultFileLockManager] Releasing lock on daemon addresses registry.
2024-10-01T11:27:03.840-0400 [DEBUG] [org.gradle.cache.internal.DefaultFileLockManager] Waiting to acquire shared lock on daemon addresses registry.
2024-10-01T11:27:03.840-0400 [DEBUG] [org.gradle.cache.internal.DefaultFileLockManager] Lock acquired on daemon addresses registry.
2024-10-01T11:27:03.841-0400 [DEBUG] [org.gradle.cache.internal.DefaultFileLockManager] Releasing lock on daemon addresses registry.
2024-10-01T11:27:13.831-0400 [DEBUG] [org.gradle.cache.internal.DefaultFileLockManager] Waiting to acquire shared lock on daemon addresses registry.
2024-10-01T11:27:13.832-0400 [DEBUG] [org.gradle.cache.internal.DefaultFileLockManager] Lock acquired on daemon addresses registry.
2024-10-01T11:27:13.833-0400 [DEBUG] [org.gradle.cache.internal.DefaultFileLockManager] Releasing lock on daemon addresses registry.
2024-10-01T11:27:13.835-0400 [DEBUG] [org.gradle.cache.internal.DefaultFileLockManager] Waiting to acquire shared lock on daemon addresses registry.
2024-10-01T11:27:13.836-0400 [DEBUG] [org.gradle.cache.internal.DefaultFileLockManager] Lock acquired on daemon addresses registry.
2024-10-01T11:27:13.836-0400 [DEBUG] [org.gradle.cache.internal.DefaultFileLockManager] Releasing lock on daemon addresses registry.
2024-10-01T11:27:13.838-0400 [DEBUG] [org.gradle.cache.internal.DefaultFileLockManager] Waiting to acquire shared lock on daemon addresses registry.
2024-10-01T11:27:13.838-0400 [DEBUG] [org.gradle.cache.internal.DefaultFileLockManager] Lock acquired on daemon addresses registry.
2024-10-01T11:27:13.839-0400 [DEBUG] [org.gradle.cache.internal.DefaultFileLockManager] Releasing lock on daemon addresses registry.
2024-10-01T11:27:23.836-0400 [DEBUG] [org.gradle.cache.internal.DefaultFileLockManager] Waiting to acquire shared lock on daemon addresses registry.
2024-10-01T11:27:23.836-0400 [DEBUG] [org.gradle.cache.internal.DefaultFileLockManager] Lock acquired on daemon addresses registry.
2024-10-01T11:27:23.837-0400 [DEBUG] [org.gradle.cache.internal.DefaultFileLockManager] Releasing lock on daemon addresses registry.
2024-10-01T11:27:23.839-0400 [DEBUG] [org.gradle.cache.internal.DefaultFileLockManager] Waiting to acquire shared lock on daemon addresses registry.
2024-10-01T11:27:23.839-0400 [DEBUG] [org.gradle.cache.internal.DefaultFileLockManager] Lock acquired on daemon addresses registry.
2024-10-01T11:27:23.840-0400 [DEBUG] [org.gradle.cache.internal.DefaultFileLockManager] Releasing lock on daemon addresses registry.
2024-10-01T11:27:23.842-0400 [DEBUG] [org.gradle.cache.internal.DefaultFileLockManager] Waiting to acquire shared lock on daemon addresses registry.
2024-10-01T11:27:23.842-0400 [DEBUG] [org.gradle.cache.internal.DefaultFileLockManager] Lock acquired on daemon addresses registry.
2024-10-01T11:27:23.842-0400 [DEBUG] [org.gradle.cache.internal.DefaultFileLockManager] Releasing lock on daemon addresses registry.
2024-10-01T11:27:33.833-0400 [DEBUG] [org.gradle.cache.internal.DefaultFileLockManager] Waiting to acquire shared lock on daemon addresses registry.
2024-10-01T11:27:33.833-0400 [DEBUG] [org.gradle.cache.internal.DefaultFileLockManager] Lock acquired on daemon addresses registry.
2024-10-01T11:27:33.834-0400 [DEBUG] [org.gradle.cache.internal.DefaultFileLockManager] Releasing lock on daemon addresses registry.
2024-10-01T11:27:33.837-0400 [DEBUG] [org.gradle.cache.internal.DefaultFileLockManager] Waiting to acquire shared lock on daemon addresses registry.
2024-10-01T11:27:33.837-0400 [DEBUG] [org.gradle.cache.internal.DefaultFileLockManager] Lock acquired on daemon addresses registry.
2024-10-01T11:27:33.838-0400 [DEBUG] [org.gradle.cache.internal.DefaultFileLockManager] Releasing lock on daemon addresses registry.
2024-10-01T11:27:33.839-0400 [DEBUG] [org.gradle.cache.internal.DefaultFileLockManager] Waiting to acquire shared lock on daemon addresses registry.
2024-10-01T11:27:33.840-0400 [DEBUG] [org.gradle.cache.internal.DefaultFileLockManager] Lock acquired on daemon addresses registry.
2024-10-01T11:27:33.840-0400 [DEBUG] [org.gradle.cache.internal.DefaultFileLockManager] Releasing lock on daemon addresses registry.
2024-10-01T11:27:43.828-0400 [DEBUG] [org.gradle.cache.internal.DefaultFileLockManager] Waiting to acquire shared lock on daemon addresses registry.
2024-10-01T11:27:43.828-0400 [DEBUG] [org.gradle.cache.internal.DefaultFileLockManager] Lock acquired on daemon addresses registry.
2024-10-01T11:27:43.829-0400 [DEBUG] [org.gradle.cache.internal.DefaultFileLockManager] Releasing lock on daemon addresses registry.
2024-10-01T11:27:43.833-0400 [DEBUG] [org.gradle.cache.internal.DefaultFileLockManager] Waiting to acquire shared lock on daemon addresses registry.
2024-10-01T11:27:43.834-0400 [DEBUG] [org.gradle.cache.internal.DefaultFileLockManager] Lock acquired on daemon addresses registry.
2024-10-01T11:27:43.834-0400 [DEBUG] [org.gradle.cache.internal.DefaultFileLockManager] Releasing lock on daemon addresses registry.
2024-10-01T11:27:43.836-0400 [DEBUG] [org.gradle.cache.internal.DefaultFileLockManager] Waiting to acquire shared lock on daemon addresses registry.
2024-10-01T11:27:43.836-0400 [DEBUG] [org.gradle.cache.internal.DefaultFileLockManager] Lock acquired on daemon addresses registry.
2024-10-01T11:27:43.837-0400 [DEBUG] [org.gradle.cache.internal.DefaultFileLockManager] Releasing lock on daemon addresses registry.
2024-10-01T11:27:53.833-0400 [DEBUG] [org.gradle.cache.internal.DefaultFileLockManager] Waiting to acquire shared lock on daemon addresses registry.
2024-10-01T11:27:53.833-0400 [DEBUG] [org.gradle.cache.internal.DefaultFileLockManager] Lock acquired on daemon addresses registry.
2024-10-01T11:27:53.834-0400 [DEBUG] [org.gradle.cache.internal.DefaultFileLockManager] Releasing lock on daemon addresses registry.
2024-10-01T11:27:53.836-0400 [DEBUG] [org.gradle.cache.internal.DefaultFileLockManager] Waiting to acquire shared lock on daemon addresses registry.
2024-10-01T11:27:53.837-0400 [DEBUG] [org.gradle.cache.internal.DefaultFileLockManager] Lock acquired on daemon addresses registry.
2024-10-01T11:27:53.837-0400 [DEBUG] [org.gradle.cache.internal.DefaultFileLockManager] Releasing lock on daemon addresses registry.
2024-10-01T11:27:53.839-0400 [DEBUG] [org.gradle.cache.internal.DefaultFileLockManager] Waiting to acquire shared lock on daemon addresses registry.
2024-10-01T11:27:53.839-0400 [DEBUG] [org.gradle.cache.internal.DefaultFileLockManager] Lock acquired on daemon addresses registry.
2024-10-01T11:27:53.840-0400 [DEBUG] [org.gradle.cache.internal.DefaultFileLockManager] Releasing lock on daemon addresses registry.
2024-10-01T11:28:03.832-0400 [DEBUG] [org.gradle.cache.internal.DefaultFileLockManager] Waiting to acquire shared lock on daemon addresses registry.
2024-10-01T11:28:03.832-0400 [DEBUG] [org.gradle.cache.internal.DefaultFileLockManager] Lock acquired on daemon addresses registry.
2024-10-01T11:28:03.833-0400 [DEBUG] [org.gradle.cache.internal.DefaultFileLockManager] Releasing lock on daemon addresses registry.
2024-10-01T11:28:03.835-0400 [DEBUG] [org.gradle.cache.internal.DefaultFileLockManager] Waiting to acquire shared lock on daemon addresses registry.
2024-10-01T11:28:03.835-0400 [DEBUG] [org.gradle.cache.internal.DefaultFileLockManager] Lock acquired on daemon addresses registry.
2024-10-01T11:28:03.836-0400 [DEBUG] [org.gradle.cache.internal.DefaultFileLockManager] Releasing lock on daemon addresses registry.
2024-10-01T11:28:03.837-0400 [DEBUG] [org.gradle.cache.internal.DefaultFileLockManager] Waiting to acquire shared lock on daemon addresses registry.
2024-10-01T11:28:03.838-0400 [DEBUG] [org.gradle.cache.internal.DefaultFileLockManager] Lock acquired on daemon addresses registry.
2024-10-01T11:28:03.838-0400 [DEBUG] [org.gradle.cache.internal.DefaultFileLockManager] Releasing lock on daemon addresses registry.
2024-10-01T11:28:13.837-0400 [DEBUG] [org.gradle.cache.internal.DefaultFileLockManager] Waiting to acquire shared lock on daemon addresses registry.
2024-10-01T11:28:13.837-0400 [DEBUG] [org.gradle.cache.internal.DefaultFileLockManager] Lock acquired on daemon addresses registry.
2024-10-01T11:28:13.838-0400 [DEBUG] [org.gradle.cache.internal.DefaultFileLockManager] Releasing lock on daemon addresses registry.
2024-10-01T11:28:13.839-0400 [DEBUG] [org.gradle.cache.internal.DefaultFileLockManager] Waiting to acquire shared lock on daemon addresses registry.
2024-10-01T11:28:13.840-0400 [DEBUG] [org.gradle.cache.internal.DefaultFileLockManager] Lock acquired on daemon addresses registry.
2024-10-01T11:28:13.840-0400 [DEBUG] [org.gradle.cache.internal.DefaultFileLockManager] Releasing lock on daemon addresses registry.
2024-10-01T11:28:13.842-0400 [DEBUG] [org.gradle.cache.internal.DefaultFileLockManager] Waiting to acquire shared lock on daemon addresses registry.
2024-10-01T11:28:13.842-0400 [DEBUG] [org.gradle.cache.internal.DefaultFileLockManager] Lock acquired on daemon addresses registry.
2024-10-01T11:28:13.842-0400 [DEBUG] [org.gradle.cache.internal.DefaultFileLockManager] Releasing lock on daemon addresses registry.
2024-10-01T11:28:23.828-0400 [DEBUG] [org.gradle.cache.internal.DefaultFileLockManager] Waiting to acquire shared lock on daemon addresses registry.
2024-10-01T11:28:23.829-0400 [DEBUG] [org.gradle.cache.internal.DefaultFileLockManager] Lock acquired on daemon addresses registry.
2024-10-01T11:28:23.829-0400 [DEBUG] [org.gradle.cache.internal.DefaultFileLockManager] Releasing lock on daemon addresses registry.
2024-10-01T11:28:23.831-0400 [DEBUG] [org.gradle.cache.internal.DefaultFileLockManager] Waiting to acquire shared lock on daemon addresses registry.
2024-10-01T11:28:23.831-0400 [DEBUG] [org.gradle.cache.internal.DefaultFileLockManager] Lock acquired on daemon addresses registry.
2024-10-01T11:28:23.832-0400 [DEBUG] [org.gradle.cache.internal.DefaultFileLockManager] Releasing lock on daemon addresses registry.
2024-10-01T11:28:23.833-0400 [DEBUG] [org.gradle.cache.internal.DefaultFileLockManager] Waiting to acquire shared lock on daemon addresses registry.
2024-10-01T11:28:23.833-0400 [DEBUG] [org.gradle.cache.internal.DefaultFileLockManager] Lock acquired on daemon addresses registry.
2024-10-01T11:28:23.834-0400 [DEBUG] [org.gradle.cache.internal.DefaultFileLockManager] Releasing lock on daemon addresses registry.
2024-10-01T11:28:33.845-0400 [DEBUG] [org.gradle.cache.internal.DefaultFileLockManager] Waiting to acquire shared lock on daemon addresses registry.
2024-10-01T11:28:33.846-0400 [DEBUG] [org.gradle.cache.internal.DefaultFileLockManager] Lock acquired on daemon addresses registry.
2024-10-01T11:28:33.847-0400 [DEBUG] [org.gradle.cache.internal.DefaultFileLockManager] Releasing lock on daemon addresses registry.
2024-10-01T11:28:33.864-0400 [DEBUG] [org.gradle.cache.internal.DefaultFileLockManager] Waiting to acquire shared lock on daemon addresses registry.
2024-10-01T11:28:33.865-0400 [DEBUG] [org.gradle.cache.internal.DefaultFileLockManager] Lock acquired on daemon addresses registry.
2024-10-01T11:28:33.865-0400 [DEBUG] [org.gradle.cache.internal.DefaultFileLockManager] Releasing lock on daemon addresses registry.
2024-10-01T11:28:33.867-0400 [DEBUG] [org.gradle.cache.internal.DefaultFileLockManager] Waiting to acquire shared lock on daemon addresses registry.
2024-10-01T11:28:33.868-0400 [DEBUG] [org.gradle.cache.internal.DefaultFileLockManager] Lock acquired on daemon addresses registry.
2024-10-01T11:28:33.869-0400 [DEBUG] [org.gradle.cache.internal.DefaultFileLockManager] Releasing lock on daemon addresses registry.
2024-10-01T11:28:43.832-0400 [DEBUG] [org.gradle.cache.internal.DefaultFileLockManager] Waiting to acquire shared lock on daemon addresses registry.
2024-10-01T11:28:43.832-0400 [DEBUG] [org.gradle.cache.internal.DefaultFileLockManager] Lock acquired on daemon addresses registry.
2024-10-01T11:28:43.832-0400 [DEBUG] [org.gradle.cache.internal.DefaultFileLockManager] Releasing lock on daemon addresses registry.
2024-10-01T11:28:43.834-0400 [DEBUG] [org.gradle.cache.internal.DefaultFileLockManager] Waiting to acquire shared lock on daemon addresses registry.
2024-10-01T11:28:43.834-0400 [DEBUG] [org.gradle.cache.internal.DefaultFileLockManager] Lock acquired on daemon addresses registry.
2024-10-01T11:28:43.835-0400 [DEBUG] [org.gradle.cache.internal.DefaultFileLockManager] Releasing lock on daemon addresses registry.
2024-10-01T11:28:43.836-0400 [DEBUG] [org.gradle.cache.internal.DefaultFileLockManager] Waiting to acquire shared lock on daemon addresses registry.
2024-10-01T11:28:43.837-0400 [DEBUG] [org.gradle.cache.internal.DefaultFileLockManager] Lock acquired on daemon addresses registry.
2024-10-01T11:28:43.837-0400 [DEBUG] [org.gradle.cache.internal.DefaultFileLockManager] Releasing lock on daemon addresses registry.
2024-10-01T11:28:53.834-0400 [DEBUG] [org.gradle.cache.internal.DefaultFileLockManager] Waiting to acquire shared lock on daemon addresses registry.
2024-10-01T11:28:53.835-0400 [DEBUG] [org.gradle.cache.internal.DefaultFileLockManager] Lock acquired on daemon addresses registry.
2024-10-01T11:28:53.835-0400 [DEBUG] [org.gradle.cache.internal.DefaultFileLockManager] Releasing lock on daemon addresses registry.
2024-10-01T11:28:53.838-0400 [DEBUG] [org.gradle.cache.internal.DefaultFileLockManager] Waiting to acquire shared lock on daemon addresses registry.
2024-10-01T11:28:53.838-0400 [DEBUG] [org.gradle.cache.internal.DefaultFileLockManager] Lock acquired on daemon addresses registry.
2024-10-01T11:28:53.838-0400 [DEBUG] [org.gradle.cache.internal.DefaultFileLockManager] Releasing lock on daemon addresses registry.
2024-10-01T11:28:53.840-0400 [DEBUG] [org.gradle.cache.internal.DefaultFileLockManager] Waiting to acquire shared lock on daemon addresses registry.
2024-10-01T11:28:53.840-0400 [DEBUG] [org.gradle.cache.internal.DefaultFileLockManager] Lock acquired on daemon addresses registry.
2024-10-01T11:28:53.841-0400 [DEBUG] [org.gradle.cache.internal.DefaultFileLockManager] Releasing lock on daemon addresses registry.
2024-10-01T11:29:03.831-0400 [DEBUG] [org.gradle.cache.internal.DefaultFileLockManager] Waiting to acquire shared lock on daemon addresses registry.
2024-10-01T11:29:03.831-0400 [DEBUG] [org.gradle.cache.internal.DefaultFileLockManager] Lock acquired on daemon addresses registry.
2024-10-01T11:29:03.832-0400 [DEBUG] [org.gradle.cache.internal.DefaultFileLockManager] Releasing lock on daemon addresses registry.
2024-10-01T11:29:03.834-0400 [DEBUG] [org.gradle.cache.internal.DefaultFileLockManager] Waiting to acquire shared lock on daemon addresses registry.
2024-10-01T11:29:03.834-0400 [DEBUG] [org.gradle.cache.internal.DefaultFileLockManager] Lock acquired on daemon addresses registry.
2024-10-01T11:29:03.834-0400 [DEBUG] [org.gradle.cache.internal.DefaultFileLockManager] Releasing lock on daemon addresses registry.
2024-10-01T11:29:03.836-0400 [DEBUG] [org.gradle.cache.internal.DefaultFileLockManager] Waiting to acquire shared lock on daemon addresses registry.
2024-10-01T11:29:03.836-0400 [DEBUG] [org.gradle.cache.internal.DefaultFileLockManager] Lock acquired on daemon addresses registry.
2024-10-01T11:29:03.837-0400 [DEBUG] [org.gradle.cache.internal.DefaultFileLockManager] Releasing lock on daemon addresses registry.
2024-10-01T11:29:13.837-0400 [DEBUG] [org.gradle.cache.internal.DefaultFileLockManager] Waiting to acquire shared lock on daemon addresses registry.
2024-10-01T11:29:13.837-0400 [DEBUG] [org.gradle.cache.internal.DefaultFileLockManager] Lock acquired on daemon addresses registry.
2024-10-01T11:29:13.838-0400 [DEBUG] [org.gradle.cache.internal.DefaultFileLockManager] Releasing lock on daemon addresses registry.
2024-10-01T11:29:13.841-0400 [DEBUG] [org.gradle.cache.internal.DefaultFileLockManager] Waiting to acquire shared lock on daemon addresses registry.
2024-10-01T11:29:13.841-0400 [DEBUG] [org.gradle.cache.internal.DefaultFileLockManager] Lock acquired on daemon addresses registry.
2024-10-01T11:29:13.841-0400 [DEBUG] [org.gradle.cache.internal.DefaultFileLockManager] Releasing lock on daemon addresses registry.
2024-10-01T11:29:13.843-0400 [DEBUG] [org.gradle.cache.internal.DefaultFileLockManager] Waiting to acquire shared lock on daemon addresses registry.
2024-10-01T11:29:13.843-0400 [DEBUG] [org.gradle.cache.internal.DefaultFileLockManager] Lock acquired on daemon addresses registry.
2024-10-01T11:29:13.844-0400 [DEBUG] [org.gradle.cache.internal.DefaultFileLockManager] Releasing lock on daemon addresses registry.
2024-10-01T11:29:23.846-0400 [DEBUG] [org.gradle.cache.internal.DefaultFileLockManager] Waiting to acquire shared lock on daemon addresses registry.
2024-10-01T11:29:23.846-0400 [DEBUG] [org.gradle.cache.internal.DefaultFileLockManager] Lock acquired on daemon addresses registry.
2024-10-01T11:29:23.847-0400 [DEBUG] [org.gradle.cache.internal.DefaultFileLockManager] Releasing lock on daemon addresses registry.
2024-10-01T11:29:23.849-0400 [DEBUG] [org.gradle.cache.internal.DefaultFileLockManager] Waiting to acquire shared lock on daemon addresses registry.
2024-10-01T11:29:23.849-0400 [DEBUG] [org.gradle.cache.internal.DefaultFileLockManager] Lock acquired on daemon addresses registry.
2024-10-01T11:29:23.849-0400 [DEBUG] [org.gradle.cache.internal.DefaultFileLockManager] Releasing lock on daemon addresses registry.
2024-10-01T11:29:23.851-0400 [DEBUG] [org.gradle.cache.internal.DefaultFileLockManager] Waiting to acquire shared lock on daemon addresses registry.
2024-10-01T11:29:23.851-0400 [DEBUG] [org.gradle.cache.internal.DefaultFileLockManager] Lock acquired on daemon addresses registry.
2024-10-01T11:29:23.851-0400 [DEBUG] [org.gradle.cache.internal.DefaultFileLockManager] Releasing lock on daemon addresses registry.
2024-10-01T11:29:33.833-0400 [DEBUG] [org.gradle.cache.internal.DefaultFileLockManager] Waiting to acquire shared lock on daemon addresses registry.
2024-10-01T11:29:33.833-0400 [DEBUG] [org.gradle.cache.internal.DefaultFileLockManager] Lock acquired on daemon addresses registry.
2024-10-01T11:29:33.833-0400 [DEBUG] [org.gradle.cache.internal.DefaultFileLockManager] Releasing lock on daemon addresses registry.
2024-10-01T11:29:33.835-0400 [DEBUG] [org.gradle.cache.internal.DefaultFileLockManager] Waiting to acquire shared lock on daemon addresses registry.
2024-10-01T11:29:33.836-0400 [DEBUG] [org.gradle.cache.internal.DefaultFileLockManager] Lock acquired on daemon addresses registry.
2024-10-01T11:29:33.836-0400 [DEBUG] [org.gradle.cache.internal.DefaultFileLockManager] Releasing lock on daemon addresses registry.
2024-10-01T11:29:33.838-0400 [DEBUG] [org.gradle.cache.internal.DefaultFileLockManager] Waiting to acquire shared lock on daemon addresses registry.
2024-10-01T11:29:33.838-0400 [DEBUG] [org.gradle.cache.internal.DefaultFileLockManager] Lock acquired on daemon addresses registry.
2024-10-01T11:29:33.838-0400 [DEBUG] [org.gradle.cache.internal.DefaultFileLockManager] Releasing lock on daemon addresses registry.
2024-10-01T11:29:43.830-0400 [DEBUG] [org.gradle.cache.internal.DefaultFileLockManager] Waiting to acquire shared lock on daemon addresses registry.
2024-10-01T11:29:43.831-0400 [DEBUG] [org.gradle.cache.internal.DefaultFileLockManager] Lock acquired on daemon addresses registry.
2024-10-01T11:29:43.831-0400 [DEBUG] [org.gradle.cache.internal.DefaultFileLockManager] Releasing lock on daemon addresses registry.
2024-10-01T11:29:43.833-0400 [DEBUG] [org.gradle.cache.internal.DefaultFileLockManager] Waiting to acquire shared lock on daemon addresses registry.
2024-10-01T11:29:43.834-0400 [DEBUG] [org.gradle.cache.internal.DefaultFileLockManager] Lock acquired on daemon addresses registry.
2024-10-01T11:29:43.834-0400 [DEBUG] [org.gradle.cache.internal.DefaultFileLockManager] Releasing lock on daemon addresses registry.
2024-10-01T11:29:43.836-0400 [DEBUG] [org.gradle.cache.internal.DefaultFileLockManager] Waiting to acquire shared lock on daemon addresses registry.
2024-10-01T11:29:43.836-0400 [DEBUG] [org.gradle.cache.internal.DefaultFileLockManager] Lock acquired on daemon addresses registry.
2024-10-01T11:29:43.836-0400 [DEBUG] [org.gradle.cache.internal.DefaultFileLockManager] Releasing lock on daemon addresses registry.
2024-10-01T11:29:53.834-0400 [DEBUG] [org.gradle.cache.internal.DefaultFileLockManager] Waiting to acquire shared lock on daemon addresses registry.
2024-10-01T11:29:53.835-0400 [DEBUG] [org.gradle.cache.internal.DefaultFileLockManager] Lock acquired on daemon addresses registry.
2024-10-01T11:29:53.835-0400 [DEBUG] [org.gradle.cache.internal.DefaultFileLockManager] Releasing lock on daemon addresses registry.
2024-10-01T11:29:53.837-0400 [DEBUG] [org.gradle.cache.internal.DefaultFileLockManager] Waiting to acquire shared lock on daemon addresses registry.
2024-10-01T11:29:53.837-0400 [DEBUG] [org.gradle.cache.internal.DefaultFileLockManager] Lock acquired on daemon addresses registry.
2024-10-01T11:29:53.838-0400 [DEBUG] [org.gradle.cache.internal.DefaultFileLockManager] Releasing lock on daemon addresses registry.
2024-10-01T11:29:53.839-0400 [DEBUG] [org.gradle.cache.internal.DefaultFileLockManager] Waiting to acquire shared lock on daemon addresses registry.
2024-10-01T11:29:53.839-0400 [DEBUG] [org.gradle.cache.internal.DefaultFileLockManager] Lock acquired on daemon addresses registry.
2024-10-01T11:29:53.840-0400 [DEBUG] [org.gradle.cache.internal.DefaultFileLockManager] Releasing lock on daemon addresses registry.
2024-10-01T11:30:03.837-0400 [DEBUG] [org.gradle.cache.internal.DefaultFileLockManager] Waiting to acquire shared lock on daemon addresses registry.
2024-10-01T11:30:03.838-0400 [DEBUG] [org.gradle.cache.internal.DefaultFileLockManager] Lock acquired on daemon addresses registry.
2024-10-01T11:30:03.838-0400 [DEBUG] [org.gradle.cache.internal.DefaultFileLockManager] Releasing lock on daemon addresses registry.
2024-10-01T11:30:03.840-0400 [DEBUG] [org.gradle.cache.internal.DefaultFileLockManager] Waiting to acquire shared lock on daemon addresses registry.
2024-10-01T11:30:03.841-0400 [DEBUG] [org.gradle.cache.internal.DefaultFileLockManager] Lock acquired on daemon addresses registry.
2024-10-01T11:30:03.841-0400 [DEBUG] [org.gradle.cache.internal.DefaultFileLockManager] Releasing lock on daemon addresses registry.
2024-10-01T11:30:03.843-0400 [DEBUG] [org.gradle.cache.internal.DefaultFileLockManager] Waiting to acquire shared lock on daemon addresses registry.
2024-10-01T11:30:03.843-0400 [DEBUG] [org.gradle.cache.internal.DefaultFileLockManager] Lock acquired on daemon addresses registry.
2024-10-01T11:30:03.844-0400 [DEBUG] [org.gradle.cache.internal.DefaultFileLockManager] Releasing lock on daemon addresses registry.
2024-10-01T11:30:13.835-0400 [DEBUG] [org.gradle.cache.internal.DefaultFileLockManager] Waiting to acquire shared lock on daemon addresses registry.
2024-10-01T11:30:13.836-0400 [DEBUG] [org.gradle.cache.internal.DefaultFileLockManager] Lock acquired on daemon addresses registry.
2024-10-01T11:30:13.836-0400 [DEBUG] [org.gradle.cache.internal.DefaultFileLockManager] Releasing lock on daemon addresses registry.
2024-10-01T11:30:13.838-0400 [DEBUG] [org.gradle.cache.internal.DefaultFileLockManager] Waiting to acquire shared lock on daemon addresses registry.
2024-10-01T11:30:13.838-0400 [DEBUG] [org.gradle.cache.internal.DefaultFileLockManager] Lock acquired on daemon addresses registry.
2024-10-01T11:30:13.839-0400 [DEBUG] [org.gradle.cache.internal.DefaultFileLockManager] Releasing lock on daemon addresses registry.
2024-10-01T11:30:13.841-0400 [DEBUG] [org.gradle.cache.internal.DefaultFileLockManager] Waiting to acquire shared lock on daemon addresses registry.
2024-10-01T11:30:13.841-0400 [DEBUG] [org.gradle.cache.internal.DefaultFileLockManager] Lock acquired on daemon addresses registry.
2024-10-01T11:30:13.842-0400 [DEBUG] [org.gradle.cache.internal.DefaultFileLockManager] Releasing lock on daemon addresses registry.
2024-10-01T11:30:23.836-0400 [DEBUG] [org.gradle.cache.internal.DefaultFileLockManager] Waiting to acquire shared lock on daemon addresses registry.
2024-10-01T11:30:23.836-0400 [DEBUG] [org.gradle.cache.internal.DefaultFileLockManager] Lock acquired on daemon addresses registry.
2024-10-01T11:30:23.836-0400 [DEBUG] [org.gradle.cache.internal.DefaultFileLockManager] Releasing lock on daemon addresses registry.
2024-10-01T11:30:23.838-0400 [DEBUG] [org.gradle.cache.internal.DefaultFileLockManager] Waiting to acquire shared lock on daemon addresses registry.
2024-10-01T11:30:23.839-0400 [DEBUG] [org.gradle.cache.internal.DefaultFileLockManager] Lock acquired on daemon addresses registry.
2024-10-01T11:30:23.839-0400 [DEBUG] [org.gradle.cache.internal.DefaultFileLockManager] Releasing lock on daemon addresses registry.
2024-10-01T11:30:23.840-0400 [DEBUG] [org.gradle.cache.internal.DefaultFileLockManager] Waiting to acquire shared lock on daemon addresses registry.
2024-10-01T11:30:23.841-0400 [DEBUG] [org.gradle.cache.internal.DefaultFileLockManager] Lock acquired on daemon addresses registry.
2024-10-01T11:30:23.841-0400 [DEBUG] [org.gradle.cache.internal.DefaultFileLockManager] Releasing lock on daemon addresses registry.
2024-10-01T11:30:33.832-0400 [DEBUG] [org.gradle.cache.internal.DefaultFileLockManager] Waiting to acquire shared lock on daemon addresses registry.
2024-10-01T11:30:33.832-0400 [DEBUG] [org.gradle.cache.internal.DefaultFileLockManager] Lock acquired on daemon addresses registry.
2024-10-01T11:30:33.833-0400 [DEBUG] [org.gradle.cache.internal.DefaultFileLockManager] Releasing lock on daemon addresses registry.
2024-10-01T11:30:33.835-0400 [DEBUG] [org.gradle.cache.internal.DefaultFileLockManager] Waiting to acquire shared lock on daemon addresses registry.
2024-10-01T11:30:33.835-0400 [DEBUG] [org.gradle.cache.internal.DefaultFileLockManager] Lock acquired on daemon addresses registry.
2024-10-01T11:30:33.836-0400 [DEBUG] [org.gradle.cache.internal.DefaultFileLockManager] Releasing lock on daemon addresses registry.
2024-10-01T11:30:33.837-0400 [DEBUG] [org.gradle.cache.internal.DefaultFileLockManager] Waiting to acquire shared lock on daemon addresses registry.
2024-10-01T11:30:33.838-0400 [DEBUG] [org.gradle.cache.internal.DefaultFileLockManager] Lock acquired on daemon addresses registry.
2024-10-01T11:30:33.838-0400 [DEBUG] [org.gradle.cache.internal.DefaultFileLockManager] Releasing lock on daemon addresses registry.
2024-10-01T11:30:43.837-0400 [DEBUG] [org.gradle.cache.internal.DefaultFileLockManager] Waiting to acquire shared lock on daemon addresses registry.
2024-10-01T11:30:43.838-0400 [DEBUG] [org.gradle.cache.internal.DefaultFileLockManager] Lock acquired on daemon addresses registry.
2024-10-01T11:30:43.839-0400 [DEBUG] [org.gradle.cache.internal.DefaultFileLockManager] Releasing lock on daemon addresses registry.
2024-10-01T11:30:43.841-0400 [DEBUG] [org.gradle.cache.internal.DefaultFileLockManager] Waiting to acquire shared lock on daemon addresses registry.
2024-10-01T11:30:43.841-0400 [DEBUG] [org.gradle.cache.internal.DefaultFileLockManager] Lock acquired on daemon addresses registry.
2024-10-01T11:30:43.842-0400 [DEBUG] [org.gradle.cache.internal.DefaultFileLockManager] Releasing lock on daemon addresses registry.
2024-10-01T11:30:43.845-0400 [DEBUG] [org.gradle.cache.internal.DefaultFileLockManager] Waiting to acquire shared lock on daemon addresses registry.
2024-10-01T11:30:43.845-0400 [DEBUG] [org.gradle.cache.internal.DefaultFileLockManager] Lock acquired on daemon addresses registry.
2024-10-01T11:30:43.846-0400 [DEBUG] [org.gradle.cache.internal.DefaultFileLockManager] Releasing lock on daemon addresses registry.
2024-10-01T11:30:53.833-0400 [DEBUG] [org.gradle.cache.internal.DefaultFileLockManager] Waiting to acquire shared lock on daemon addresses registry.
2024-10-01T11:30:53.834-0400 [DEBUG] [org.gradle.cache.internal.DefaultFileLockManager] Lock acquired on daemon addresses registry.
2024-10-01T11:30:53.834-0400 [DEBUG] [org.gradle.cache.internal.DefaultFileLockManager] Releasing lock on daemon addresses registry.
2024-10-01T11:30:53.836-0400 [DEBUG] [org.gradle.cache.internal.DefaultFileLockManager] Waiting to acquire shared lock on daemon addresses registry.
2024-10-01T11:30:53.836-0400 [DEBUG] [org.gradle.cache.internal.DefaultFileLockManager] Lock acquired on daemon addresses registry.
2024-10-01T11:30:53.837-0400 [DEBUG] [org.gradle.cache.internal.DefaultFileLockManager] Releasing lock on daemon addresses registry.
2024-10-01T11:30:53.838-0400 [DEBUG] [org.gradle.cache.internal.DefaultFileLockManager] Waiting to acquire shared lock on daemon addresses registry.
2024-10-01T11:30:53.839-0400 [DEBUG] [org.gradle.cache.internal.DefaultFileLockManager] Lock acquired on daemon addresses registry.
2024-10-01T11:30:53.839-0400 [DEBUG] [org.gradle.cache.internal.DefaultFileLockManager] Releasing lock on daemon addresses registry.
2024-10-01T11:31:03.837-0400 [DEBUG] [org.gradle.cache.internal.DefaultFileLockManager] Waiting to acquire shared lock on daemon addresses registry.
2024-10-01T11:31:03.838-0400 [DEBUG] [org.gradle.cache.internal.DefaultFileLockManager] Lock acquired on daemon addresses registry.
2024-10-01T11:31:03.838-0400 [DEBUG] [org.gradle.cache.internal.DefaultFileLockManager] Releasing lock on daemon addresses registry.
2024-10-01T11:31:03.840-0400 [DEBUG] [org.gradle.cache.internal.DefaultFileLockManager] Waiting to acquire shared lock on daemon addresses registry.
2024-10-01T11:31:03.840-0400 [DEBUG] [org.gradle.cache.internal.DefaultFileLockManager] Lock acquired on daemon addresses registry.
2024-10-01T11:31:03.840-0400 [DEBUG] [org.gradle.cache.internal.DefaultFileLockManager] Releasing lock on daemon addresses registry.
2024-10-01T11:31:03.841-0400 [DEBUG] [org.gradle.cache.internal.DefaultFileLockManager] Waiting to acquire shared lock on daemon addresses registry.
2024-10-01T11:31:03.842-0400 [DEBUG] [org.gradle.cache.internal.DefaultFileLockManager] Lock acquired on daemon addresses registry.
2024-10-01T11:31:03.842-0400 [DEBUG] [org.gradle.cache.internal.DefaultFileLockManager] Releasing lock on daemon addresses registry.
2024-10-01T11:31:13.837-0400 [DEBUG] [org.gradle.cache.internal.DefaultFileLockManager] Waiting to acquire shared lock on daemon addresses registry.
2024-10-01T11:31:13.837-0400 [DEBUG] [org.gradle.cache.internal.DefaultFileLockManager] Lock acquired on daemon addresses registry.
2024-10-01T11:31:13.837-0400 [DEBUG] [org.gradle.cache.internal.DefaultFileLockManager] Releasing lock on daemon addresses registry.
2024-10-01T11:31:13.839-0400 [DEBUG] [org.gradle.cache.internal.DefaultFileLockManager] Waiting to acquire shared lock on daemon addresses registry.
2024-10-01T11:31:13.839-0400 [DEBUG] [org.gradle.cache.internal.DefaultFileLockManager] Lock acquired on daemon addresses registry.
2024-10-01T11:31:13.840-0400 [DEBUG] [org.gradle.cache.internal.DefaultFileLockManager] Releasing lock on daemon addresses registry.
2024-10-01T11:31:13.841-0400 [DEBUG] [org.gradle.cache.internal.DefaultFileLockManager] Waiting to acquire shared lock on daemon addresses registry.
2024-10-01T11:31:13.842-0400 [DEBUG] [org.gradle.cache.internal.DefaultFileLockManager] Lock acquired on daemon addresses registry.
2024-10-01T11:31:13.842-0400 [DEBUG] [org.gradle.cache.internal.DefaultFileLockManager] Releasing lock on daemon addresses registry.
2024-10-01T11:31:23.829-0400 [DEBUG] [org.gradle.cache.internal.DefaultFileLockManager] Waiting to acquire shared lock on daemon addresses registry.
2024-10-01T11:31:23.829-0400 [DEBUG] [org.gradle.cache.internal.DefaultFileLockManager] Lock acquired on daemon addresses registry.
2024-10-01T11:31:23.829-0400 [DEBUG] [org.gradle.cache.internal.DefaultFileLockManager] Releasing lock on daemon addresses registry.
2024-10-01T11:31:23.830-0400 [DEBUG] [org.gradle.cache.internal.DefaultFileLockManager] Waiting to acquire shared lock on daemon addresses registry.
2024-10-01T11:31:23.830-0400 [DEBUG] [org.gradle.cache.internal.DefaultFileLockManager] Lock acquired on daemon addresses registry.
2024-10-01T11:31:23.830-0400 [DEBUG] [org.gradle.cache.internal.DefaultFileLockManager] Releasing lock on daemon addresses registry.
2024-10-01T11:31:23.830-0400 [DEBUG] [org.gradle.cache.internal.DefaultFileLockManager] Waiting to acquire shared lock on daemon addresses registry.
2024-10-01T11:31:23.830-0400 [DEBUG] [org.gradle.cache.internal.DefaultFileLockManager] Lock acquired on daemon addresses registry.
2024-10-01T11:31:23.831-0400 [DEBUG] [org.gradle.cache.internal.DefaultFileLockManager] Releasing lock on daemon addresses registry.
2024-10-01T11:31:33.831-0400 [DEBUG] [org.gradle.cache.internal.DefaultFileLockManager] Waiting to acquire shared lock on daemon addresses registry.
2024-10-01T11:31:33.831-0400 [DEBUG] [org.gradle.cache.internal.DefaultFileLockManager] Lock acquired on daemon addresses registry.
2024-10-01T11:31:33.832-0400 [DEBUG] [org.gradle.cache.internal.DefaultFileLockManager] Releasing lock on daemon addresses registry.
2024-10-01T11:31:33.834-0400 [DEBUG] [org.gradle.cache.internal.DefaultFileLockManager] Waiting to acquire shared lock on daemon addresses registry.
2024-10-01T11:31:33.834-0400 [DEBUG] [org.gradle.cache.internal.DefaultFileLockManager] Lock acquired on daemon addresses registry.
2024-10-01T11:31:33.835-0400 [DEBUG] [org.gradle.cache.internal.DefaultFileLockManager] Releasing lock on daemon addresses registry.
2024-10-01T11:31:33.837-0400 [DEBUG] [org.gradle.cache.internal.DefaultFileLockManager] Waiting to acquire shared lock on daemon addresses registry.
2024-10-01T11:31:33.837-0400 [DEBUG] [org.gradle.cache.internal.DefaultFileLockManager] Lock acquired on daemon addresses registry.
2024-10-01T11:31:33.838-0400 [DEBUG] [org.gradle.cache.internal.DefaultFileLockManager] Releasing lock on daemon addresses registry.
2024-10-01T11:31:43.836-0400 [DEBUG] [org.gradle.cache.internal.DefaultFileLockManager] Waiting to acquire shared lock on daemon addresses registry.
2024-10-01T11:31:43.837-0400 [DEBUG] [org.gradle.cache.internal.DefaultFileLockManager] Lock acquired on daemon addresses registry.
2024-10-01T11:31:43.838-0400 [DEBUG] [org.gradle.cache.internal.DefaultFileLockManager] Releasing lock on daemon addresses registry.
2024-10-01T11:31:43.841-0400 [DEBUG] [org.gradle.cache.internal.DefaultFileLockManager] Waiting to acquire shared lock on daemon addresses registry.
2024-10-01T11:31:43.842-0400 [DEBUG] [org.gradle.cache.internal.DefaultFileLockManager] Lock acquired on daemon addresses registry.
2024-10-01T11:31:43.843-0400 [DEBUG] [org.gradle.cache.internal.DefaultFileLockManager] Releasing lock on daemon addresses registry.
2024-10-01T11:31:43.846-0400 [DEBUG] [org.gradle.cache.internal.DefaultFileLockManager] Waiting to acquire shared lock on daemon addresses registry.
2024-10-01T11:31:43.846-0400 [DEBUG] [org.gradle.cache.internal.DefaultFileLockManager] Lock acquired on daemon addresses registry.
2024-10-01T11:31:43.847-0400 [DEBUG] [org.gradle.cache.internal.DefaultFileLockManager] Releasing lock on daemon addresses registry.
2024-10-01T11:31:53.836-0400 [DEBUG] [org.gradle.cache.internal.DefaultFileLockManager] Waiting to acquire shared lock on daemon addresses registry.
2024-10-01T11:31:53.837-0400 [DEBUG] [org.gradle.cache.internal.DefaultFileLockManager] Lock acquired on daemon addresses registry.
2024-10-01T11:31:53.837-0400 [DEBUG] [org.gradle.cache.internal.DefaultFileLockManager] Releasing lock on daemon addresses registry.
2024-10-01T11:31:53.839-0400 [DEBUG] [org.gradle.cache.internal.DefaultFileLockManager] Waiting to acquire shared lock on daemon addresses registry.
2024-10-01T11:31:53.840-0400 [DEBUG] [org.gradle.cache.internal.DefaultFileLockManager] Lock acquired on daemon addresses registry.
2024-10-01T11:31:53.840-0400 [DEBUG] [org.gradle.cache.internal.DefaultFileLockManager] Releasing lock on daemon addresses registry.
2024-10-01T11:31:53.841-0400 [DEBUG] [org.gradle.cache.internal.DefaultFileLockManager] Waiting to acquire shared lock on daemon addresses registry.
2024-10-01T11:31:53.842-0400 [DEBUG] [org.gradle.cache.internal.DefaultFileLockManager] Lock acquired on daemon addresses registry.
2024-10-01T11:31:53.842-0400 [DEBUG] [org.gradle.cache.internal.DefaultFileLockManager] Releasing lock on daemon addresses registry.
2024-10-01T11:32:03.836-0400 [DEBUG] [org.gradle.cache.internal.DefaultFileLockManager] Waiting to acquire shared lock on daemon addresses registry.
2024-10-01T11:32:03.837-0400 [DEBUG] [org.gradle.cache.internal.DefaultFileLockManager] Lock acquired on daemon addresses registry.
2024-10-01T11:32:03.837-0400 [DEBUG] [org.gradle.cache.internal.DefaultFileLockManager] Releasing lock on daemon addresses registry.
2024-10-01T11:32:03.839-0400 [DEBUG] [org.gradle.cache.internal.DefaultFileLockManager] Waiting to acquire shared lock on daemon addresses registry.
2024-10-01T11:32:03.839-0400 [DEBUG] [org.gradle.cache.internal.DefaultFileLockManager] Lock acquired on daemon addresses registry.
2024-10-01T11:32:03.840-0400 [DEBUG] [org.gradle.cache.internal.DefaultFileLockManager] Releasing lock on daemon addresses registry.
2024-10-01T11:32:03.841-0400 [DEBUG] [org.gradle.cache.internal.DefaultFileLockManager] Waiting to acquire shared lock on daemon addresses registry.
2024-10-01T11:32:03.842-0400 [DEBUG] [org.gradle.cache.internal.DefaultFileLockManager] Lock acquired on daemon addresses registry.
2024-10-01T11:32:03.842-0400 [DEBUG] [org.gradle.cache.internal.DefaultFileLockManager] Releasing lock on daemon addresses registry.
2024-10-01T11:32:13.833-0400 [DEBUG] [org.gradle.cache.internal.DefaultFileLockManager] Waiting to acquire shared lock on daemon addresses registry.
2024-10-01T11:32:13.833-0400 [DEBUG] [org.gradle.cache.internal.DefaultFileLockManager] Lock acquired on daemon addresses registry.
2024-10-01T11:32:13.834-0400 [DEBUG] [org.gradle.cache.internal.DefaultFileLockManager] Releasing lock on daemon addresses registry.
2024-10-01T11:32:13.835-0400 [DEBUG] [org.gradle.cache.internal.DefaultFileLockManager] Waiting to acquire shared lock on daemon addresses registry.
2024-10-01T11:32:13.835-0400 [DEBUG] [org.gradle.cache.internal.DefaultFileLockManager] Lock acquired on daemon addresses registry.
2024-10-01T11:32:13.836-0400 [DEBUG] [org.gradle.cache.internal.DefaultFileLockManager] Releasing lock on daemon addresses registry.
2024-10-01T11:32:13.837-0400 [DEBUG] [org.gradle.cache.internal.DefaultFileLockManager] Waiting to acquire shared lock on daemon addresses registry.
2024-10-01T11:32:13.837-0400 [DEBUG] [org.gradle.cache.internal.DefaultFileLockManager] Lock acquired on daemon addresses registry.
2024-10-01T11:32:13.838-0400 [DEBUG] [org.gradle.cache.internal.DefaultFileLockManager] Releasing lock on daemon addresses registry.
2024-10-01T11:32:23.831-0400 [DEBUG] [org.gradle.cache.internal.DefaultFileLockManager] Waiting to acquire shared lock on daemon addresses registry.
2024-10-01T11:32:23.832-0400 [DEBUG] [org.gradle.cache.internal.DefaultFileLockManager] Lock acquired on daemon addresses registry.
2024-10-01T11:32:23.833-0400 [DEBUG] [org.gradle.cache.internal.DefaultFileLockManager] Releasing lock on daemon addresses registry.
2024-10-01T11:32:23.835-0400 [DEBUG] [org.gradle.cache.internal.DefaultFileLockManager] Waiting to acquire shared lock on daemon addresses registry.
2024-10-01T11:32:23.835-0400 [DEBUG] [org.gradle.cache.internal.DefaultFileLockManager] Lock acquired on daemon addresses registry.
2024-10-01T11:32:23.835-0400 [DEBUG] [org.gradle.cache.internal.DefaultFileLockManager] Releasing lock on daemon addresses registry.
2024-10-01T11:32:23.837-0400 [DEBUG] [org.gradle.cache.internal.DefaultFileLockManager] Waiting to acquire shared lock on daemon addresses registry.
2024-10-01T11:32:23.837-0400 [DEBUG] [org.gradle.cache.internal.DefaultFileLockManager] Lock acquired on daemon addresses registry.
2024-10-01T11:32:23.838-0400 [DEBUG] [org.gradle.cache.internal.DefaultFileLockManager] Releasing lock on daemon addresses registry.
2024-10-01T11:32:33.836-0400 [DEBUG] [org.gradle.cache.internal.DefaultFileLockManager] Waiting to acquire shared lock on daemon addresses registry.
2024-10-01T11:32:33.836-0400 [DEBUG] [org.gradle.cache.internal.DefaultFileLockManager] Lock acquired on daemon addresses registry.
2024-10-01T11:32:33.836-0400 [DEBUG] [org.gradle.cache.internal.DefaultFileLockManager] Releasing lock on daemon addresses registry.
2024-10-01T11:32:33.838-0400 [DEBUG] [org.gradle.cache.internal.DefaultFileLockManager] Waiting to acquire shared lock on daemon addresses registry.
2024-10-01T11:32:33.839-0400 [DEBUG] [org.gradle.cache.internal.DefaultFileLockManager] Lock acquired on daemon addresses registry.
2024-10-01T11:32:33.839-0400 [DEBUG] [org.gradle.cache.internal.DefaultFileLockManager] Releasing lock on daemon addresses registry.
2024-10-01T11:32:33.841-0400 [DEBUG] [org.gradle.cache.internal.DefaultFileLockManager] Waiting to acquire shared lock on daemon addresses registry.
2024-10-01T11:32:33.841-0400 [DEBUG] [org.gradle.cache.internal.DefaultFileLockManager] Lock acquired on daemon addresses registry.
2024-10-01T11:32:33.841-0400 [DEBUG] [org.gradle.cache.internal.DefaultFileLockManager] Releasing lock on daemon addresses registry.
2024-10-01T11:32:43.831-0400 [DEBUG] [org.gradle.cache.internal.DefaultFileLockManager] Waiting to acquire shared lock on daemon addresses registry.
2024-10-01T11:32:43.832-0400 [DEBUG] [org.gradle.cache.internal.DefaultFileLockManager] Lock acquired on daemon addresses registry.
2024-10-01T11:32:43.832-0400 [DEBUG] [org.gradle.cache.internal.DefaultFileLockManager] Releasing lock on daemon addresses registry.
2024-10-01T11:32:43.834-0400 [DEBUG] [org.gradle.cache.internal.DefaultFileLockManager] Waiting to acquire shared lock on daemon addresses registry.
2024-10-01T11:32:43.834-0400 [DEBUG] [org.gradle.cache.internal.DefaultFileLockManager] Lock acquired on daemon addresses registry.
2024-10-01T11:32:43.835-0400 [DEBUG] [org.gradle.cache.internal.DefaultFileLockManager] Releasing lock on daemon addresses registry.
2024-10-01T11:32:43.836-0400 [DEBUG] [org.gradle.cache.internal.DefaultFileLockManager] Waiting to acquire shared lock on daemon addresses registry.
2024-10-01T11:32:43.836-0400 [DEBUG] [org.gradle.cache.internal.DefaultFileLockManager] Lock acquired on daemon addresses registry.
2024-10-01T11:32:43.837-0400 [DEBUG] [org.gradle.cache.internal.DefaultFileLockManager] Releasing lock on daemon addresses registry.
2024-10-01T11:32:53.838-0400 [DEBUG] [org.gradle.cache.internal.DefaultFileLockManager] Waiting to acquire shared lock on daemon addresses registry.
2024-10-01T11:32:53.838-0400 [DEBUG] [org.gradle.cache.internal.DefaultFileLockManager] Lock acquired on daemon addresses registry.
2024-10-01T11:32:53.839-0400 [DEBUG] [org.gradle.cache.internal.DefaultFileLockManager] Releasing lock on daemon addresses registry.
2024-10-01T11:32:53.841-0400 [DEBUG] [org.gradle.cache.internal.DefaultFileLockManager] Waiting to acquire shared lock on daemon addresses registry.
2024-10-01T11:32:53.842-0400 [DEBUG] [org.gradle.cache.internal.DefaultFileLockManager] Lock acquired on daemon addresses registry.
2024-10-01T11:32:53.842-0400 [DEBUG] [org.gradle.cache.internal.DefaultFileLockManager] Releasing lock on daemon addresses registry.
2024-10-01T11:32:53.923-0400 [DEBUG] [org.gradle.cache.internal.DefaultFileLockManager] Waiting to acquire shared lock on daemon addresses registry.
2024-10-01T11:32:53.923-0400 [DEBUG] [org.gradle.cache.internal.DefaultFileLockManager] Lock acquired on daemon addresses registry.
2024-10-01T11:32:53.924-0400 [DEBUG] [org.gradle.cache.internal.DefaultFileLockManager] Releasing lock on daemon addresses registry.
2024-10-01T11:33:03.837-0400 [DEBUG] [org.gradle.cache.internal.DefaultFileLockManager] Waiting to acquire shared lock on daemon addresses registry.
2024-10-01T11:33:03.837-0400 [DEBUG] [org.gradle.cache.internal.DefaultFileLockManager] Lock acquired on daemon addresses registry.
2024-10-01T11:33:03.837-0400 [DEBUG] [org.gradle.cache.internal.DefaultFileLockManager] Releasing lock on daemon addresses registry.
2024-10-01T11:33:03.839-0400 [DEBUG] [org.gradle.cache.internal.DefaultFileLockManager] Waiting to acquire shared lock on daemon addresses registry.
2024-10-01T11:33:03.839-0400 [DEBUG] [org.gradle.cache.internal.DefaultFileLockManager] Lock acquired on daemon addresses registry.
2024-10-01T11:33:03.839-0400 [DEBUG] [org.gradle.cache.internal.DefaultFileLockManager] Releasing lock on daemon addresses registry.
2024-10-01T11:33:03.840-0400 [DEBUG] [org.gradle.cache.internal.DefaultFileLockManager] Waiting to acquire shared lock on daemon addresses registry.
2024-10-01T11:33:03.840-0400 [DEBUG] [org.gradle.cache.internal.DefaultFileLockManager] Lock acquired on daemon addresses registry.
2024-10-01T11:33:03.840-0400 [DEBUG] [org.gradle.cache.internal.DefaultFileLockManager] Releasing lock on daemon addresses registry.
2024-10-01T11:33:13.840-0400 [DEBUG] [org.gradle.cache.internal.DefaultFileLockManager] Waiting to acquire shared lock on daemon addresses registry.
2024-10-01T11:33:13.841-0400 [DEBUG] [org.gradle.cache.internal.DefaultFileLockManager] Lock acquired on daemon addresses registry.
2024-10-01T11:33:13.843-0400 [DEBUG] [org.gradle.cache.internal.DefaultFileLockManager] Releasing lock on daemon addresses registry.
2024-10-01T11:33:13.846-0400 [DEBUG] [org.gradle.cache.internal.DefaultFileLockManager] Waiting to acquire shared lock on daemon addresses registry.
2024-10-01T11:33:13.846-0400 [DEBUG] [org.gradle.cache.internal.DefaultFileLockManager] Lock acquired on daemon addresses registry.
2024-10-01T11:33:13.847-0400 [DEBUG] [org.gradle.cache.internal.DefaultFileLockManager] Releasing lock on daemon addresses registry.
2024-10-01T11:33:13.868-0400 [DEBUG] [org.gradle.cache.internal.DefaultFileLockManager] Waiting to acquire shared lock on daemon addresses registry.
2024-10-01T11:33:13.868-0400 [DEBUG] [org.gradle.cache.internal.DefaultFileLockManager] Lock acquired on daemon addresses registry.
2024-10-01T11:33:13.869-0400 [DEBUG] [org.gradle.cache.internal.DefaultFileLockManager] Releasing lock on daemon addresses registry.
2024-10-01T11:33:23.836-0400 [DEBUG] [org.gradle.cache.internal.DefaultFileLockManager] Waiting to acquire shared lock on daemon addresses registry.
2024-10-01T11:33:23.836-0400 [DEBUG] [org.gradle.cache.internal.DefaultFileLockManager] Lock acquired on daemon addresses registry.
2024-10-01T11:33:23.837-0400 [DEBUG] [org.gradle.cache.internal.DefaultFileLockManager] Releasing lock on daemon addresses registry.
2024-10-01T11:33:23.838-0400 [DEBUG] [org.gradle.cache.internal.DefaultFileLockManager] Waiting to acquire shared lock on daemon addresses registry.
2024-10-01T11:33:23.839-0400 [DEBUG] [org.gradle.cache.internal.DefaultFileLockManager] Lock acquired on daemon addresses registry.
2024-10-01T11:33:23.839-0400 [DEBUG] [org.gradle.cache.internal.DefaultFileLockManager] Releasing lock on daemon addresses registry.
2024-10-01T11:33:23.840-0400 [DEBUG] [org.gradle.cache.internal.DefaultFileLockManager] Waiting to acquire shared lock on daemon addresses registry.
2024-10-01T11:33:23.841-0400 [DEBUG] [org.gradle.cache.internal.DefaultFileLockManager] Lock acquired on daemon addresses registry.
2024-10-01T11:33:23.841-0400 [DEBUG] [org.gradle.cache.internal.DefaultFileLockManager] Releasing lock on daemon addresses registry.
2024-10-01T11:33:33.835-0400 [DEBUG] [org.gradle.cache.internal.DefaultFileLockManager] Waiting to acquire shared lock on daemon addresses registry.
2024-10-01T11:33:33.835-0400 [DEBUG] [org.gradle.cache.internal.DefaultFileLockManager] Lock acquired on daemon addresses registry.
2024-10-01T11:33:33.836-0400 [DEBUG] [org.gradle.cache.internal.DefaultFileLockManager] Releasing lock on daemon addresses registry.
2024-10-01T11:33:33.838-0400 [DEBUG] [org.gradle.cache.internal.DefaultFileLockManager] Waiting to acquire shared lock on daemon addresses registry.
2024-10-01T11:33:33.838-0400 [DEBUG] [org.gradle.cache.internal.DefaultFileLockManager] Lock acquired on daemon addresses registry.
2024-10-01T11:33:33.838-0400 [DEBUG] [org.gradle.cache.internal.DefaultFileLockManager] Releasing lock on daemon addresses registry.
2024-10-01T11:33:33.839-0400 [DEBUG] [org.gradle.cache.internal.DefaultFileLockManager] Waiting to acquire shared lock on daemon addresses registry.
2024-10-01T11:33:33.839-0400 [DEBUG] [org.gradle.cache.internal.DefaultFileLockManager] Lock acquired on daemon addresses registry.
2024-10-01T11:33:33.839-0400 [DEBUG] [org.gradle.cache.internal.DefaultFileLockManager] Releasing lock on daemon addresses registry.
2024-10-01T11:33:43.836-0400 [DEBUG] [org.gradle.cache.internal.DefaultFileLockManager] Waiting to acquire shared lock on daemon addresses registry.
2024-10-01T11:33:43.836-0400 [DEBUG] [org.gradle.cache.internal.DefaultFileLockManager] Lock acquired on daemon addresses registry.
2024-10-01T11:33:43.836-0400 [DEBUG] [org.gradle.cache.internal.DefaultFileLockManager] Releasing lock on daemon addresses registry.
2024-10-01T11:33:43.838-0400 [DEBUG] [org.gradle.cache.internal.DefaultFileLockManager] Waiting to acquire shared lock on daemon addresses registry.
2024-10-01T11:33:43.839-0400 [DEBUG] [org.gradle.cache.internal.DefaultFileLockManager] Lock acquired on daemon addresses registry.
2024-10-01T11:33:43.839-0400 [DEBUG] [org.gradle.cache.internal.DefaultFileLockManager] Releasing lock on daemon addresses registry.
2024-10-01T11:33:43.841-0400 [DEBUG] [org.gradle.cache.internal.DefaultFileLockManager] Waiting to acquire shared lock on daemon addresses registry.
2024-10-01T11:33:43.841-0400 [DEBUG] [org.gradle.cache.internal.DefaultFileLockManager] Lock acquired on daemon addresses registry.
2024-10-01T11:33:43.841-0400 [DEBUG] [org.gradle.cache.internal.DefaultFileLockManager] Releasing lock on daemon addresses registry.
2024-10-01T11:33:53.830-0400 [DEBUG] [org.gradle.cache.internal.DefaultFileLockManager] Waiting to acquire shared lock on daemon addresses registry.
2024-10-01T11:33:53.830-0400 [DEBUG] [org.gradle.cache.internal.DefaultFileLockManager] Lock acquired on daemon addresses registry.
2024-10-01T11:33:53.830-0400 [DEBUG] [org.gradle.cache.internal.DefaultFileLockManager] Releasing lock on daemon addresses registry.
2024-10-01T11:33:53.832-0400 [DEBUG] [org.gradle.cache.internal.DefaultFileLockManager] Waiting to acquire shared lock on daemon addresses registry.
2024-10-01T11:33:53.832-0400 [DEBUG] [org.gradle.cache.internal.DefaultFileLockManager] Lock acquired on daemon addresses registry.
2024-10-01T11:33:53.832-0400 [DEBUG] [org.gradle.cache.internal.DefaultFileLockManager] Releasing lock on daemon addresses registry.
2024-10-01T11:33:53.833-0400 [DEBUG] [org.gradle.cache.internal.DefaultFileLockManager] Waiting to acquire shared lock on daemon addresses registry.
2024-10-01T11:33:53.833-0400 [DEBUG] [org.gradle.cache.internal.DefaultFileLockManager] Lock acquired on daemon addresses registry.
2024-10-01T11:33:53.833-0400 [DEBUG] [org.gradle.cache.internal.DefaultFileLockManager] Releasing lock on daemon addresses registry.
2024-10-01T11:34:03.829-0400 [DEBUG] [org.gradle.cache.internal.DefaultFileLockManager] Waiting to acquire shared lock on daemon addresses registry.
2024-10-01T11:34:03.829-0400 [DEBUG] [org.gradle.cache.internal.DefaultFileLockManager] Lock acquired on daemon addresses registry.
2024-10-01T11:34:03.829-0400 [DEBUG] [org.gradle.cache.internal.DefaultFileLockManager] Releasing lock on daemon addresses registry.
2024-10-01T11:34:03.830-0400 [DEBUG] [org.gradle.cache.internal.DefaultFileLockManager] Waiting to acquire shared lock on daemon addresses registry.
2024-10-01T11:34:03.830-0400 [DEBUG] [org.gradle.cache.internal.DefaultFileLockManager] Lock acquired on daemon addresses registry.
2024-10-01T11:34:03.830-0400 [DEBUG] [org.gradle.cache.internal.DefaultFileLockManager] Releasing lock on daemon addresses registry.
2024-10-01T11:34:03.831-0400 [DEBUG] [org.gradle.cache.internal.DefaultFileLockManager] Waiting to acquire shared lock on daemon addresses registry.
2024-10-01T11:34:03.831-0400 [DEBUG] [org.gradle.cache.internal.DefaultFileLockManager] Lock acquired on daemon addresses registry.
2024-10-01T11:34:03.831-0400 [DEBUG] [org.gradle.cache.internal.DefaultFileLockManager] Releasing lock on daemon addresses registry.
2024-10-01T11:34:13.831-0400 [DEBUG] [org.gradle.cache.internal.DefaultFileLockManager] Waiting to acquire shared lock on daemon addresses registry.
2024-10-01T11:34:13.831-0400 [DEBUG] [org.gradle.cache.internal.DefaultFileLockManager] Lock acquired on daemon addresses registry.
2024-10-01T11:34:13.832-0400 [DEBUG] [org.gradle.cache.internal.DefaultFileLockManager] Releasing lock on daemon addresses registry.
2024-10-01T11:34:13.834-0400 [DEBUG] [org.gradle.cache.internal.DefaultFileLockManager] Waiting to acquire shared lock on daemon addresses registry.
2024-10-01T11:34:13.834-0400 [DEBUG] [org.gradle.cache.internal.DefaultFileLockManager] Lock acquired on daemon addresses registry.
2024-10-01T11:34:13.835-0400 [DEBUG] [org.gradle.cache.internal.DefaultFileLockManager] Releasing lock on daemon addresses registry.
2024-10-01T11:34:13.837-0400 [DEBUG] [org.gradle.cache.internal.DefaultFileLockManager] Waiting to acquire shared lock on daemon addresses registry.
2024-10-01T11:34:13.838-0400 [DEBUG] [org.gradle.cache.internal.DefaultFileLockManager] Lock acquired on daemon addresses registry.
2024-10-01T11:34:13.839-0400 [DEBUG] [org.gradle.cache.internal.DefaultFileLockManager] Releasing lock on daemon addresses registry.
2024-10-01T11:34:23.833-0400 [DEBUG] [org.gradle.cache.internal.DefaultFileLockManager] Waiting to acquire shared lock on daemon addresses registry.
2024-10-01T11:34:23.834-0400 [DEBUG] [org.gradle.cache.internal.DefaultFileLockManager] Lock acquired on daemon addresses registry.
2024-10-01T11:34:23.834-0400 [DEBUG] [org.gradle.cache.internal.DefaultFileLockManager] Releasing lock on daemon addresses registry.
2024-10-01T11:34:23.837-0400 [DEBUG] [org.gradle.cache.internal.DefaultFileLockManager] Waiting to acquire shared lock on daemon addresses registry.
2024-10-01T11:34:23.837-0400 [DEBUG] [org.gradle.cache.internal.DefaultFileLockManager] Lock acquired on daemon addresses registry.
2024-10-01T11:34:23.838-0400 [DEBUG] [org.gradle.cache.internal.DefaultFileLockManager] Releasing lock on daemon addresses registry.
2024-10-01T11:34:23.840-0400 [DEBUG] [org.gradle.cache.internal.DefaultFileLockManager] Waiting to acquire shared lock on daemon addresses registry.
2024-10-01T11:34:23.841-0400 [DEBUG] [org.gradle.cache.internal.DefaultFileLockManager] Lock acquired on daemon addresses registry.
2024-10-01T11:34:23.841-0400 [DEBUG] [org.gradle.cache.internal.DefaultFileLockManager] Releasing lock on daemon addresses registry.
2024-10-01T11:34:33.832-0400 [DEBUG] [org.gradle.cache.internal.DefaultFileLockManager] Waiting to acquire shared lock on daemon addresses registry.
2024-10-01T11:34:33.833-0400 [DEBUG] [org.gradle.cache.internal.DefaultFileLockManager] Lock acquired on daemon addresses registry.
2024-10-01T11:34:33.833-0400 [DEBUG] [org.gradle.cache.internal.DefaultFileLockManager] Releasing lock on daemon addresses registry.
2024-10-01T11:34:33.835-0400 [DEBUG] [org.gradle.cache.internal.DefaultFileLockManager] Waiting to acquire shared lock on daemon addresses registry.
2024-10-01T11:34:33.835-0400 [DEBUG] [org.gradle.cache.internal.DefaultFileLockManager] Lock acquired on daemon addresses registry.
2024-10-01T11:34:33.836-0400 [DEBUG] [org.gradle.cache.internal.DefaultFileLockManager] Releasing lock on daemon addresses registry.
2024-10-01T11:34:33.838-0400 [DEBUG] [org.gradle.cache.internal.DefaultFileLockManager] Waiting to acquire shared lock on daemon addresses registry.
2024-10-01T11:34:33.838-0400 [DEBUG] [org.gradle.cache.internal.DefaultFileLockManager] Lock acquired on daemon addresses registry.
2024-10-01T11:34:33.839-0400 [DEBUG] [org.gradle.cache.internal.DefaultFileLockManager] Releasing lock on daemon addresses registry.
2024-10-01T11:34:43.833-0400 [DEBUG] [org.gradle.cache.internal.DefaultFileLockManager] Waiting to acquire shared lock on daemon addresses registry.
2024-10-01T11:34:43.833-0400 [DEBUG] [org.gradle.cache.internal.DefaultFileLockManager] Lock acquired on daemon addresses registry.
2024-10-01T11:34:43.834-0400 [DEBUG] [org.gradle.cache.internal.DefaultFileLockManager] Releasing lock on daemon addresses registry.
2024-10-01T11:34:43.836-0400 [DEBUG] [org.gradle.cache.internal.DefaultFileLockManager] Waiting to acquire shared lock on daemon addresses registry.
2024-10-01T11:34:43.836-0400 [DEBUG] [org.gradle.cache.internal.DefaultFileLockManager] Lock acquired on daemon addresses registry.
2024-10-01T11:34:43.837-0400 [DEBUG] [org.gradle.cache.internal.DefaultFileLockManager] Releasing lock on daemon addresses registry.
2024-10-01T11:34:43.838-0400 [DEBUG] [org.gradle.cache.internal.DefaultFileLockManager] Waiting to acquire shared lock on daemon addresses registry.
2024-10-01T11:34:43.838-0400 [DEBUG] [org.gradle.cache.internal.DefaultFileLockManager] Lock acquired on daemon addresses registry.
2024-10-01T11:34:43.839-0400 [DEBUG] [org.gradle.cache.internal.DefaultFileLockManager] Releasing lock on daemon addresses registry.
2024-10-01T11:34:47.974-0400 [DEBUG] [org.gradle.internal.remote.internal.inet.TcpIncomingConnector] Accepted connection from /127.0.0.1:63568 to /127.0.0.1:63719.
2024-10-01T11:34:48.013-0400 [DEBUG] [org.gradle.launcher.daemon.server.SynchronizedDispatchConnection] thread 190: received class org.gradle.launcher.daemon.protocol.Build
2024-10-01T11:34:48.014-0400 [DEBUG] [org.gradle.launcher.daemon.server.DefaultDaemonConnection] thread 190: Received non-IO message from client: Build{id=25cc1625-10ce-464b-bd1b-2d06a0d88a28, currentDir=C:\Users\baray\AndroidStudioProjects\CIS3515_Activity_Activity}
2024-10-01T11:34:48.015-0400 [INFO] [org.gradle.launcher.daemon.server.DefaultIncomingConnectionHandler] Received command: Build{id=25cc1625-10ce-464b-bd1b-2d06a0d88a28, currentDir=C:\Users\baray\AndroidStudioProjects\CIS3515_Activity_Activity}.
2024-10-01T11:34:48.016-0400 [DEBUG] [org.gradle.launcher.daemon.server.DefaultIncomingConnectionHandler] Starting executing command: Build{id=25cc1625-10ce-464b-bd1b-2d06a0d88a28, currentDir=C:\Users\baray\AndroidStudioProjects\CIS3515_Activity_Activity} with connection: socket connection from /127.0.0.1:63719 to /127.0.0.1:63568.
2024-10-01T11:34:48.017-0400 [DEBUG] [org.gradle.launcher.daemon.server.DaemonStateCoordinator] Command execution: started DaemonCommandExecution[command = Build{id=25cc1625-10ce-464b-bd1b-2d06a0d88a28, currentDir=C:\Users\baray\AndroidStudioProjects\CIS3515_Activity_Activity}, connection = DefaultDaemonConnection: socket connection from /127.0.0.1:63719 to /127.0.0.1:63568] after 20.0 minutes of idle
2024-10-01T11:34:48.017-0400 [INFO] [org.gradle.launcher.daemon.server.DaemonRegistryUpdater] Marking the daemon as busy, address: [606a9522-a89f-47ad-9f69-d1350e00d8a9 port:63719, addresses:[localhost/127.0.0.1]]
2024-10-01T11:34:48.017-0400 [DEBUG] [org.gradle.launcher.daemon.registry.PersistentDaemonRegistry] Marking busy by address: [606a9522-a89f-47ad-9f69-d1350e00d8a9 port:63719, addresses:[localhost/127.0.0.1]]
2024-10-01T11:34:48.020-0400 [DEBUG] [org.gradle.cache.internal.DefaultFileLockManager] Waiting to acquire exclusive lock on daemon addresses registry.
2024-10-01T11:34:48.021-0400 [DEBUG] [org.gradle.cache.internal.DefaultFileLockManager] Lock acquired on daemon addresses registry.
2024-10-01T11:34:48.025-0400 [DEBUG] [org.gradle.cache.internal.DefaultFileLockManager] Releasing lock on daemon addresses registry.
2024-10-01T11:34:48.026-0400 [DEBUG] [org.gradle.launcher.daemon.server.DaemonStateCoordinator] resetting idle timer
2024-10-01T11:34:48.026-0400 [DEBUG] [org.gradle.launcher.daemon.server.DaemonStateCoordinator] daemon is running. Sleeping until state changes.
2024-10-01T11:34:48.027-0400 [INFO] [org.gradle.launcher.daemon.server.exec.StartBuildOrRespondWithBusy] Daemon is about to start building Build{id=25cc1625-10ce-464b-bd1b-2d06a0d88a28, currentDir=C:\Users\baray\AndroidStudioProjects\CIS3515_Activity_Activity}. Dispatching build started information...
2024-10-01T11:34:48.028-0400 [DEBUG] [org.gradle.launcher.daemon.server.SynchronizedDispatchConnection] thread 192: dispatching org.gradle.launcher.daemon.protocol.BuildStarted@1da17f62
2024-10-01T11:34:48.030-0400 [DEBUG] [org.gradle.launcher.daemon.server.exec.EstablishBuildEnvironment] Configuring env variables: [USERDOMAIN_ROAMINGPROFILE, IGCCSVC_DB, LOCALAPPDATA, PROCESSOR_LEVEL, IntelliJ IDEA, USERDOMAIN, LOGONSERVER, SESSIONNAME, ALLUSERSPROFILE, PROCESSOR_ARCHITECTURE, ANDROID_HOME, PSModulePath, SystemDrive, OneDrive, PT8HOME, APPDATA, USERNAME, ProgramFiles(x86), CommonProgramFiles, Path, PATHEXT, DriverData, OS, OneDriveConsumer, COMPUTERNAME, PROCESSOR_REVISION, CommonProgramW6432, ComSpec, ProgramData, ProgramW6432, TEMP, HOMEPATH, SystemRoot, PROCESSOR_IDENTIFIER, HOMEDRIVE, USERPROFILE, TMP, CommonProgramFiles(x86), ProgramFiles, PUBLIC, windir, NUMBER_OF_PROCESSORS, =::, IDEA_INITIAL_DIRECTORY, ZES_ENABLE_SYSMAN]
2024-10-01T11:34:48.035-0400 [DEBUG] [org.gradle.launcher.daemon.server.exec.LogToClient] About to start relaying all logs to the client via the connection.
2024-10-01T11:34:48.036-0400 [INFO] [org.gradle.launcher.daemon.server.exec.LogToClient] The client will now receive all logging from the daemon (pid: 28796). The daemon log file: C:\Users\baray\AndroidStudioProjects\CIS3515_Activity_Activity\daemon\8.7\daemon-28796.out.log
2024-10-01T11:34:48.043-0400 [INFO] [org.gradle.launcher.daemon.server.exec.LogAndCheckHealth] Starting 2nd build in daemon [uptime: 21 mins 54.513 secs, performance: 100%, GC rate: 0.00/s, heap usage: 0% of 2 GiB]
2024-10-01T11:34:48.044-0400 [DEBUG] [org.gradle.launcher.daemon.server.exec.ExecuteBuild] The daemon has started executing the build.
2024-10-01T11:34:48.045-0400 [DEBUG] [org.gradle.launcher.daemon.server.exec.ExecuteBuild] Executing build with daemon context: DefaultDaemonContext[uid=b732a0e9-0c02-4769-a55d-d41ac31c965e,javaHome=C:\Program Files\Android\Android Studio\jbr,daemonRegistryDir=C:\Users\baray\AndroidStudioProjects\CIS3515_Activity_Activity\daemon,pid=28796,idleTimeout=10800000,priority=NORMAL,applyInstrumentationAgent=true,daemonOpts=--add-opens=java.base/java.util=ALL-UNNAMED,--add-opens=java.base/java.lang=ALL-UNNAMED,--add-opens=java.base/java.lang.invoke=ALL-UNNAMED,--add-opens=java.prefs/java.util.prefs=ALL-UNNAMED,--add-opens=java.base/java.nio.charset=ALL-UNNAMED,--add-opens=java.base/java.net=ALL-UNNAMED,--add-opens=java.base/java.util.concurrent.atomic=ALL-UNNAMED,-Xmx2048m,-Dfile.encoding=UTF-8,-Duser.country=US,-Duser.language=en,-Duser.variant]
AGPBI: {"kind":"warning","text":"The option setting 'android.defaults.buildfeatures.buildconfig=true' is deprecated.\nThe current default is 'false'.\nIt will be removed in version 9.0 of the Android Gradle plugin.\nYou can resolve this warning in Android Studio via `Refactor` > `Migrate BuildConfig to Gradle Build Files`","sources":[{}]}
w: file:///C:/Users/baray/AndroidStudioProjects/CIS3515_Activity_Activity/app/src/main/java/edu/temple/activities/MainActivity.kt:39:59 Parameter 'callback' is never used

Deprecated Gradle features were used in this build, making it incompatible with Gradle 9.0.

You can use '--warning-mode all' to show the individual deprecation warnings and determine if they come from your own scripts or plugins.

For more on this, please refer to https://docs.gradle.org/8.7/userguide/command_line_interface.html#sec:command_line_warnings in the Gradle documentation.

BUILD SUCCESSFUL in 1m 15s
35 actionable tasks: 35 executed
2024-10-01T11:36:03.523-0400 [DEBUG] [org.gradle.launcher.daemon.server.exec.ExecuteBuild] The daemon has finished executing the build.
2024-10-01T11:36:03.527-0400 [DEBUG] [org.gradle.launcher.daemon.server.DaemonStateCoordinator] daemon is running. Sleeping until state changes.
2024-10-01T11:36:03.527-0400 [DEBUG] [org.gradle.launcher.daemon.server.DaemonStateCoordinator] Command execution: finished waiting for DaemonCommandExecution[command = Build{id=25cc1625-10ce-464b-bd1b-2d06a0d88a28, currentDir=C:\Users\baray\AndroidStudioProjects\CIS3515_Activity_Activity}, connection = DefaultDaemonConnection: socket connection from /127.0.0.1:63719 to /127.0.0.1:63568]. Result org.gradle.launcher.daemon.server.DaemonStateCoordinator@9269329 with state Busy
2024-10-01T11:36:03.527-0400 [DEBUG] [org.gradle.launcher.daemon.server.DaemonStateCoordinator] Command execution: completed DaemonCommandExecution[command = Build{id=25cc1625-10ce-464b-bd1b-2d06a0d88a28, currentDir=C:\Users\baray\AndroidStudioProjects\CIS3515_Activity_Activity}, connection = DefaultDaemonConnection: socket connection from /127.0.0.1:63719 to /127.0.0.1:63568]
2024-10-01T11:36:03.528-0400 [DEBUG] [org.gradle.launcher.daemon.server.DaemonStateCoordinator] resetting idle timer
2024-10-01T11:36:03.528-0400 [INFO] [org.gradle.launcher.daemon.server.DaemonRegistryUpdater] Marking the daemon as idle, address: [606a9522-a89f-47ad-9f69-d1350e00d8a9 port:63719, addresses:[localhost/127.0.0.1]]
2024-10-01T11:36:03.528-0400 [DEBUG] [org.gradle.launcher.daemon.registry.PersistentDaemonRegistry] Marking busy by address: [606a9522-a89f-47ad-9f69-d1350e00d8a9 port:63719, addresses:[localhost/127.0.0.1]]
2024-10-01T11:36:03.530-0400 [DEBUG] [org.gradle.cache.internal.DefaultFileLockManager] Waiting to acquire exclusive lock on daemon addresses registry.
2024-10-01T11:36:03.531-0400 [DEBUG] [org.gradle.cache.internal.DefaultFileLockManager] Lock acquired on daemon addresses registry.
2024-10-01T11:36:03.533-0400 [DEBUG] [org.gradle.cache.internal.DefaultFileLockManager] Releasing lock on daemon addresses registry.
2024-10-01T11:36:03.534-0400 [DEBUG] [org.gradle.launcher.daemon.server.exec.ReturnResult] Daemon is dispatching the build result: Success[value=org.gradle.launcher.exec.BuildActionResult@30019ea7]
2024-10-01T11:36:03.534-0400 [DEBUG] [org.gradle.launcher.daemon.server.DaemonStateCoordinator] daemon is running. Sleeping until state changes.
2024-10-01T11:36:03.534-0400 [DEBUG] [org.gradle.launcher.daemon.server.SynchronizedDispatchConnection] thread 189: dispatching Success[value=org.gradle.launcher.exec.BuildActionResult@30019ea7]
2024-10-01T11:36:03.535-0400 [DEBUG] [org.gradle.launcher.daemon.server.DefaultIncomingConnectionHandler] Finishing executing command: Build{id=25cc1625-10ce-464b-bd1b-2d06a0d88a28, currentDir=C:\Users\baray\AndroidStudioProjects\CIS3515_Activity_Activity}
2024-10-01T11:36:03.535-0400 [DEBUG] [org.gradle.launcher.daemon.server.SynchronizedDispatchConnection] thread 190: received class org.gradle.launcher.daemon.protocol.Finished
2024-10-01T11:36:03.535-0400 [DEBUG] [org.gradle.launcher.daemon.server.DefaultDaemonConnection] thread 190: Received non-IO message from client: org.gradle.launcher.daemon.protocol.Finished@a965606
2024-10-01T11:36:03.536-0400 [DEBUG] [org.gradle.launcher.daemon.server.exec.CleanUpVirtualFileSystemAfterBuild] Cleaning virtual file system after build finished
2024-10-01T11:36:03.536-0400 [DEBUG] [org.gradle.launcher.daemon.server.DefaultIncomingConnectionHandler] Received finished message: org.gradle.launcher.daemon.protocol.Finished@a965606
2024-10-01T11:36:03.536-0400 [DEBUG] [org.gradle.internal.remote.internal.inet.SocketConnection] Discarding EOFException: java.io.EOFException
2024-10-01T11:36:03.536-0400 [DEBUG] [org.gradle.launcher.daemon.server.SynchronizedDispatchConnection] thread 190: received null
2024-10-01T11:36:03.536-0400 [DEBUG] [org.gradle.launcher.daemon.server.SynchronizedDispatchConnection] thread 189: stopping connection
2024-10-01T11:36:03.537-0400 [DEBUG] [org.gradle.launcher.daemon.server.DefaultDaemonConnection] thread 190: Received end-of-input from client.
2024-10-01T11:36:03.538-0400 [DEBUG] [org.gradle.launcher.daemon.server.SynchronizedDispatchConnection] thread 189: stopping connection
2024-10-01T11:36:03.830-0400 [DEBUG] [org.gradle.cache.internal.DefaultFileLockManager] Waiting to acquire shared lock on daemon addresses registry.
2024-10-01T11:36:03.831-0400 [DEBUG] [org.gradle.cache.internal.DefaultFileLockManager] Lock acquired on daemon addresses registry.
2024-10-01T11:36:03.831-0400 [DEBUG] [org.gradle.cache.internal.DefaultFileLockManager] Releasing lock on daemon addresses registry.
2024-10-01T11:36:03.833-0400 [DEBUG] [org.gradle.cache.internal.DefaultFileLockManager] Waiting to acquire shared lock on daemon addresses registry.
2024-10-01T11:36:03.833-0400 [DEBUG] [org.gradle.cache.internal.DefaultFileLockManager] Lock acquired on daemon addresses registry.
2024-10-01T11:36:03.833-0400 [DEBUG] [org.gradle.cache.internal.DefaultFileLockManager] Releasing lock on daemon addresses registry.
2024-10-01T11:36:03.972-0400 [DEBUG] [org.gradle.internal.watch.vfs.impl.WatchingVirtualFileSystem] Handling VFS change CREATED C:\Users\baray\AndroidStudioProjects\CIS3515_Activity_Activity\app\src\main\java\edu\temple\activities\MainActivity.kt~
2024-10-01T11:36:03.976-0400 [DEBUG] [org.gradle.internal.watch.vfs.impl.WatchingVirtualFileSystem] Handling VFS change MODIFIED C:\Users\baray\AndroidStudioProjects\CIS3515_Activity_Activity\app\src\main\java\edu\temple\activities\MainActivity.kt
2024-10-01T11:36:06.322-0400 [DEBUG] [org.gradle.process.internal.health.memory.DefaultMemoryManager] 1684925644 physical memory requested, 681521152 free
2024-10-01T11:36:06.322-0400 [DEBUG] [org.gradle.workers.internal.WorkerDaemonExpiration] Will attempt to release 1606 of memory
2024-10-01T11:36:06.322-0400 [DEBUG] [org.gradle.process.internal.health.memory.DefaultMemoryManager] 1684925644 physical memory requested, 0 released, 681521152 free
2024-10-01T11:36:11.324-0400 [DEBUG] [org.gradle.process.internal.health.memory.DefaultMemoryManager] 1684925644 physical memory requested, 477020160 free
2024-10-01T11:36:11.324-0400 [DEBUG] [org.gradle.workers.internal.WorkerDaemonExpiration] Will attempt to release 1606 of memory
2024-10-01T11:36:11.324-0400 [DEBUG] [org.gradle.process.internal.health.memory.DefaultMemoryManager] 1684925644 physical memory requested, 0 released, 477020160 free
2024-10-01T11:36:13.038-0400 [DEBUG] [sun.rmi.transport.tcp] RMI Scheduler(0): close connection, socket: Socket[addr=localhost/127.0.0.1,port=17935,localport=63651]
2024-10-01T11:36:13.059-0400 [DEBUG] [sun.rmi.transport.tcp] RMI Scheduler(0): close connection, socket: Socket[addr=localhost/127.0.0.1,port=17935,localport=63663]
2024-10-01T11:36:13.208-0400 [DEBUG] [sun.rmi.transport.tcp] RMI TCP Connection(1)-127.0.0.1: (port 63653) connection closed
2024-10-01T11:36:13.208-0400 [DEBUG] [sun.rmi.transport.tcp] RMI TCP Connection(1)-127.0.0.1: close connection, socket: Socket[addr=/127.0.0.1,port=63654,localport=63653]
2024-10-01T11:36:13.208-0400 [DEBUG] [sun.rmi.transport.tcp] RMI TCP Connection(1)-127.0.0.1: socket close: Socket[addr=/127.0.0.1,port=63654,localport=63653]
2024-10-01T11:36:13.828-0400 [DEBUG] [org.gradle.cache.internal.DefaultFileLockManager] Waiting to acquire shared lock on daemon addresses registry.
2024-10-01T11:36:13.828-0400 [DEBUG] [org.gradle.cache.internal.DefaultFileLockManager] Lock acquired on daemon addresses registry.
2024-10-01T11:36:13.828-0400 [DEBUG] [org.gradle.cache.internal.DefaultFileLockManager] Releasing lock on daemon addresses registry.
2024-10-01T11:36:13.830-0400 [DEBUG] [org.gradle.cache.internal.DefaultFileLockManager] Waiting to acquire shared lock on daemon addresses registry.
2024-10-01T11:36:13.831-0400 [DEBUG] [org.gradle.cache.internal.DefaultFileLockManager] Lock acquired on daemon addresses registry.
2024-10-01T11:36:13.831-0400 [DEBUG] [org.gradle.cache.internal.DefaultFileLockManager] Releasing lock on daemon addresses registry.
2024-10-01T11:36:13.833-0400 [DEBUG] [org.gradle.cache.internal.DefaultFileLockManager] Waiting to acquire shared lock on daemon addresses registry.
2024-10-01T11:36:13.833-0400 [DEBUG] [org.gradle.cache.internal.DefaultFileLockManager] Lock acquired on daemon addresses registry.
2024-10-01T11:36:13.834-0400 [DEBUG] [org.gradle.cache.internal.DefaultFileLockManager] Releasing lock on daemon addresses registry.
2024-10-01T11:36:16.318-0400 [DEBUG] [org.gradle.process.internal.health.memory.DefaultMemoryManager] 1684925644 physical memory requested, 601202688 free
2024-10-01T11:36:16.318-0400 [DEBUG] [org.gradle.workers.internal.WorkerDaemonExpiration] Will attempt to release 1606 of memory
2024-10-01T11:36:16.318-0400 [DEBUG] [org.gradle.process.internal.health.memory.DefaultMemoryManager] 1684925644 physical memory requested, 0 released, 601202688 free
2024-10-01T11:36:21.350-0400 [DEBUG] [org.gradle.process.internal.health.memory.DefaultMemoryManager] 1684925644 physical memory requested, 830644224 free
2024-10-01T11:36:21.350-0400 [DEBUG] [org.gradle.workers.internal.WorkerDaemonExpiration] Will attempt to release 1606 of memory
2024-10-01T11:36:21.350-0400 [DEBUG] [org.gradle.process.internal.health.memory.DefaultMemoryManager] 1684925644 physical memory requested, 0 released, 830644224 free
2024-10-01T11:36:23.830-0400 [DEBUG] [org.gradle.cache.internal.DefaultFileLockManager] Waiting to acquire shared lock on daemon addresses registry.
2024-10-01T11:36:23.830-0400 [DEBUG] [org.gradle.cache.internal.DefaultFileLockManager] Lock acquired on daemon addresses registry.
2024-10-01T11:36:23.831-0400 [DEBUG] [org.gradle.cache.internal.DefaultFileLockManager] Releasing lock on daemon addresses registry.
2024-10-01T11:36:23.835-0400 [DEBUG] [org.gradle.cache.internal.DefaultFileLockManager] Waiting to acquire shared lock on daemon addresses registry.
2024-10-01T11:36:23.836-0400 [DEBUG] [org.gradle.cache.internal.DefaultFileLockManager] Lock acquired on daemon addresses registry.
2024-10-01T11:36:23.837-0400 [DEBUG] [org.gradle.cache.internal.DefaultFileLockManager] Releasing lock on daemon addresses registry.
2024-10-01T11:36:23.839-0400 [DEBUG] [org.gradle.cache.internal.DefaultFileLockManager] Waiting to acquire shared lock on daemon addresses registry.
2024-10-01T11:36:23.839-0400 [DEBUG] [org.gradle.cache.internal.DefaultFileLockManager] Lock acquired on daemon addresses registry.
2024-10-01T11:36:23.839-0400 [DEBUG] [org.gradle.cache.internal.DefaultFileLockManager] Releasing lock on daemon addresses registry.
2024-10-01T11:36:26.320-0400 [DEBUG] [org.gradle.process.internal.health.memory.DefaultMemoryManager] 1684925644 physical memory requested, 763809792 free
2024-10-01T11:36:26.320-0400 [DEBUG] [org.gradle.workers.internal.WorkerDaemonExpiration] Will attempt to release 1606 of memory
2024-10-01T11:36:26.320-0400 [DEBUG] [org.gradle.process.internal.health.memory.DefaultMemoryManager] 1684925644 physical memory requested, 0 released, 763809792 free
2024-10-01T11:36:31.322-0400 [DEBUG] [org.gradle.process.internal.health.memory.DefaultMemoryManager] 1684925644 physical memory requested, 702488576 free
2024-10-01T11:36:31.322-0400 [DEBUG] [org.gradle.workers.internal.WorkerDaemonExpiration] Will attempt to release 1606 of memory
2024-10-01T11:36:31.322-0400 [DEBUG] [org.gradle.process.internal.health.memory.DefaultMemoryManager] 1684925644 physical memory requested, 0 released, 702488576 free
2024-10-01T11:36:33.828-0400 [DEBUG] [org.gradle.cache.internal.DefaultFileLockManager] Waiting to acquire shared lock on daemon addresses registry.
2024-10-01T11:36:33.828-0400 [DEBUG] [org.gradle.cache.internal.DefaultFileLockManager] Lock acquired on daemon addresses registry.
2024-10-01T11:36:33.829-0400 [DEBUG] [org.gradle.cache.internal.DefaultFileLockManager] Releasing lock on daemon addresses registry.
2024-10-01T11:36:33.831-0400 [DEBUG] [org.gradle.cache.internal.DefaultFileLockManager] Waiting to acquire shared lock on daemon addresses registry.
2024-10-01T11:36:33.832-0400 [DEBUG] [org.gradle.cache.internal.DefaultFileLockManager] Lock acquired on daemon addresses registry.
2024-10-01T11:36:33.832-0400 [DEBUG] [org.gradle.cache.internal.DefaultFileLockManager] Releasing lock on daemon addresses registry.
2024-10-01T11:36:33.835-0400 [DEBUG] [org.gradle.cache.internal.DefaultFileLockManager] Waiting to acquire shared lock on daemon addresses registry.
2024-10-01T11:36:33.835-0400 [DEBUG] [org.gradle.cache.internal.DefaultFileLockManager] Lock acquired on daemon addresses registry.
2024-10-01T11:36:33.836-0400 [DEBUG] [org.gradle.cache.internal.DefaultFileLockManager] Releasing lock on daemon addresses registry.
2024-10-01T11:36:36.324-0400 [DEBUG] [org.gradle.process.internal.health.memory.DefaultMemoryManager] 1684925644 physical memory requested, 675098624 free
2024-10-01T11:36:36.324-0400 [DEBUG] [org.gradle.workers.internal.WorkerDaemonExpiration] Will attempt to release 1606 of memory
2024-10-01T11:36:36.324-0400 [DEBUG] [org.gradle.process.internal.health.memory.DefaultMemoryManager] 1684925644 physical memory requested, 0 released, 675098624 free
2024-10-01T11:36:41.323-0400 [DEBUG] [org.gradle.process.internal.health.memory.DefaultMemoryManager] 1684925644 physical memory requested, 700768256 free
2024-10-01T11:36:41.323-0400 [DEBUG] [org.gradle.workers.internal.WorkerDaemonExpiration] Will attempt to release 1606 of memory
2024-10-01T11:36:41.323-0400 [DEBUG] [org.gradle.process.internal.health.memory.DefaultMemoryManager] 1684925644 physical memory requested, 0 released, 700768256 free
2024-10-01T11:36:43.829-0400 [DEBUG] [org.gradle.cache.internal.DefaultFileLockManager] Waiting to acquire shared lock on daemon addresses registry.
2024-10-01T11:36:43.829-0400 [DEBUG] [org.gradle.cache.internal.DefaultFileLockManager] Lock acquired on daemon addresses registry.
2024-10-01T11:36:43.829-0400 [DEBUG] [org.gradle.cache.internal.DefaultFileLockManager] Releasing lock on daemon addresses registry.
2024-10-01T11:36:43.830-0400 [DEBUG] [org.gradle.cache.internal.DefaultFileLockManager] Waiting to acquire shared lock on daemon addresses registry.
2024-10-01T11:36:43.830-0400 [DEBUG] [org.gradle.cache.internal.DefaultFileLockManager] Lock acquired on daemon addresses registry.
2024-10-01T11:36:43.831-0400 [DEBUG] [org.gradle.cache.internal.DefaultFileLockManager] Releasing lock on daemon addresses registry.
2024-10-01T11:36:43.831-0400 [DEBUG] [org.gradle.cache.internal.DefaultFileLockManager] Waiting to acquire shared lock on daemon addresses registry.
2024-10-01T11:36:43.831-0400 [DEBUG] [org.gradle.cache.internal.DefaultFileLockManager] Lock acquired on daemon addresses registry.
2024-10-01T11:36:43.831-0400 [DEBUG] [org.gradle.cache.internal.DefaultFileLockManager] Releasing lock on daemon addresses registry.
2024-10-01T11:36:46.322-0400 [DEBUG] [org.gradle.process.internal.health.memory.DefaultMemoryManager] 1684925644 physical memory requested, 820092928 free
2024-10-01T11:36:46.322-0400 [DEBUG] [org.gradle.workers.internal.WorkerDaemonExpiration] Will attempt to release 1606 of memory
2024-10-01T11:36:46.322-0400 [DEBUG] [org.gradle.process.internal.health.memory.DefaultMemoryManager] 1684925644 physical memory requested, 0 released, 820092928 free
2024-10-01T11:36:51.320-0400 [DEBUG] [org.gradle.process.internal.health.memory.DefaultMemoryManager] 1684925644 physical memory requested, 920383488 free
2024-10-01T11:36:51.320-0400 [DEBUG] [org.gradle.workers.internal.WorkerDaemonExpiration] Will attempt to release 1606 of memory
2024-10-01T11:36:51.320-0400 [DEBUG] [org.gradle.process.internal.health.memory.DefaultMemoryManager] 1684925644 physical memory requested, 0 released, 920383488 free
2024-10-01T11:36:53.829-0400 [DEBUG] [org.gradle.cache.internal.DefaultFileLockManager] Waiting to acquire shared lock on daemon addresses registry.
2024-10-01T11:36:53.829-0400 [DEBUG] [org.gradle.cache.internal.DefaultFileLockManager] Lock acquired on daemon addresses registry.
2024-10-01T11:36:53.829-0400 [DEBUG] [org.gradle.cache.internal.DefaultFileLockManager] Releasing lock on daemon addresses registry.
2024-10-01T11:36:53.830-0400 [DEBUG] [org.gradle.cache.internal.DefaultFileLockManager] Waiting to acquire shared lock on daemon addresses registry.
2024-10-01T11:36:53.831-0400 [DEBUG] [org.gradle.cache.internal.DefaultFileLockManager] Lock acquired on daemon addresses registry.
2024-10-01T11:36:53.831-0400 [DEBUG] [org.gradle.cache.internal.DefaultFileLockManager] Releasing lock on daemon addresses registry.
2024-10-01T11:36:53.833-0400 [DEBUG] [org.gradle.cache.internal.DefaultFileLockManager] Waiting to acquire shared lock on daemon addresses registry.
2024-10-01T11:36:53.833-0400 [DEBUG] [org.gradle.cache.internal.DefaultFileLockManager] Lock acquired on daemon addresses registry.
2024-10-01T11:36:53.833-0400 [DEBUG] [org.gradle.cache.internal.DefaultFileLockManager] Releasing lock on daemon addresses registry.
2024-10-01T11:36:56.318-0400 [DEBUG] [org.gradle.process.internal.health.memory.DefaultMemoryManager] 1684925644 physical memory requested, 925057024 free
2024-10-01T11:36:56.318-0400 [DEBUG] [org.gradle.workers.internal.WorkerDaemonExpiration] Will attempt to release 1606 of memory
2024-10-01T11:36:56.318-0400 [DEBUG] [org.gradle.process.internal.health.memory.DefaultMemoryManager] 1684925644 physical memory requested, 0 released, 925057024 free
2024-10-01T11:37:01.323-0400 [DEBUG] [org.gradle.process.internal.health.memory.DefaultMemoryManager] 1684925644 physical memory requested, 903417856 free
2024-10-01T11:37:01.323-0400 [DEBUG] [org.gradle.workers.internal.WorkerDaemonExpiration] Will attempt to release 1606 of memory
2024-10-01T11:37:01.323-0400 [DEBUG] [org.gradle.process.internal.health.memory.DefaultMemoryManager] 1684925644 physical memory requested, 0 released, 903417856 free
2024-10-01T11:37:03.829-0400 [DEBUG] [org.gradle.cache.internal.DefaultFileLockManager] Waiting to acquire shared lock on daemon addresses registry.
2024-10-01T11:37:03.829-0400 [DEBUG] [org.gradle.cache.internal.DefaultFileLockManager] Lock acquired on daemon addresses registry.
2024-10-01T11:37:03.829-0400 [DEBUG] [org.gradle.cache.internal.DefaultFileLockManager] Releasing lock on daemon addresses registry.
2024-10-01T11:37:03.832-0400 [DEBUG] [org.gradle.cache.internal.DefaultFileLockManager] Waiting to acquire shared lock on daemon addresses registry.
2024-10-01T11:37:03.832-0400 [DEBUG] [org.gradle.cache.internal.DefaultFileLockManager] Lock acquired on daemon addresses registry.
2024-10-01T11:37:03.832-0400 [DEBUG] [org.gradle.cache.internal.DefaultFileLockManager] Releasing lock on daemon addresses registry.
2024-10-01T11:37:03.834-0400 [DEBUG] [org.gradle.cache.internal.DefaultFileLockManager] Waiting to acquire shared lock on daemon addresses registry.
2024-10-01T11:37:03.834-0400 [DEBUG] [org.gradle.cache.internal.DefaultFileLockManager] Lock acquired on daemon addresses registry.
2024-10-01T11:37:03.834-0400 [DEBUG] [org.gradle.cache.internal.DefaultFileLockManager] Releasing lock on daemon addresses registry.
2024-10-01T11:37:06.322-0400 [DEBUG] [org.gradle.process.internal.health.memory.DefaultMemoryManager] 1684925644 physical memory requested, 923746304 free
2024-10-01T11:37:06.322-0400 [DEBUG] [org.gradle.workers.internal.WorkerDaemonExpiration] Will attempt to release 1606 of memory
2024-10-01T11:37:06.322-0400 [DEBUG] [org.gradle.process.internal.health.memory.DefaultMemoryManager] 1684925644 physical memory requested, 0 released, 923746304 free
2024-10-01T11:37:11.322-0400 [DEBUG] [org.gradle.process.internal.health.memory.DefaultMemoryManager] 1684925644 physical memory requested, 933044224 free
2024-10-01T11:37:11.322-0400 [DEBUG] [org.gradle.workers.internal.WorkerDaemonExpiration] Will attempt to release 1606 of memory
2024-10-01T11:37:11.322-0400 [DEBUG] [org.gradle.process.internal.health.memory.DefaultMemoryManager] 1684925644 physical memory requested, 0 released, 933044224 free
2024-10-01T11:37:13.829-0400 [DEBUG] [org.gradle.cache.internal.DefaultFileLockManager] Waiting to acquire shared lock on daemon addresses registry.
2024-10-01T11:37:13.829-0400 [DEBUG] [org.gradle.cache.internal.DefaultFileLockManager] Lock acquired on daemon addresses registry.
2024-10-01T11:37:13.829-0400 [DEBUG] [org.gradle.cache.internal.DefaultFileLockManager] Releasing lock on daemon addresses registry.
2024-10-01T11:37:13.832-0400 [DEBUG] [org.gradle.cache.internal.DefaultFileLockManager] Waiting to acquire shared lock on daemon addresses registry.
2024-10-01T11:37:13.832-0400 [DEBUG] [org.gradle.cache.internal.DefaultFileLockManager] Lock acquired on daemon addresses registry.
2024-10-01T11:37:13.833-0400 [DEBUG] [org.gradle.cache.internal.DefaultFileLockManager] Releasing lock on daemon addresses registry.
2024-10-01T11:37:13.835-0400 [DEBUG] [org.gradle.cache.internal.DefaultFileLockManager] Waiting to acquire shared lock on daemon addresses registry.
2024-10-01T11:37:13.835-0400 [DEBUG] [org.gradle.cache.internal.DefaultFileLockManager] Lock acquired on daemon addresses registry.
2024-10-01T11:37:13.835-0400 [DEBUG] [org.gradle.cache.internal.DefaultFileLockManager] Releasing lock on daemon addresses registry.
2024-10-01T11:37:16.322-0400 [DEBUG] [org.gradle.process.internal.health.memory.DefaultMemoryManager] 1684925644 physical memory requested, 940756992 free
2024-10-01T11:37:16.323-0400 [DEBUG] [org.gradle.workers.internal.WorkerDaemonExpiration] Will attempt to release 1606 of memory
2024-10-01T11:37:16.323-0400 [DEBUG] [org.gradle.process.internal.health.memory.DefaultMemoryManager] 1684925644 physical memory requested, 0 released, 940756992 free
2024-10-01T11:37:21.321-0400 [DEBUG] [org.gradle.process.internal.health.memory.DefaultMemoryManager] 1684925644 physical memory requested, 957247488 free
2024-10-01T11:37:21.321-0400 [DEBUG] [org.gradle.workers.internal.WorkerDaemonExpiration] Will attempt to release 1606 of memory
2024-10-01T11:37:21.321-0400 [DEBUG] [org.gradle.process.internal.health.memory.DefaultMemoryManager] 1684925644 physical memory requested, 0 released, 957247488 free
2024-10-01T11:37:23.833-0400 [DEBUG] [org.gradle.cache.internal.DefaultFileLockManager] Waiting to acquire shared lock on daemon addresses registry.
2024-10-01T11:37:23.833-0400 [DEBUG] [org.gradle.cache.internal.DefaultFileLockManager] Lock acquired on daemon addresses registry.
2024-10-01T11:37:23.834-0400 [DEBUG] [org.gradle.cache.internal.DefaultFileLockManager] Releasing lock on daemon addresses registry.
2024-10-01T11:37:23.836-0400 [DEBUG] [org.gradle.cache.internal.DefaultFileLockManager] Waiting to acquire shared lock on daemon addresses registry.
2024-10-01T11:37:23.837-0400 [DEBUG] [org.gradle.cache.internal.DefaultFileLockManager] Lock acquired on daemon addresses registry.
2024-10-01T11:37:23.837-0400 [DEBUG] [org.gradle.cache.internal.DefaultFileLockManager] Releasing lock on daemon addresses registry.
2024-10-01T11:37:23.840-0400 [DEBUG] [org.gradle.cache.internal.DefaultFileLockManager] Waiting to acquire shared lock on daemon addresses registry.
2024-10-01T11:37:23.840-0400 [DEBUG] [org.gradle.cache.internal.DefaultFileLockManager] Lock acquired on daemon addresses registry.
2024-10-01T11:37:23.841-0400 [DEBUG] [org.gradle.cache.internal.DefaultFileLockManager] Releasing lock on daemon addresses registry.
2024-10-01T11:37:26.323-0400 [DEBUG] [org.gradle.process.internal.health.memory.DefaultMemoryManager] 1684925644 physical memory requested, 943534080 free
2024-10-01T11:37:26.323-0400 [DEBUG] [org.gradle.workers.internal.WorkerDaemonExpiration] Will attempt to release 1606 of memory
2024-10-01T11:37:26.324-0400 [DEBUG] [org.gradle.process.internal.health.memory.DefaultMemoryManager] 1684925644 physical memory requested, 0 released, 943534080 free
2024-10-01T11:37:31.321-0400 [DEBUG] [org.gradle.process.internal.health.memory.DefaultMemoryManager] 1684925644 physical memory requested, 928206848 free
2024-10-01T11:37:31.321-0400 [DEBUG] [org.gradle.workers.internal.WorkerDaemonExpiration] Will attempt to release 1606 of memory
2024-10-01T11:37:31.321-0400 [DEBUG] [org.gradle.process.internal.health.memory.DefaultMemoryManager] 1684925644 physical memory requested, 0 released, 928206848 free
2024-10-01T11:37:33.828-0400 [DEBUG] [org.gradle.cache.internal.DefaultFileLockManager] Waiting to acquire shared lock on daemon addresses registry.
2024-10-01T11:37:33.828-0400 [DEBUG] [org.gradle.cache.internal.DefaultFileLockManager] Lock acquired on daemon addresses registry.
2024-10-01T11:37:33.828-0400 [DEBUG] [org.gradle.cache.internal.DefaultFileLockManager] Releasing lock on daemon addresses registry.
2024-10-01T11:37:33.830-0400 [DEBUG] [org.gradle.cache.internal.DefaultFileLockManager] Waiting to acquire shared lock on daemon addresses registry.
2024-10-01T11:37:33.830-0400 [DEBUG] [org.gradle.cache.internal.DefaultFileLockManager] Lock acquired on daemon addresses registry.
2024-10-01T11:37:33.830-0400 [DEBUG] [org.gradle.cache.internal.DefaultFileLockManager] Releasing lock on daemon addresses registry.
2024-10-01T11:37:33.831-0400 [DEBUG] [org.gradle.cache.internal.DefaultFileLockManager] Waiting to acquire shared lock on daemon addresses registry.
2024-10-01T11:37:33.831-0400 [DEBUG] [org.gradle.cache.internal.DefaultFileLockManager] Lock acquired on daemon addresses registry.
2024-10-01T11:37:33.831-0400 [DEBUG] [org.gradle.cache.internal.DefaultFileLockManager] Releasing lock on daemon addresses registry.
2024-10-01T11:37:36.324-0400 [DEBUG] [org.gradle.process.internal.health.memory.DefaultMemoryManager] 1684925644 physical memory requested, 930930688 free
2024-10-01T11:37:36.324-0400 [DEBUG] [org.gradle.workers.internal.WorkerDaemonExpiration] Will attempt to release 1606 of memory
2024-10-01T11:37:36.324-0400 [DEBUG] [org.gradle.process.internal.health.memory.DefaultMemoryManager] 1684925644 physical memory requested, 0 released, 930930688 free
2024-10-01T11:37:41.321-0400 [DEBUG] [org.gradle.process.internal.health.memory.DefaultMemoryManager] 1684925644 physical memory requested, 935145472 free
2024-10-01T11:37:41.321-0400 [DEBUG] [org.gradle.workers.internal.WorkerDaemonExpiration] Will attempt to release 1606 of memory
2024-10-01T11:37:41.321-0400 [DEBUG] [org.gradle.process.internal.health.memory.DefaultMemoryManager] 1684925644 physical memory requested, 0 released, 935145472 free
2024-10-01T11:37:43.829-0400 [DEBUG] [org.gradle.cache.internal.DefaultFileLockManager] Waiting to acquire shared lock on daemon addresses registry.
2024-10-01T11:37:43.829-0400 [DEBUG] [org.gradle.cache.internal.DefaultFileLockManager] Lock acquired on daemon addresses registry.
2024-10-01T11:37:43.829-0400 [DEBUG] [org.gradle.cache.internal.DefaultFileLockManager] Releasing lock on daemon addresses registry.
2024-10-01T11:37:43.831-0400 [DEBUG] [org.gradle.cache.internal.DefaultFileLockManager] Waiting to acquire shared lock on daemon addresses registry.
2024-10-01T11:37:43.831-0400 [DEBUG] [org.gradle.cache.internal.DefaultFileLockManager] Lock acquired on daemon addresses registry.
2024-10-01T11:37:43.831-0400 [DEBUG] [org.gradle.cache.internal.DefaultFileLockManager] Releasing lock on daemon addresses registry.
2024-10-01T11:37:43.832-0400 [DEBUG] [org.gradle.cache.internal.DefaultFileLockManager] Waiting to acquire shared lock on daemon addresses registry.
2024-10-01T11:37:43.832-0400 [DEBUG] [org.gradle.cache.internal.DefaultFileLockManager] Lock acquired on daemon addresses registry.
2024-10-01T11:37:43.832-0400 [DEBUG] [org.gradle.cache.internal.DefaultFileLockManager] Releasing lock on daemon addresses registry.
2024-10-01T11:37:46.399-0400 [DEBUG] [org.gradle.process.internal.health.memory.DefaultMemoryManager] 1684925644 physical memory requested, 731734016 free
2024-10-01T11:37:46.400-0400 [DEBUG] [org.gradle.workers.internal.WorkerDaemonExpiration] Will attempt to release 1606 of memory
2024-10-01T11:37:46.400-0400 [DEBUG] [org.gradle.process.internal.health.memory.DefaultMemoryManager] 1684925644 physical memory requested, 0 released, 731734016 free
2024-10-01T11:37:51.319-0400 [DEBUG] [org.gradle.process.internal.health.memory.DefaultMemoryManager] 1684925644 physical memory requested, 669900800 free
2024-10-01T11:37:51.319-0400 [DEBUG] [org.gradle.workers.internal.WorkerDaemonExpiration] Will attempt to release 1606 of memory
2024-10-01T11:37:51.319-0400 [DEBUG] [org.gradle.process.internal.health.memory.DefaultMemoryManager] 1684925644 physical memory requested, 0 released, 669900800 free
2024-10-01T11:37:53.828-0400 [DEBUG] [org.gradle.cache.internal.DefaultFileLockManager] Waiting to acquire shared lock on daemon addresses registry.
2024-10-01T11:37:53.829-0400 [DEBUG] [org.gradle.cache.internal.DefaultFileLockManager] Lock acquired on daemon addresses registry.
2024-10-01T11:37:53.829-0400 [DEBUG] [org.gradle.cache.internal.DefaultFileLockManager] Releasing lock on daemon addresses registry.
2024-10-01T11:37:53.830-0400 [DEBUG] [org.gradle.cache.internal.DefaultFileLockManager] Waiting to acquire shared lock on daemon addresses registry.
2024-10-01T11:37:53.830-0400 [DEBUG] [org.gradle.cache.internal.DefaultFileLockManager] Lock acquired on daemon addresses registry.
2024-10-01T11:37:53.830-0400 [DEBUG] [org.gradle.cache.internal.DefaultFileLockManager] Releasing lock on daemon addresses registry.
2024-10-01T11:37:53.830-0400 [DEBUG] [org.gradle.cache.internal.DefaultFileLockManager] Waiting to acquire shared lock on daemon addresses registry.
2024-10-01T11:37:53.830-0400 [DEBUG] [org.gradle.cache.internal.DefaultFileLockManager] Lock acquired on daemon addresses registry.
2024-10-01T11:37:53.831-0400 [DEBUG] [org.gradle.cache.internal.DefaultFileLockManager] Releasing lock on daemon addresses registry.
2024-10-01T11:37:56.318-0400 [DEBUG] [org.gradle.process.internal.health.memory.DefaultMemoryManager] 1684925644 physical memory requested, 582430720 free
2024-10-01T11:37:56.319-0400 [DEBUG] [org.gradle.workers.internal.WorkerDaemonExpiration] Will attempt to release 1606 of memory
2024-10-01T11:37:56.319-0400 [DEBUG] [org.gradle.process.internal.health.memory.DefaultMemoryManager] 1684925644 physical memory requested, 0 released, 582430720 free
2024-10-01T11:38:01.323-0400 [DEBUG] [org.gradle.process.internal.health.memory.DefaultMemoryManager] 1684925644 physical memory requested, 598536192 free
2024-10-01T11:38:01.323-0400 [DEBUG] [org.gradle.workers.internal.WorkerDaemonExpiration] Will attempt to release 1606 of memory
2024-10-01T11:38:01.324-0400 [DEBUG] [org.gradle.process.internal.health.memory.DefaultMemoryManager] 1684925644 physical memory requested, 0 released, 598536192 free
2024-10-01T11:38:03.834-0400 [DEBUG] [org.gradle.cache.internal.DefaultFileLockManager] Waiting to acquire shared lock on daemon addresses registry.
2024-10-01T11:38:03.835-0400 [DEBUG] [org.gradle.cache.internal.DefaultFileLockManager] Lock acquired on daemon addresses registry.
2024-10-01T11:38:03.837-0400 [DEBUG] [org.gradle.cache.internal.DefaultFileLockManager] Releasing lock on daemon addresses registry.
2024-10-01T11:38:03.842-0400 [DEBUG] [org.gradle.cache.internal.DefaultFileLockManager] Waiting to acquire shared lock on daemon addresses registry.
2024-10-01T11:38:03.843-0400 [DEBUG] [org.gradle.cache.internal.DefaultFileLockManager] Lock acquired on daemon addresses registry.
2024-10-01T11:38:03.843-0400 [DEBUG] [org.gradle.cache.internal.DefaultFileLockManager] Releasing lock on daemon addresses registry.
2024-10-01T11:38:03.846-0400 [DEBUG] [org.gradle.cache.internal.DefaultFileLockManager] Waiting to acquire shared lock on daemon addresses registry.
2024-10-01T11:38:03.846-0400 [DEBUG] [org.gradle.cache.internal.DefaultFileLockManager] Lock acquired on daemon addresses registry.
2024-10-01T11:38:03.847-0400 [DEBUG] [org.gradle.cache.internal.DefaultFileLockManager] Releasing lock on daemon addresses registry.
2024-10-01T11:38:06.322-0400 [DEBUG] [org.gradle.process.internal.health.memory.DefaultMemoryManager] 1684925644 physical memory requested, 573276160 free
2024-10-01T11:38:06.322-0400 [DEBUG] [org.gradle.workers.internal.WorkerDaemonExpiration] Will attempt to release 1606 of memory
2024-10-01T11:38:06.322-0400 [DEBUG] [org.gradle.process.internal.health.memory.DefaultMemoryManager] 1684925644 physical memory requested, 0 released, 573276160 free
2024-10-01T11:38:11.321-0400 [DEBUG] [org.gradle.process.internal.health.memory.DefaultMemoryManager] 1684925644 physical memory requested, 564613120 free
2024-10-01T11:38:11.321-0400 [DEBUG] [org.gradle.workers.internal.WorkerDaemonExpiration] Will attempt to release 1606 of memory
2024-10-01T11:38:11.321-0400 [DEBUG] [org.gradle.process.internal.health.memory.DefaultMemoryManager] 1684925644 physical memory requested, 0 released, 564613120 free
2024-10-01T11:38:13.830-0400 [DEBUG] [org.gradle.cache.internal.DefaultFileLockManager] Waiting to acquire shared lock on daemon addresses registry.
2024-10-01T11:38:13.830-0400 [DEBUG] [org.gradle.cache.internal.DefaultFileLockManager] Lock acquired on daemon addresses registry.
2024-10-01T11:38:13.830-0400 [DEBUG] [org.gradle.cache.internal.DefaultFileLockManager] Releasing lock on daemon addresses registry.
2024-10-01T11:38:13.832-0400 [DEBUG] [org.gradle.cache.internal.DefaultFileLockManager] Waiting to acquire shared lock on daemon addresses registry.
2024-10-01T11:38:13.832-0400 [DEBUG] [org.gradle.cache.internal.DefaultFileLockManager] Lock acquired on daemon addresses registry.
2024-10-01T11:38:13.832-0400 [DEBUG] [org.gradle.cache.internal.DefaultFileLockManager] Releasing lock on daemon addresses registry.
2024-10-01T11:38:13.833-0400 [DEBUG] [org.gradle.cache.internal.DefaultFileLockManager] Waiting to acquire shared lock on daemon addresses registry.
2024-10-01T11:38:13.833-0400 [DEBUG] [org.gradle.cache.internal.DefaultFileLockManager] Lock acquired on daemon addresses registry.
2024-10-01T11:38:13.834-0400 [DEBUG] [org.gradle.cache.internal.DefaultFileLockManager] Releasing lock on daemon addresses registry.
2024-10-01T11:38:16.321-0400 [DEBUG] [org.gradle.process.internal.health.memory.DefaultMemoryManager] 1684925644 physical memory requested, 654536704 free
2024-10-01T11:38:16.321-0400 [DEBUG] [org.gradle.workers.internal.WorkerDaemonExpiration] Will attempt to release 1606 of memory
2024-10-01T11:38:16.321-0400 [DEBUG] [org.gradle.process.internal.health.memory.DefaultMemoryManager] 1684925644 physical memory requested, 0 released, 654536704 free
2024-10-01T11:38:21.321-0400 [DEBUG] [org.gradle.process.internal.health.memory.DefaultMemoryManager] 1684925644 physical memory requested, 857280512 free
2024-10-01T11:38:21.321-0400 [DEBUG] [org.gradle.workers.internal.WorkerDaemonExpiration] Will attempt to release 1606 of memory
2024-10-01T11:38:21.321-0400 [DEBUG] [org.gradle.process.internal.health.memory.DefaultMemoryManager] 1684925644 physical memory requested, 0 released, 857280512 free
2024-10-01T11:38:23.828-0400 [DEBUG] [org.gradle.cache.internal.DefaultFileLockManager] Waiting to acquire shared lock on daemon addresses registry.
2024-10-01T11:38:23.829-0400 [DEBUG] [org.gradle.cache.internal.DefaultFileLockManager] Lock acquired on daemon addresses registry.
2024-10-01T11:38:23.829-0400 [DEBUG] [org.gradle.cache.internal.DefaultFileLockManager] Releasing lock on daemon addresses registry.
2024-10-01T11:38:23.831-0400 [DEBUG] [org.gradle.cache.internal.DefaultFileLockManager] Waiting to acquire shared lock on daemon addresses registry.
2024-10-01T11:38:23.831-0400 [DEBUG] [org.gradle.cache.internal.DefaultFileLockManager] Lock acquired on daemon addresses registry.
2024-10-01T11:38:23.832-0400 [DEBUG] [org.gradle.cache.internal.DefaultFileLockManager] Releasing lock on daemon addresses registry.
2024-10-01T11:38:23.833-0400 [DEBUG] [org.gradle.cache.internal.DefaultFileLockManager] Waiting to acquire shared lock on daemon addresses registry.
2024-10-01T11:38:23.834-0400 [DEBUG] [org.gradle.cache.internal.DefaultFileLockManager] Lock acquired on daemon addresses registry.
2024-10-01T11:38:23.834-0400 [DEBUG] [org.gradle.cache.internal.DefaultFileLockManager] Releasing lock on daemon addresses registry.
2024-10-01T11:38:26.321-0400 [DEBUG] [org.gradle.process.internal.health.memory.DefaultMemoryManager] 1684925644 physical memory requested, 861614080 free
2024-10-01T11:38:26.321-0400 [DEBUG] [org.gradle.workers.internal.WorkerDaemonExpiration] Will attempt to release 1606 of memory
2024-10-01T11:38:26.321-0400 [DEBUG] [org.gradle.process.internal.health.memory.DefaultMemoryManager] 1684925644 physical memory requested, 0 released, 861614080 free
2024-10-01T11:38:31.322-0400 [DEBUG] [org.gradle.process.internal.health.memory.DefaultMemoryManager] 1684925644 physical memory requested, 805908480 free
2024-10-01T11:38:31.322-0400 [DEBUG] [org.gradle.workers.internal.WorkerDaemonExpiration] Will attempt to release 1606 of memory
2024-10-01T11:38:31.322-0400 [DEBUG] [org.gradle.process.internal.health.memory.DefaultMemoryManager] 1684925644 physical memory requested, 0 released, 805908480 free
2024-10-01T11:38:33.829-0400 [DEBUG] [org.gradle.cache.internal.DefaultFileLockManager] Waiting to acquire shared lock on daemon addresses registry.
2024-10-01T11:38:33.829-0400 [DEBUG] [org.gradle.cache.internal.DefaultFileLockManager] Lock acquired on daemon addresses registry.
2024-10-01T11:38:33.830-0400 [DEBUG] [org.gradle.cache.internal.DefaultFileLockManager] Releasing lock on daemon addresses registry.
2024-10-01T11:38:33.832-0400 [DEBUG] [org.gradle.cache.internal.DefaultFileLockManager] Waiting to acquire shared lock on daemon addresses registry.
2024-10-01T11:38:33.832-0400 [DEBUG] [org.gradle.cache.internal.DefaultFileLockManager] Lock acquired on daemon addresses registry.
2024-10-01T11:38:33.832-0400 [DEBUG] [org.gradle.cache.internal.DefaultFileLockManager] Releasing lock on daemon addresses registry.
2024-10-01T11:38:33.834-0400 [DEBUG] [org.gradle.cache.internal.DefaultFileLockManager] Waiting to acquire shared lock on daemon addresses registry.
2024-10-01T11:38:33.834-0400 [DEBUG] [org.gradle.cache.internal.DefaultFileLockManager] Lock acquired on daemon addresses registry.
2024-10-01T11:38:33.835-0400 [DEBUG] [org.gradle.cache.internal.DefaultFileLockManager] Releasing lock on daemon addresses registry.
2024-10-01T11:38:36.324-0400 [DEBUG] [org.gradle.process.internal.health.memory.DefaultMemoryManager] 1684925644 physical memory requested, 824672256 free
2024-10-01T11:38:36.324-0400 [DEBUG] [org.gradle.workers.internal.WorkerDaemonExpiration] Will attempt to release 1606 of memory
2024-10-01T11:38:36.324-0400 [DEBUG] [org.gradle.process.internal.health.memory.DefaultMemoryManager] 1684925644 physical memory requested, 0 released, 824672256 free
2024-10-01T11:38:41.323-0400 [DEBUG] [org.gradle.process.internal.health.memory.DefaultMemoryManager] 1684925644 physical memory requested, 826208256 free
2024-10-01T11:38:41.323-0400 [DEBUG] [org.gradle.workers.internal.WorkerDaemonExpiration] Will attempt to release 1606 of memory
2024-10-01T11:38:41.323-0400 [DEBUG] [org.gradle.process.internal.health.memory.DefaultMemoryManager] 1684925644 physical memory requested, 0 released, 826208256 free
2024-10-01T11:38:43.828-0400 [DEBUG] [org.gradle.cache.internal.DefaultFileLockManager] Waiting to acquire shared lock on daemon addresses registry.
2024-10-01T11:38:43.829-0400 [DEBUG] [org.gradle.cache.internal.DefaultFileLockManager] Lock acquired on daemon addresses registry.
2024-10-01T11:38:43.830-0400 [DEBUG] [org.gradle.cache.internal.DefaultFileLockManager] Releasing lock on daemon addresses registry.
2024-10-01T11:38:43.832-0400 [DEBUG] [org.gradle.cache.internal.DefaultFileLockManager] Waiting to acquire shared lock on daemon addresses registry.
2024-10-01T11:38:43.832-0400 [DEBUG] [org.gradle.cache.internal.DefaultFileLockManager] Lock acquired on daemon addresses registry.
2024-10-01T11:38:43.832-0400 [DEBUG] [org.gradle.cache.internal.DefaultFileLockManager] Releasing lock on daemon addresses registry.
2024-10-01T11:38:43.834-0400 [DEBUG] [org.gradle.cache.internal.DefaultFileLockManager] Waiting to acquire shared lock on daemon addresses registry.
2024-10-01T11:38:43.834-0400 [DEBUG] [org.gradle.cache.internal.DefaultFileLockManager] Lock acquired on daemon addresses registry.
2024-10-01T11:38:43.835-0400 [DEBUG] [org.gradle.cache.internal.DefaultFileLockManager] Releasing lock on daemon addresses registry.
2024-10-01T11:38:46.325-0400 [DEBUG] [org.gradle.process.internal.health.memory.DefaultMemoryManager] 1684925644 physical memory requested, 828162048 free
2024-10-01T11:38:46.325-0400 [DEBUG] [org.gradle.workers.internal.WorkerDaemonExpiration] Will attempt to release 1606 of memory
2024-10-01T11:38:46.325-0400 [DEBUG] [org.gradle.process.internal.health.memory.DefaultMemoryManager] 1684925644 physical memory requested, 0 released, 828162048 free
2024-10-01T11:38:51.323-0400 [DEBUG] [org.gradle.process.internal.health.memory.DefaultMemoryManager] 1684925644 physical memory requested, 861212672 free
2024-10-01T11:38:51.323-0400 [DEBUG] [org.gradle.workers.internal.WorkerDaemonExpiration] Will attempt to release 1606 of memory
2024-10-01T11:38:51.323-0400 [DEBUG] [org.gradle.process.internal.health.memory.DefaultMemoryManager] 1684925644 physical memory requested, 0 released, 861212672 free
2024-10-01T11:38:53.830-0400 [DEBUG] [org.gradle.cache.internal.DefaultFileLockManager] Waiting to acquire shared lock on daemon addresses registry.
2024-10-01T11:38:53.830-0400 [DEBUG] [org.gradle.cache.internal.DefaultFileLockManager] Lock acquired on daemon addresses registry.
2024-10-01T11:38:53.831-0400 [DEBUG] [org.gradle.cache.internal.DefaultFileLockManager] Releasing lock on daemon addresses registry.
2024-10-01T11:38:53.834-0400 [DEBUG] [org.gradle.cache.internal.DefaultFileLockManager] Waiting to acquire shared lock on daemon addresses registry.
2024-10-01T11:38:53.834-0400 [DEBUG] [org.gradle.cache.internal.DefaultFileLockManager] Lock acquired on daemon addresses registry.
2024-10-01T11:38:53.835-0400 [DEBUG] [org.gradle.cache.internal.DefaultFileLockManager] Releasing lock on daemon addresses registry.
2024-10-01T11:38:53.837-0400 [DEBUG] [org.gradle.cache.internal.DefaultFileLockManager] Waiting to acquire shared lock on daemon addresses registry.
2024-10-01T11:38:53.838-0400 [DEBUG] [org.gradle.cache.internal.DefaultFileLockManager] Lock acquired on daemon addresses registry.
2024-10-01T11:38:53.838-0400 [DEBUG] [org.gradle.cache.internal.DefaultFileLockManager] Releasing lock on daemon addresses registry.
2024-10-01T11:38:56.323-0400 [DEBUG] [org.gradle.process.internal.health.memory.DefaultMemoryManager] 1684925644 physical memory requested, 849395712 free
2024-10-01T11:38:56.323-0400 [DEBUG] [org.gradle.workers.internal.WorkerDaemonExpiration] Will attempt to release 1606 of memory
2024-10-01T11:38:56.323-0400 [DEBUG] [org.gradle.process.internal.health.memory.DefaultMemoryManager] 1684925644 physical memory requested, 0 released, 849395712 free
2024-10-01T11:39:01.322-0400 [DEBUG] [org.gradle.process.internal.health.memory.DefaultMemoryManager] 1684925644 physical memory requested, 778051584 free
2024-10-01T11:39:01.323-0400 [DEBUG] [org.gradle.workers.internal.WorkerDaemonExpiration] Will attempt to release 1606 of memory
2024-10-01T11:39:01.323-0400 [DEBUG] [org.gradle.process.internal.health.memory.DefaultMemoryManager] 1684925644 physical memory requested, 0 released, 778051584 free
2024-10-01T11:39:03.829-0400 [DEBUG] [org.gradle.cache.internal.DefaultFileLockManager] Waiting to acquire shared lock on daemon addresses registry.
2024-10-01T11:39:03.829-0400 [DEBUG] [org.gradle.cache.internal.DefaultFileLockManager] Lock acquired on daemon addresses registry.
2024-10-01T11:39:03.830-0400 [DEBUG] [org.gradle.cache.internal.DefaultFileLockManager] Releasing lock on daemon addresses registry.
2024-10-01T11:39:03.832-0400 [DEBUG] [org.gradle.cache.internal.DefaultFileLockManager] Waiting to acquire shared lock on daemon addresses registry.
2024-10-01T11:39:03.832-0400 [DEBUG] [org.gradle.cache.internal.DefaultFileLockManager] Lock acquired on daemon addresses registry.
2024-10-01T11:39:03.832-0400 [DEBUG] [org.gradle.cache.internal.DefaultFileLockManager] Releasing lock on daemon addresses registry.
2024-10-01T11:39:03.834-0400 [DEBUG] [org.gradle.cache.internal.DefaultFileLockManager] Waiting to acquire shared lock on daemon addresses registry.
2024-10-01T11:39:03.834-0400 [DEBUG] [org.gradle.cache.internal.DefaultFileLockManager] Lock acquired on daemon addresses registry.
2024-10-01T11:39:03.835-0400 [DEBUG] [org.gradle.cache.internal.DefaultFileLockManager] Releasing lock on daemon addresses registry.
2024-10-01T11:39:06.323-0400 [DEBUG] [org.gradle.process.internal.health.memory.DefaultMemoryManager] 1684925644 physical memory requested, 795439104 free
2024-10-01T11:39:06.324-0400 [DEBUG] [org.gradle.workers.internal.WorkerDaemonExpiration] Will attempt to release 1606 of memory
2024-10-01T11:39:06.324-0400 [DEBUG] [org.gradle.process.internal.health.memory.DefaultMemoryManager] 1684925644 physical memory requested, 0 released, 795439104 free
2024-10-01T11:39:11.323-0400 [DEBUG] [org.gradle.process.internal.health.memory.DefaultMemoryManager] 1684925644 physical memory requested, 786771968 free
2024-10-01T11:39:11.323-0400 [DEBUG] [org.gradle.workers.internal.WorkerDaemonExpiration] Will attempt to release 1606 of memory
2024-10-01T11:39:11.323-0400 [DEBUG] [org.gradle.process.internal.health.memory.DefaultMemoryManager] 1684925644 physical memory requested, 0 released, 786771968 free
2024-10-01T11:39:13.829-0400 [DEBUG] [org.gradle.cache.internal.DefaultFileLockManager] Waiting to acquire shared lock on daemon addresses registry.
2024-10-01T11:39:13.830-0400 [DEBUG] [org.gradle.cache.internal.DefaultFileLockManager] Lock acquired on daemon addresses registry.
2024-10-01T11:39:13.831-0400 [DEBUG] [org.gradle.cache.internal.DefaultFileLockManager] Releasing lock on daemon addresses registry.
2024-10-01T11:39:13.833-0400 [DEBUG] [org.gradle.cache.internal.DefaultFileLockManager] Waiting to acquire shared lock on daemon addresses registry.
2024-10-01T11:39:13.833-0400 [DEBUG] [org.gradle.cache.internal.DefaultFileLockManager] Lock acquired on daemon addresses registry.
2024-10-01T11:39:13.833-0400 [DEBUG] [org.gradle.cache.internal.DefaultFileLockManager] Releasing lock on daemon addresses registry.
2024-10-01T11:39:13.835-0400 [DEBUG] [org.gradle.cache.internal.DefaultFileLockManager] Waiting to acquire shared lock on daemon addresses registry.
2024-10-01T11:39:13.835-0400 [DEBUG] [org.gradle.cache.internal.DefaultFileLockManager] Lock acquired on daemon addresses registry.
2024-10-01T11:39:13.835-0400 [DEBUG] [org.gradle.cache.internal.DefaultFileLockManager] Releasing lock on daemon addresses registry.
2024-10-01T11:39:16.323-0400 [DEBUG] [org.gradle.process.internal.health.memory.DefaultMemoryManager] 1684925644 physical memory requested, 779763712 free
2024-10-01T11:39:16.324-0400 [DEBUG] [org.gradle.workers.internal.WorkerDaemonExpiration] Will attempt to release 1606 of memory
2024-10-01T11:39:16.324-0400 [DEBUG] [org.gradle.process.internal.health.memory.DefaultMemoryManager] 1684925644 physical memory requested, 0 released, 779763712 free
2024-10-01T11:39:21.323-0400 [DEBUG] [org.gradle.process.internal.health.memory.DefaultMemoryManager] 1684925644 physical memory requested, 800788480 free
2024-10-01T11:39:21.323-0400 [DEBUG] [org.gradle.workers.internal.WorkerDaemonExpiration] Will attempt to release 1606 of memory
2024-10-01T11:39:21.323-0400 [DEBUG] [org.gradle.process.internal.health.memory.DefaultMemoryManager] 1684925644 physical memory requested, 0 released, 800788480 free
2024-10-01T11:39:23.828-0400 [DEBUG] [org.gradle.cache.internal.DefaultFileLockManager] Waiting to acquire shared lock on daemon addresses registry.
2024-10-01T11:39:23.829-0400 [DEBUG] [org.gradle.cache.internal.DefaultFileLockManager] Lock acquired on daemon addresses registry.
2024-10-01T11:39:23.829-0400 [DEBUG] [org.gradle.cache.internal.DefaultFileLockManager] Releasing lock on daemon addresses registry.
2024-10-01T11:39:23.831-0400 [DEBUG] [org.gradle.cache.internal.DefaultFileLockManager] Waiting to acquire shared lock on daemon addresses registry.
2024-10-01T11:39:23.832-0400 [DEBUG] [org.gradle.cache.internal.DefaultFileLockManager] Lock acquired on daemon addresses registry.
2024-10-01T11:39:23.832-0400 [DEBUG] [org.gradle.cache.internal.DefaultFileLockManager] Releasing lock on daemon addresses registry.
2024-10-01T11:39:23.834-0400 [DEBUG] [org.gradle.cache.internal.DefaultFileLockManager] Waiting to acquire shared lock on daemon addresses registry.
2024-10-01T11:39:23.834-0400 [DEBUG] [org.gradle.cache.internal.DefaultFileLockManager] Lock acquired on daemon addresses registry.
2024-10-01T11:39:23.835-0400 [DEBUG] [org.gradle.cache.internal.DefaultFileLockManager] Releasing lock on daemon addresses registry.
2024-10-01T11:39:26.350-0400 [DEBUG] [org.gradle.process.internal.health.memory.DefaultMemoryManager] 1684925644 physical memory requested, 771399680 free
2024-10-01T11:39:26.353-0400 [DEBUG] [org.gradle.workers.internal.WorkerDaemonExpiration] Will attempt to release 1606 of memory
2024-10-01T11:39:26.353-0400 [DEBUG] [org.gradle.process.internal.health.memory.DefaultMemoryManager] 1684925644 physical memory requested, 0 released, 771399680 free
2024-10-01T11:39:31.328-0400 [DEBUG] [org.gradle.process.internal.health.memory.DefaultMemoryManager] 1684925644 physical memory requested, 751017984 free
2024-10-01T11:39:31.329-0400 [DEBUG] [org.gradle.workers.internal.WorkerDaemonExpiration] Will attempt to release 1606 of memory
2024-10-01T11:39:31.329-0400 [DEBUG] [org.gradle.process.internal.health.memory.DefaultMemoryManager] 1684925644 physical memory requested, 0 released, 751017984 free
2024-10-01T11:39:33.830-0400 [DEBUG] [org.gradle.cache.internal.DefaultFileLockManager] Waiting to acquire shared lock on daemon addresses registry.
2024-10-01T11:39:33.831-0400 [DEBUG] [org.gradle.cache.internal.DefaultFileLockManager] Lock acquired on daemon addresses registry.
2024-10-01T11:39:33.831-0400 [DEBUG] [org.gradle.cache.internal.DefaultFileLockManager] Releasing lock on daemon addresses registry.
2024-10-01T11:39:33.833-0400 [DEBUG] [org.gradle.cache.internal.DefaultFileLockManager] Waiting to acquire shared lock on daemon addresses registry.
2024-10-01T11:39:33.833-0400 [DEBUG] [org.gradle.cache.internal.DefaultFileLockManager] Lock acquired on daemon addresses registry.
2024-10-01T11:39:33.834-0400 [DEBUG] [org.gradle.cache.internal.DefaultFileLockManager] Releasing lock on daemon addresses registry.
2024-10-01T11:39:33.835-0400 [DEBUG] [org.gradle.cache.internal.DefaultFileLockManager] Waiting to acquire shared lock on daemon addresses registry.
2024-10-01T11:39:33.836-0400 [DEBUG] [org.gradle.cache.internal.DefaultFileLockManager] Lock acquired on daemon addresses registry.
2024-10-01T11:39:33.836-0400 [DEBUG] [org.gradle.cache.internal.DefaultFileLockManager] Releasing lock on daemon addresses registry.
2024-10-01T11:39:36.323-0400 [DEBUG] [org.gradle.process.internal.health.memory.DefaultMemoryManager] 1684925644 physical memory requested, 799203328 free
2024-10-01T11:39:36.324-0400 [DEBUG] [org.gradle.workers.internal.WorkerDaemonExpiration] Will attempt to release 1606 of memory
2024-10-01T11:39:36.324-0400 [DEBUG] [org.gradle.process.internal.health.memory.DefaultMemoryManager] 1684925644 physical memory requested, 0 released, 799203328 free
2024-10-01T11:39:41.322-0400 [DEBUG] [org.gradle.process.internal.health.memory.DefaultMemoryManager] 1684925644 physical memory requested, 874631168 free
2024-10-01T11:39:41.322-0400 [DEBUG] [org.gradle.workers.internal.WorkerDaemonExpiration] Will attempt to release 1606 of memory
2024-10-01T11:39:41.322-0400 [DEBUG] [org.gradle.process.internal.health.memory.DefaultMemoryManager] 1684925644 physical memory requested, 0 released, 874631168 free
2024-10-01T11:39:43.831-0400 [DEBUG] [org.gradle.cache.internal.DefaultFileLockManager] Waiting to acquire shared lock on daemon addresses registry.
2024-10-01T11:39:43.831-0400 [DEBUG] [org.gradle.cache.internal.DefaultFileLockManager] Lock acquired on daemon addresses registry.
2024-10-01T11:39:43.832-0400 [DEBUG] [org.gradle.cache.internal.DefaultFileLockManager] Releasing lock on daemon addresses registry.
2024-10-01T11:39:43.834-0400 [DEBUG] [org.gradle.cache.internal.DefaultFileLockManager] Waiting to acquire shared lock on daemon addresses registry.
2024-10-01T11:39:43.834-0400 [DEBUG] [org.gradle.cache.internal.DefaultFileLockManager] Lock acquired on daemon addresses registry.
2024-10-01T11:39:43.835-0400 [DEBUG] [org.gradle.cache.internal.DefaultFileLockManager] Releasing lock on daemon addresses registry.
2024-10-01T11:39:43.836-0400 [DEBUG] [org.gradle.cache.internal.DefaultFileLockManager] Waiting to acquire shared lock on daemon addresses registry.
2024-10-01T11:39:43.836-0400 [DEBUG] [org.gradle.cache.internal.DefaultFileLockManager] Lock acquired on daemon addresses registry.
2024-10-01T11:39:43.837-0400 [DEBUG] [org.gradle.cache.internal.DefaultFileLockManager] Releasing lock on daemon addresses registry.
2024-10-01T11:39:46.323-0400 [DEBUG] [org.gradle.process.internal.health.memory.DefaultMemoryManager] 1684925644 physical memory requested, 870137856 free
2024-10-01T11:39:46.323-0400 [DEBUG] [org.gradle.workers.internal.WorkerDaemonExpiration] Will attempt to release 1606 of memory
2024-10-01T11:39:46.323-0400 [DEBUG] [org.gradle.process.internal.health.memory.DefaultMemoryManager] 1684925644 physical memory requested, 0 released, 870137856 free
2024-10-01T11:39:51.323-0400 [DEBUG] [org.gradle.process.internal.health.memory.DefaultMemoryManager] 1684925644 physical memory requested, 872771584 free
2024-10-01T11:39:51.323-0400 [DEBUG] [org.gradle.workers.internal.WorkerDaemonExpiration] Will attempt to release 1606 of memory
2024-10-01T11:39:51.323-0400 [DEBUG] [org.gradle.process.internal.health.memory.DefaultMemoryManager] 1684925644 physical memory requested, 0 released, 872771584 free
2024-10-01T11:39:53.829-0400 [DEBUG] [org.gradle.cache.internal.DefaultFileLockManager] Waiting to acquire shared lock on daemon addresses registry.
2024-10-01T11:39:53.829-0400 [DEBUG] [org.gradle.cache.internal.DefaultFileLockManager] Lock acquired on daemon addresses registry.
2024-10-01T11:39:53.830-0400 [DEBUG] [org.gradle.cache.internal.DefaultFileLockManager] Releasing lock on daemon addresses registry.
2024-10-01T11:39:53.831-0400 [DEBUG] [org.gradle.cache.internal.DefaultFileLockManager] Waiting to acquire shared lock on daemon addresses registry.
2024-10-01T11:39:53.832-0400 [DEBUG] [org.gradle.cache.internal.DefaultFileLockManager] Lock acquired on daemon addresses registry.
2024-10-01T11:39:53.832-0400 [DEBUG] [org.gradle.cache.internal.DefaultFileLockManager] Releasing lock on daemon addresses registry.
2024-10-01T11:39:53.833-0400 [DEBUG] [org.gradle.cache.internal.DefaultFileLockManager] Waiting to acquire shared lock on daemon addresses registry.
2024-10-01T11:39:53.833-0400 [DEBUG] [org.gradle.cache.internal.DefaultFileLockManager] Lock acquired on daemon addresses registry.
2024-10-01T11:39:53.833-0400 [DEBUG] [org.gradle.cache.internal.DefaultFileLockManager] Releasing lock on daemon addresses registry.
2024-10-01T11:39:56.325-0400 [DEBUG] [org.gradle.process.internal.health.memory.DefaultMemoryManager] 1684925644 physical memory requested, 858120192 free
2024-10-01T11:39:56.325-0400 [DEBUG] [org.gradle.workers.internal.WorkerDaemonExpiration] Will attempt to release 1606 of memory
2024-10-01T11:39:56.326-0400 [DEBUG] [org.gradle.process.internal.health.memory.DefaultMemoryManager] 1684925644 physical memory requested, 0 released, 858120192 free
2024-10-01T11:40:01.322-0400 [DEBUG] [org.gradle.process.internal.health.memory.DefaultMemoryManager] 1684925644 physical memory requested, 866594816 free
2024-10-01T11:40:01.323-0400 [DEBUG] [org.gradle.workers.internal.WorkerDaemonExpiration] Will attempt to release 1606 of memory
2024-10-01T11:40:01.323-0400 [DEBUG] [org.gradle.process.internal.health.memory.DefaultMemoryManager] 1684925644 physical memory requested, 0 released, 866594816 free
2024-10-01T11:40:03.829-0400 [DEBUG] [org.gradle.cache.internal.DefaultFileLockManager] Waiting to acquire shared lock on daemon addresses registry.
2024-10-01T11:40:03.829-0400 [DEBUG] [org.gradle.cache.internal.DefaultFileLockManager] Lock acquired on daemon addresses registry.
2024-10-01T11:40:03.830-0400 [DEBUG] [org.gradle.cache.internal.DefaultFileLockManager] Releasing lock on daemon addresses registry.
2024-10-01T11:40:03.832-0400 [DEBUG] [org.gradle.cache.internal.DefaultFileLockManager] Waiting to acquire shared lock on daemon addresses registry.
2024-10-01T11:40:03.832-0400 [DEBUG] [org.gradle.cache.internal.DefaultFileLockManager] Lock acquired on daemon addresses registry.
2024-10-01T11:40:03.832-0400 [DEBUG] [org.gradle.cache.internal.DefaultFileLockManager] Releasing lock on daemon addresses registry.
2024-10-01T11:40:03.834-0400 [DEBUG] [org.gradle.cache.internal.DefaultFileLockManager] Waiting to acquire shared lock on daemon addresses registry.
2024-10-01T11:40:03.834-0400 [DEBUG] [org.gradle.cache.internal.DefaultFileLockManager] Lock acquired on daemon addresses registry.
2024-10-01T11:40:03.835-0400 [DEBUG] [org.gradle.cache.internal.DefaultFileLockManager] Releasing lock on daemon addresses registry.
2024-10-01T11:40:06.318-0400 [DEBUG] [org.gradle.process.internal.health.memory.DefaultMemoryManager] 1684925644 physical memory requested, 864284672 free
2024-10-01T11:40:06.318-0400 [DEBUG] [org.gradle.workers.internal.WorkerDaemonExpiration] Will attempt to release 1606 of memory
2024-10-01T11:40:06.318-0400 [DEBUG] [org.gradle.process.internal.health.memory.DefaultMemoryManager] 1684925644 physical memory requested, 0 released, 864284672 free
2024-10-01T11:40:11.325-0400 [DEBUG] [org.gradle.process.internal.health.memory.DefaultMemoryManager] 1684925644 physical memory requested, 864673792 free
2024-10-01T11:40:11.325-0400 [DEBUG] [org.gradle.workers.internal.WorkerDaemonExpiration] Will attempt to release 1606 of memory
2024-10-01T11:40:11.325-0400 [DEBUG] [org.gradle.process.internal.health.memory.DefaultMemoryManager] 1684925644 physical memory requested, 0 released, 864673792 free
2024-10-01T11:40:13.830-0400 [DEBUG] [org.gradle.cache.internal.DefaultFileLockManager] Waiting to acquire shared lock on daemon addresses registry.
2024-10-01T11:40:13.830-0400 [DEBUG] [org.gradle.cache.internal.DefaultFileLockManager] Lock acquired on daemon addresses registry.
2024-10-01T11:40:13.831-0400 [DEBUG] [org.gradle.cache.internal.DefaultFileLockManager] Releasing lock on daemon addresses registry.
2024-10-01T11:40:13.833-0400 [DEBUG] [org.gradle.cache.internal.DefaultFileLockManager] Waiting to acquire shared lock on daemon addresses registry.
2024-10-01T11:40:13.833-0400 [DEBUG] [org.gradle.cache.internal.DefaultFileLockManager] Lock acquired on daemon addresses registry.
2024-10-01T11:40:13.833-0400 [DEBUG] [org.gradle.cache.internal.DefaultFileLockManager] Releasing lock on daemon addresses registry.
2024-10-01T11:40:13.835-0400 [DEBUG] [org.gradle.cache.internal.DefaultFileLockManager] Waiting to acquire shared lock on daemon addresses registry.
2024-10-01T11:40:13.835-0400 [DEBUG] [org.gradle.cache.internal.DefaultFileLockManager] Lock acquired on daemon addresses registry.
2024-10-01T11:40:13.835-0400 [DEBUG] [org.gradle.cache.internal.DefaultFileLockManager] Releasing lock on daemon addresses registry.
2024-10-01T11:40:16.323-0400 [DEBUG] [org.gradle.process.internal.health.memory.DefaultMemoryManager] 1684925644 physical memory requested, 864931840 free
2024-10-01T11:40:16.323-0400 [DEBUG] [org.gradle.workers.internal.WorkerDaemonExpiration] Will attempt to release 1606 of memory
2024-10-01T11:40:16.324-0400 [DEBUG] [org.gradle.process.internal.health.memory.DefaultMemoryManager] 1684925644 physical memory requested, 0 released, 864931840 free
2024-10-01T11:40:21.326-0400 [DEBUG] [org.gradle.process.internal.health.memory.DefaultMemoryManager] 1684925644 physical memory requested, 844644352 free
2024-10-01T11:40:21.326-0400 [DEBUG] [org.gradle.workers.internal.WorkerDaemonExpiration] Will attempt to release 1606 of memory
2024-10-01T11:40:21.326-0400 [DEBUG] [org.gradle.process.internal.health.memory.DefaultMemoryManager] 1684925644 physical memory requested, 0 released, 844644352 free
2024-10-01T11:40:23.830-0400 [DEBUG] [org.gradle.cache.internal.DefaultFileLockManager] Waiting to acquire shared lock on daemon addresses registry.
2024-10-01T11:40:23.831-0400 [DEBUG] [org.gradle.cache.internal.DefaultFileLockManager] Lock acquired on daemon addresses registry.
2024-10-01T11:40:23.832-0400 [DEBUG] [org.gradle.cache.internal.DefaultFileLockManager] Releasing lock on daemon addresses registry.
2024-10-01T11:40:23.834-0400 [DEBUG] [org.gradle.cache.internal.DefaultFileLockManager] Waiting to acquire shared lock on daemon addresses registry.
2024-10-01T11:40:23.835-0400 [DEBUG] [org.gradle.cache.internal.DefaultFileLockManager] Lock acquired on daemon addresses registry.
2024-10-01T11:40:23.835-0400 [DEBUG] [org.gradle.cache.internal.DefaultFileLockManager] Releasing lock on daemon addresses registry.
2024-10-01T11:40:23.837-0400 [DEBUG] [org.gradle.cache.internal.DefaultFileLockManager] Waiting to acquire shared lock on daemon addresses registry.
2024-10-01T11:40:23.837-0400 [DEBUG] [org.gradle.cache.internal.DefaultFileLockManager] Lock acquired on daemon addresses registry.
2024-10-01T11:40:23.838-0400 [DEBUG] [org.gradle.cache.internal.DefaultFileLockManager] Releasing lock on daemon addresses registry.
2024-10-01T11:40:26.324-0400 [DEBUG] [org.gradle.process.internal.health.memory.DefaultMemoryManager] 1684925644 physical memory requested, 648351744 free
2024-10-01T11:40:26.324-0400 [DEBUG] [org.gradle.workers.internal.WorkerDaemonExpiration] Will attempt to release 1606 of memory
2024-10-01T11:40:26.324-0400 [DEBUG] [org.gradle.process.internal.health.memory.DefaultMemoryManager] 1684925644 physical memory requested, 0 released, 648351744 free
2024-10-01T11:40:31.324-0400 [DEBUG] [org.gradle.process.internal.health.memory.DefaultMemoryManager] 1684925644 physical memory requested, 682258432 free
2024-10-01T11:40:31.324-0400 [DEBUG] [org.gradle.workers.internal.WorkerDaemonExpiration] Will attempt to release 1606 of memory
2024-10-01T11:40:31.324-0400 [DEBUG] [org.gradle.process.internal.health.memory.DefaultMemoryManager] 1684925644 physical memory requested, 0 released, 682258432 free
2024-10-01T11:40:33.830-0400 [DEBUG] [org.gradle.cache.internal.DefaultFileLockManager] Waiting to acquire shared lock on daemon addresses registry.
2024-10-01T11:40:33.831-0400 [DEBUG] [org.gradle.cache.internal.DefaultFileLockManager] Lock acquired on daemon addresses registry.
2024-10-01T11:40:33.832-0400 [DEBUG] [org.gradle.cache.internal.DefaultFileLockManager] Releasing lock on daemon addresses registry.
2024-10-01T11:40:33.834-0400 [DEBUG] [org.gradle.cache.internal.DefaultFileLockManager] Waiting to acquire shared lock on daemon addresses registry.
2024-10-01T11:40:33.834-0400 [DEBUG] [org.gradle.cache.internal.DefaultFileLockManager] Lock acquired on daemon addresses registry.
2024-10-01T11:40:33.835-0400 [DEBUG] [org.gradle.cache.internal.DefaultFileLockManager] Releasing lock on daemon addresses registry.
2024-10-01T11:40:33.837-0400 [DEBUG] [org.gradle.cache.internal.DefaultFileLockManager] Waiting to acquire shared lock on daemon addresses registry.
2024-10-01T11:40:33.837-0400 [DEBUG] [org.gradle.cache.internal.DefaultFileLockManager] Lock acquired on daemon addresses registry.
2024-10-01T11:40:33.837-0400 [DEBUG] [org.gradle.cache.internal.DefaultFileLockManager] Releasing lock on daemon addresses registry.
2024-10-01T11:40:36.329-0400 [DEBUG] [org.gradle.process.internal.health.memory.DefaultMemoryManager] 1684925644 physical memory requested, 648802304 free
2024-10-01T11:40:36.329-0400 [DEBUG] [org.gradle.workers.internal.WorkerDaemonExpiration] Will attempt to release 1606 of memory
2024-10-01T11:40:36.329-0400 [DEBUG] [org.gradle.process.internal.health.memory.DefaultMemoryManager] 1684925644 physical memory requested, 0 released, 648802304 free
2024-10-01T11:40:41.324-0400 [DEBUG] [org.gradle.process.internal.health.memory.DefaultMemoryManager] 1684925644 physical memory requested, 614543360 free
2024-10-01T11:40:41.324-0400 [DEBUG] [org.gradle.workers.internal.WorkerDaemonExpiration] Will attempt to release 1606 of memory
2024-10-01T11:40:41.324-0400 [DEBUG] [org.gradle.process.internal.health.memory.DefaultMemoryManager] 1684925644 physical memory requested, 0 released, 614543360 free
2024-10-01T11:40:43.202-0400 [DEBUG] [sun.rmi.transport.tcp] RMI TCP Connection(2)-127.0.0.1: accepted socket from [127.0.0.1:63839]
2024-10-01T11:40:43.214-0400 [DEBUG] [sun.rmi.transport.tcp] RMI TCP Connection(2)-127.0.0.1: (port 63653) op = 80
2024-10-01T11:40:43.215-0400 [DEBUG] [sun.rmi.loader] RMI TCP Connection(2)-127.0.0.1: name = "[Ljava.rmi.server.ObjID;", codebase = "", defaultLoader = jdk.internal.loader.ClassLoaders$PlatformClassLoader@4b80dbe7
2024-10-01T11:40:43.216-0400 [DEBUG] [sun.rmi.loader] RMI TCP Connection(2)-127.0.0.1: name = "java.rmi.dgc.Lease", codebase = "", defaultLoader = jdk.internal.loader.ClassLoaders$PlatformClassLoader@4b80dbe7
2024-10-01T11:40:43.217-0400 [DEBUG] [sun.rmi.loader] RMI TCP Connection(2)-127.0.0.1: name = "java.rmi.dgc.VMID", codebase = "", defaultLoader = jdk.internal.loader.ClassLoaders$PlatformClassLoader@4b80dbe7
2024-10-01T11:40:43.218-0400 [DEBUG] [sun.rmi.loader] RMI TCP Connection(2)-127.0.0.1: name = "[B", codebase = "", defaultLoader = jdk.internal.loader.ClassLoaders$PlatformClassLoader@4b80dbe7
2024-10-01T11:40:43.218-0400 [DEBUG] [sun.rmi.loader] RMI TCP Connection(2)-127.0.0.1: name = "java.rmi.server.UID", codebase = "", defaultLoader = jdk.internal.loader.ClassLoaders$PlatformClassLoader@4b80dbe7
2024-10-01T11:40:43.827-0400 [DEBUG] [org.gradle.cache.internal.DefaultFileLockManager] Waiting to acquire shared lock on daemon addresses registry.
2024-10-01T11:40:43.828-0400 [DEBUG] [org.gradle.cache.internal.DefaultFileLockManager] Lock acquired on daemon addresses registry.
2024-10-01T11:40:43.828-0400 [DEBUG] [org.gradle.cache.internal.DefaultFileLockManager] Releasing lock on daemon addresses registry.
2024-10-01T11:40:43.829-0400 [DEBUG] [org.gradle.cache.internal.DefaultFileLockManager] Waiting to acquire shared lock on daemon addresses registry.
2024-10-01T11:40:43.829-0400 [DEBUG] [org.gradle.cache.internal.DefaultFileLockManager] Lock acquired on daemon addresses registry.
2024-10-01T11:40:43.829-0400 [DEBUG] [org.gradle.cache.internal.DefaultFileLockManager] Releasing lock on daemon addresses registry.
2024-10-01T11:40:43.830-0400 [DEBUG] [org.gradle.cache.internal.DefaultFileLockManager] Waiting to acquire shared lock on daemon addresses registry.
2024-10-01T11:40:43.830-0400 [DEBUG] [org.gradle.cache.internal.DefaultFileLockManager] Lock acquired on daemon addresses registry.
2024-10-01T11:40:43.830-0400 [DEBUG] [org.gradle.cache.internal.DefaultFileLockManager] Releasing lock on daemon addresses registry.
2024-10-01T11:40:46.319-0400 [DEBUG] [org.gradle.process.internal.health.memory.DefaultMemoryManager] 1684925644 physical memory requested, 633540608 free
2024-10-01T11:40:46.319-0400 [DEBUG] [org.gradle.workers.internal.WorkerDaemonExpiration] Will attempt to release 1606 of memory
2024-10-01T11:40:46.319-0400 [DEBUG] [org.gradle.process.internal.health.memory.DefaultMemoryManager] 1684925644 physical memory requested, 0 released, 633540608 free
2024-10-01T11:40:51.320-0400 [DEBUG] [org.gradle.process.internal.health.memory.DefaultMemoryManager] 1684925644 physical memory requested, 652361728 free
2024-10-01T11:40:51.320-0400 [DEBUG] [org.gradle.workers.internal.WorkerDaemonExpiration] Will attempt to release 1606 of memory
2024-10-01T11:40:51.320-0400 [DEBUG] [org.gradle.process.internal.health.memory.DefaultMemoryManager] 1684925644 physical memory requested, 0 released, 652361728 free
2024-10-01T11:40:53.829-0400 [DEBUG] [org.gradle.cache.internal.DefaultFileLockManager] Waiting to acquire shared lock on daemon addresses registry.
2024-10-01T11:40:53.829-0400 [DEBUG] [org.gradle.cache.internal.DefaultFileLockManager] Lock acquired on daemon addresses registry.
2024-10-01T11:40:53.830-0400 [DEBUG] [org.gradle.cache.internal.DefaultFileLockManager] Releasing lock on daemon addresses registry.
2024-10-01T11:40:53.831-0400 [DEBUG] [org.gradle.cache.internal.DefaultFileLockManager] Waiting to acquire shared lock on daemon addresses registry.
2024-10-01T11:40:53.831-0400 [DEBUG] [org.gradle.cache.internal.DefaultFileLockManager] Lock acquired on daemon addresses registry.
2024-10-01T11:40:53.831-0400 [DEBUG] [org.gradle.cache.internal.DefaultFileLockManager] Releasing lock on daemon addresses registry.
2024-10-01T11:40:53.831-0400 [DEBUG] [org.gradle.cache.internal.DefaultFileLockManager] Waiting to acquire shared lock on daemon addresses registry.
2024-10-01T11:40:53.832-0400 [DEBUG] [org.gradle.cache.internal.DefaultFileLockManager] Lock acquired on daemon addresses registry.
2024-10-01T11:40:53.832-0400 [DEBUG] [org.gradle.cache.internal.DefaultFileLockManager] Releasing lock on daemon addresses registry.
2024-10-01T11:40:56.319-0400 [DEBUG] [org.gradle.process.internal.health.memory.DefaultMemoryManager] 1684925644 physical memory requested, 645627904 free
2024-10-01T11:40:56.320-0400 [DEBUG] [org.gradle.workers.internal.WorkerDaemonExpiration] Will attempt to release 1606 of memory
2024-10-01T11:40:56.320-0400 [DEBUG] [org.gradle.process.internal.health.memory.DefaultMemoryManager] 1684925644 physical memory requested, 0 released, 645627904 free
2024-10-01T11:40:58.222-0400 [DEBUG] [sun.rmi.transport.tcp] RMI TCP Connection(2)-127.0.0.1: (port 63653) connection closed
2024-10-01T11:40:58.222-0400 [DEBUG] [sun.rmi.transport.tcp] RMI TCP Connection(2)-127.0.0.1: close connection, socket: Socket[addr=/127.0.0.1,port=63839,localport=63653]
2024-10-01T11:40:58.222-0400 [DEBUG] [sun.rmi.transport.tcp] RMI TCP Connection(2)-127.0.0.1: socket close: Socket[addr=/127.0.0.1,port=63839,localport=63653]
2024-10-01T11:41:01.321-0400 [DEBUG] [org.gradle.process.internal.health.memory.DefaultMemoryManager] 1684925644 physical memory requested, 650686464 free
2024-10-01T11:41:01.321-0400 [DEBUG] [org.gradle.workers.internal.WorkerDaemonExpiration] Will attempt to release 1606 of memory
2024-10-01T11:41:01.321-0400 [DEBUG] [org.gradle.process.internal.health.memory.DefaultMemoryManager] 1684925644 physical memory requested, 0 released, 650686464 free
2024-10-01T11:41:03.830-0400 [DEBUG] [org.gradle.cache.internal.DefaultFileLockManager] Waiting to acquire shared lock on daemon addresses registry.
2024-10-01T11:41:03.830-0400 [DEBUG] [org.gradle.cache.internal.DefaultFileLockManager] Lock acquired on daemon addresses registry.
2024-10-01T11:41:03.830-0400 [DEBUG] [org.gradle.cache.internal.DefaultFileLockManager] Releasing lock on daemon addresses registry.
2024-10-01T11:41:03.833-0400 [DEBUG] [org.gradle.cache.internal.DefaultFileLockManager] Waiting to acquire shared lock on daemon addresses registry.
2024-10-01T11:41:03.833-0400 [DEBUG] [org.gradle.cache.internal.DefaultFileLockManager] Lock acquired on daemon addresses registry.
2024-10-01T11:41:03.833-0400 [DEBUG] [org.gradle.cache.internal.DefaultFileLockManager] Releasing lock on daemon addresses registry.
2024-10-01T11:41:03.835-0400 [DEBUG] [org.gradle.cache.internal.DefaultFileLockManager] Waiting to acquire shared lock on daemon addresses registry.
2024-10-01T11:41:03.835-0400 [DEBUG] [org.gradle.cache.internal.DefaultFileLockManager] Lock acquired on daemon addresses registry.
2024-10-01T11:41:03.835-0400 [DEBUG] [org.gradle.cache.internal.DefaultFileLockManager] Releasing lock on daemon addresses registry.
2024-10-01T11:41:06.322-0400 [DEBUG] [org.gradle.process.internal.health.memory.DefaultMemoryManager] 1684925644 physical memory requested, 649580544 free
2024-10-01T11:41:06.322-0400 [DEBUG] [org.gradle.workers.internal.WorkerDaemonExpiration] Will attempt to release 1606 of memory
2024-10-01T11:41:06.322-0400 [DEBUG] [org.gradle.process.internal.health.memory.DefaultMemoryManager] 1684925644 physical memory requested, 0 released, 649580544 free
2024-10-01T11:41:11.319-0400 [DEBUG] [org.gradle.process.internal.health.memory.DefaultMemoryManager] 1684925644 physical memory requested, 659763200 free
2024-10-01T11:41:11.319-0400 [DEBUG] [org.gradle.workers.internal.WorkerDaemonExpiration] Will attempt to release 1606 of memory
2024-10-01T11:41:11.319-0400 [DEBUG] [org.gradle.process.internal.health.memory.DefaultMemoryManager] 1684925644 physical memory requested, 0 released, 659763200 free
2024-10-01T11:41:13.829-0400 [DEBUG] [org.gradle.cache.internal.DefaultFileLockManager] Waiting to acquire shared lock on daemon addresses registry.
2024-10-01T11:41:13.830-0400 [DEBUG] [org.gradle.cache.internal.DefaultFileLockManager] Lock acquired on daemon addresses registry.
2024-10-01T11:41:13.830-0400 [DEBUG] [org.gradle.cache.internal.DefaultFileLockManager] Releasing lock on daemon addresses registry.
2024-10-01T11:41:13.832-0400 [DEBUG] [org.gradle.cache.internal.DefaultFileLockManager] Waiting to acquire shared lock on daemon addresses registry.
2024-10-01T11:41:13.832-0400 [DEBUG] [org.gradle.cache.internal.DefaultFileLockManager] Lock acquired on daemon addresses registry.
2024-10-01T11:41:13.832-0400 [DEBUG] [org.gradle.cache.internal.DefaultFileLockManager] Releasing lock on daemon addresses registry.
2024-10-01T11:41:13.834-0400 [DEBUG] [org.gradle.cache.internal.DefaultFileLockManager] Waiting to acquire shared lock on daemon addresses registry.
2024-10-01T11:41:13.834-0400 [DEBUG] [org.gradle.cache.internal.DefaultFileLockManager] Lock acquired on daemon addresses registry.
2024-10-01T11:41:13.834-0400 [DEBUG] [org.gradle.cache.internal.DefaultFileLockManager] Releasing lock on daemon addresses registry.
2024-10-01T11:41:16.322-0400 [DEBUG] [org.gradle.process.internal.health.memory.DefaultMemoryManager] 1684925644 physical memory requested, 660193280 free
2024-10-01T11:41:16.322-0400 [DEBUG] [org.gradle.workers.internal.WorkerDaemonExpiration] Will attempt to release 1606 of memory
2024-10-01T11:41:16.322-0400 [DEBUG] [org.gradle.process.internal.health.memory.DefaultMemoryManager] 1684925644 physical memory requested, 0 released, 660193280 free
2024-10-01T11:41:21.324-0400 [DEBUG] [org.gradle.process.internal.health.memory.DefaultMemoryManager] 1684925644 physical memory requested, 621264896 free
2024-10-01T11:41:21.324-0400 [DEBUG] [org.gradle.workers.internal.WorkerDaemonExpiration] Will attempt to release 1606 of memory
2024-10-01T11:41:21.324-0400 [DEBUG] [org.gradle.process.internal.health.memory.DefaultMemoryManager] 1684925644 physical memory requested, 0 released, 621264896 free
2024-10-01T11:41:23.829-0400 [DEBUG] [org.gradle.cache.internal.DefaultFileLockManager] Waiting to acquire shared lock on daemon addresses registry.
2024-10-01T11:41:23.830-0400 [DEBUG] [org.gradle.cache.internal.DefaultFileLockManager] Lock acquired on daemon addresses registry.
2024-10-01T11:41:23.831-0400 [DEBUG] [org.gradle.cache.internal.DefaultFileLockManager] Releasing lock on daemon addresses registry.
2024-10-01T11:41:23.833-0400 [DEBUG] [org.gradle.cache.internal.DefaultFileLockManager] Waiting to acquire shared lock on daemon addresses registry.
2024-10-01T11:41:23.833-0400 [DEBUG] [org.gradle.cache.internal.DefaultFileLockManager] Lock acquired on daemon addresses registry.
2024-10-01T11:41:23.834-0400 [DEBUG] [org.gradle.cache.internal.DefaultFileLockManager] Releasing lock on daemon addresses registry.
2024-10-01T11:41:23.835-0400 [DEBUG] [org.gradle.cache.internal.DefaultFileLockManager] Waiting to acquire shared lock on daemon addresses registry.
2024-10-01T11:41:23.836-0400 [DEBUG] [org.gradle.cache.internal.DefaultFileLockManager] Lock acquired on daemon addresses registry.
2024-10-01T11:41:23.836-0400 [DEBUG] [org.gradle.cache.internal.DefaultFileLockManager] Releasing lock on daemon addresses registry.
2024-10-01T11:41:26.326-0400 [DEBUG] [org.gradle.process.internal.health.memory.DefaultMemoryManager] 1684925644 physical memory requested, 595349504 free
2024-10-01T11:41:26.326-0400 [DEBUG] [org.gradle.workers.internal.WorkerDaemonExpiration] Will attempt to release 1606 of memory
2024-10-01T11:41:26.326-0400 [DEBUG] [org.gradle.process.internal.health.memory.DefaultMemoryManager] 1684925644 physical memory requested, 0 released, 595349504 free
2024-10-01T11:41:31.336-0400 [DEBUG] [org.gradle.process.internal.health.memory.DefaultMemoryManager] 1684925644 physical memory requested, 562319360 free
2024-10-01T11:41:31.336-0400 [DEBUG] [org.gradle.workers.internal.WorkerDaemonExpiration] Will attempt to release 1606 of memory
2024-10-01T11:41:31.336-0400 [DEBUG] [org.gradle.process.internal.health.memory.DefaultMemoryManager] 1684925644 physical memory requested, 0 released, 562319360 free
2024-10-01T11:41:33.828-0400 [DEBUG] [org.gradle.cache.internal.DefaultFileLockManager] Waiting to acquire shared lock on daemon addresses registry.
2024-10-01T11:41:33.829-0400 [DEBUG] [org.gradle.cache.internal.DefaultFileLockManager] Lock acquired on daemon addresses registry.
2024-10-01T11:41:33.829-0400 [DEBUG] [org.gradle.cache.internal.DefaultFileLockManager] Releasing lock on daemon addresses registry.
2024-10-01T11:41:33.831-0400 [DEBUG] [org.gradle.cache.internal.DefaultFileLockManager] Waiting to acquire shared lock on daemon addresses registry.
2024-10-01T11:41:33.831-0400 [DEBUG] [org.gradle.cache.internal.DefaultFileLockManager] Lock acquired on daemon addresses registry.
2024-10-01T11:41:33.832-0400 [DEBUG] [org.gradle.cache.internal.DefaultFileLockManager] Releasing lock on daemon addresses registry.
2024-10-01T11:41:33.833-0400 [DEBUG] [org.gradle.cache.internal.DefaultFileLockManager] Waiting to acquire shared lock on daemon addresses registry.
2024-10-01T11:41:33.833-0400 [DEBUG] [org.gradle.cache.internal.DefaultFileLockManager] Lock acquired on daemon addresses registry.
2024-10-01T11:41:33.834-0400 [DEBUG] [org.gradle.cache.internal.DefaultFileLockManager] Releasing lock on daemon addresses registry.
2024-10-01T11:41:36.340-0400 [DEBUG] [org.gradle.process.internal.health.memory.DefaultMemoryManager] 1684925644 physical memory requested, 529256448 free
2024-10-01T11:41:36.340-0400 [DEBUG] [org.gradle.workers.internal.WorkerDaemonExpiration] Will attempt to release 1606 of memory
2024-10-01T11:41:36.341-0400 [DEBUG] [org.gradle.process.internal.health.memory.DefaultMemoryManager] 1684925644 physical memory requested, 0 released, 529256448 free
2024-10-01T11:41:41.324-0400 [DEBUG] [org.gradle.process.internal.health.memory.DefaultMemoryManager] 1684925644 physical memory requested, 515493888 free
2024-10-01T11:41:41.324-0400 [DEBUG] [org.gradle.workers.internal.WorkerDaemonExpiration] Will attempt to release 1606 of memory
2024-10-01T11:41:41.325-0400 [DEBUG] [org.gradle.process.internal.health.memory.DefaultMemoryManager] 1684925644 physical memory requested, 0 released, 515493888 free
2024-10-01T11:41:43.830-0400 [DEBUG] [org.gradle.cache.internal.DefaultFileLockManager] Waiting to acquire shared lock on daemon addresses registry.
2024-10-01T11:41:43.830-0400 [DEBUG] [org.gradle.cache.internal.DefaultFileLockManager] Lock acquired on daemon addresses registry.
2024-10-01T11:41:43.831-0400 [DEBUG] [org.gradle.cache.internal.DefaultFileLockManager] Releasing lock on daemon addresses registry.
2024-10-01T11:41:43.834-0400 [DEBUG] [org.gradle.cache.internal.DefaultFileLockManager] Waiting to acquire shared lock on daemon addresses registry.
2024-10-01T11:41:43.834-0400 [DEBUG] [org.gradle.cache.internal.DefaultFileLockManager] Lock acquired on daemon addresses registry.
2024-10-01T11:41:43.835-0400 [DEBUG] [org.gradle.cache.internal.DefaultFileLockManager] Releasing lock on daemon addresses registry.
2024-10-01T11:41:43.837-0400 [DEBUG] [org.gradle.cache.internal.DefaultFileLockManager] Waiting to acquire shared lock on daemon addresses registry.
2024-10-01T11:41:43.837-0400 [DEBUG] [org.gradle.cache.internal.DefaultFileLockManager] Lock acquired on daemon addresses registry.
2024-10-01T11:41:43.838-0400 [DEBUG] [org.gradle.cache.internal.DefaultFileLockManager] Releasing lock on daemon addresses registry.
2024-10-01T11:41:46.326-0400 [DEBUG] [org.gradle.process.internal.health.memory.DefaultMemoryManager] 1684925644 physical memory requested, 527392768 free
2024-10-01T11:41:46.326-0400 [DEBUG] [org.gradle.workers.internal.WorkerDaemonExpiration] Will attempt to release 1606 of memory
2024-10-01T11:41:46.326-0400 [DEBUG] [org.gradle.process.internal.health.memory.DefaultMemoryManager] 1684925644 physical memory requested, 0 released, 527392768 free
2024-10-01T11:41:51.322-0400 [DEBUG] [org.gradle.process.internal.health.memory.DefaultMemoryManager] 1684925644 physical memory requested, 532189184 free
2024-10-01T11:41:51.323-0400 [DEBUG] [org.gradle.workers.internal.WorkerDaemonExpiration] Will attempt to release 1606 of memory
2024-10-01T11:41:51.323-0400 [DEBUG] [org.gradle.process.internal.health.memory.DefaultMemoryManager] 1684925644 physical memory requested, 0 released, 532189184 free
2024-10-01T11:41:53.829-0400 [DEBUG] [org.gradle.cache.internal.DefaultFileLockManager] Waiting to acquire shared lock on daemon addresses registry.
2024-10-01T11:41:53.829-0400 [DEBUG] [org.gradle.cache.internal.DefaultFileLockManager] Lock acquired on daemon addresses registry.
2024-10-01T11:41:53.830-0400 [DEBUG] [org.gradle.cache.internal.DefaultFileLockManager] Releasing lock on daemon addresses registry.
2024-10-01T11:41:53.833-0400 [DEBUG] [org.gradle.cache.internal.DefaultFileLockManager] Waiting to acquire shared lock on daemon addresses registry.
2024-10-01T11:41:53.833-0400 [DEBUG] [org.gradle.cache.internal.DefaultFileLockManager] Lock acquired on daemon addresses registry.
2024-10-01T11:41:53.834-0400 [DEBUG] [org.gradle.cache.internal.DefaultFileLockManager] Releasing lock on daemon addresses registry.
2024-10-01T11:41:53.836-0400 [DEBUG] [org.gradle.cache.internal.DefaultFileLockManager] Waiting to acquire shared lock on daemon addresses registry.
2024-10-01T11:41:53.837-0400 [DEBUG] [org.gradle.cache.internal.DefaultFileLockManager] Lock acquired on daemon addresses registry.
2024-10-01T11:41:53.837-0400 [DEBUG] [org.gradle.cache.internal.DefaultFileLockManager] Releasing lock on daemon addresses registry.
2024-10-01T11:41:56.324-0400 [DEBUG] [org.gradle.process.internal.health.memory.DefaultMemoryManager] 1684925644 physical memory requested, 499179520 free
2024-10-01T11:41:56.324-0400 [DEBUG] [org.gradle.workers.internal.WorkerDaemonExpiration] Will attempt to release 1606 of memory
2024-10-01T11:41:56.324-0400 [DEBUG] [org.gradle.process.internal.health.memory.DefaultMemoryManager] 1684925644 physical memory requested, 0 released, 499179520 free
2024-10-01T11:42:01.320-0400 [DEBUG] [org.gradle.process.internal.health.memory.DefaultMemoryManager] 1684925644 physical memory requested, 508608512 free
2024-10-01T11:42:01.320-0400 [DEBUG] [org.gradle.workers.internal.WorkerDaemonExpiration] Will attempt to release 1606 of memory
2024-10-01T11:42:01.320-0400 [DEBUG] [org.gradle.process.internal.health.memory.DefaultMemoryManager] 1684925644 physical memory requested, 0 released, 508608512 free
2024-10-01T11:42:03.833-0400 [DEBUG] [org.gradle.cache.internal.DefaultFileLockManager] Waiting to acquire shared lock on daemon addresses registry.
2024-10-01T11:42:03.833-0400 [DEBUG] [org.gradle.cache.internal.DefaultFileLockManager] Lock acquired on daemon addresses registry.
2024-10-01T11:42:03.834-0400 [DEBUG] [org.gradle.cache.internal.DefaultFileLockManager] Releasing lock on daemon addresses registry.
2024-10-01T11:42:03.836-0400 [DEBUG] [org.gradle.cache.internal.DefaultFileLockManager] Waiting to acquire shared lock on daemon addresses registry.
2024-10-01T11:42:03.837-0400 [DEBUG] [org.gradle.cache.internal.DefaultFileLockManager] Lock acquired on daemon addresses registry.
2024-10-01T11:42:03.837-0400 [DEBUG] [org.gradle.cache.internal.DefaultFileLockManager] Releasing lock on daemon addresses registry.
2024-10-01T11:42:03.840-0400 [DEBUG] [org.gradle.cache.internal.DefaultFileLockManager] Waiting to acquire shared lock on daemon addresses registry.
2024-10-01T11:42:03.840-0400 [DEBUG] [org.gradle.cache.internal.DefaultFileLockManager] Lock acquired on daemon addresses registry.
2024-10-01T11:42:03.841-0400 [DEBUG] [org.gradle.cache.internal.DefaultFileLockManager] Releasing lock on daemon addresses registry.
2024-10-01T11:42:06.364-0400 [DEBUG] [org.gradle.process.internal.health.memory.DefaultMemoryManager] 1684925644 physical memory requested, 476925952 free
2024-10-01T11:42:06.365-0400 [DEBUG] [org.gradle.workers.internal.WorkerDaemonExpiration] Will attempt to release 1606 of memory
2024-10-01T11:42:06.365-0400 [DEBUG] [org.gradle.process.internal.health.memory.DefaultMemoryManager] 1684925644 physical memory requested, 0 released, 476925952 free
2024-10-01T11:42:11.322-0400 [DEBUG] [org.gradle.process.internal.health.memory.DefaultMemoryManager] 1684925644 physical memory requested, 473018368 free
2024-10-01T11:42:11.322-0400 [DEBUG] [org.gradle.workers.internal.WorkerDaemonExpiration] Will attempt to release 1606 of memory
2024-10-01T11:42:11.322-0400 [DEBUG] [org.gradle.process.internal.health.memory.DefaultMemoryManager] 1684925644 physical memory requested, 0 released, 473018368 free
2024-10-01T11:42:13.830-0400 [DEBUG] [org.gradle.cache.internal.DefaultFileLockManager] Waiting to acquire shared lock on daemon addresses registry.
2024-10-01T11:42:13.830-0400 [DEBUG] [org.gradle.cache.internal.DefaultFileLockManager] Lock acquired on daemon addresses registry.
2024-10-01T11:42:13.831-0400 [DEBUG] [org.gradle.cache.internal.DefaultFileLockManager] Releasing lock on daemon addresses registry.
2024-10-01T11:42:13.834-0400 [DEBUG] [org.gradle.cache.internal.DefaultFileLockManager] Waiting to acquire shared lock on daemon addresses registry.
2024-10-01T11:42:13.835-0400 [DEBUG] [org.gradle.cache.internal.DefaultFileLockManager] Lock acquired on daemon addresses registry.
2024-10-01T11:42:13.836-0400 [DEBUG] [org.gradle.cache.internal.DefaultFileLockManager] Releasing lock on daemon addresses registry.
2024-10-01T11:42:13.838-0400 [DEBUG] [org.gradle.cache.internal.DefaultFileLockManager] Waiting to acquire shared lock on daemon addresses registry.
2024-10-01T11:42:13.838-0400 [DEBUG] [org.gradle.cache.internal.DefaultFileLockManager] Lock acquired on daemon addresses registry.
2024-10-01T11:42:13.839-0400 [DEBUG] [org.gradle.cache.internal.DefaultFileLockManager] Releasing lock on daemon addresses registry.
2024-10-01T11:42:16.358-0400 [DEBUG] [org.gradle.process.internal.health.memory.DefaultMemoryManager] 1684925644 physical memory requested, 975470592 free
2024-10-01T11:42:16.359-0400 [DEBUG] [org.gradle.workers.internal.WorkerDaemonExpiration] Will attempt to release 1606 of memory
2024-10-01T11:42:16.359-0400 [DEBUG] [org.gradle.process.internal.health.memory.DefaultMemoryManager] 1684925644 physical memory requested, 0 released, 975470592 free
2024-10-01T11:42:21.324-0400 [DEBUG] [org.gradle.process.internal.health.memory.DefaultMemoryManager] 1684925644 physical memory requested, 1085906944 free
2024-10-01T11:42:21.324-0400 [DEBUG] [org.gradle.workers.internal.WorkerDaemonExpiration] Will attempt to release 1606 of memory
2024-10-01T11:42:21.324-0400 [DEBUG] [org.gradle.process.internal.health.memory.DefaultMemoryManager] 1684925644 physical memory requested, 0 released, 1085906944 free
2024-10-01T11:42:23.830-0400 [DEBUG] [org.gradle.cache.internal.DefaultFileLockManager] Waiting to acquire shared lock on daemon addresses registry.
2024-10-01T11:42:23.830-0400 [DEBUG] [org.gradle.cache.internal.DefaultFileLockManager] Lock acquired on daemon addresses registry.
2024-10-01T11:42:23.831-0400 [DEBUG] [org.gradle.cache.internal.DefaultFileLockManager] Releasing lock on daemon addresses registry.
2024-10-01T11:42:23.833-0400 [DEBUG] [org.gradle.cache.internal.DefaultFileLockManager] Waiting to acquire shared lock on daemon addresses registry.
2024-10-01T11:42:23.833-0400 [DEBUG] [org.gradle.cache.internal.DefaultFileLockManager] Lock acquired on daemon addresses registry.
2024-10-01T11:42:23.834-0400 [DEBUG] [org.gradle.cache.internal.DefaultFileLockManager] Releasing lock on daemon addresses registry.
2024-10-01T11:42:23.836-0400 [DEBUG] [org.gradle.cache.internal.DefaultFileLockManager] Waiting to acquire shared lock on daemon addresses registry.
2024-10-01T11:42:23.836-0400 [DEBUG] [org.gradle.cache.internal.DefaultFileLockManager] Lock acquired on daemon addresses registry.
2024-10-01T11:42:23.836-0400 [DEBUG] [org.gradle.cache.internal.DefaultFileLockManager] Releasing lock on daemon addresses registry.
2024-10-01T11:42:26.322-0400 [DEBUG] [org.gradle.process.internal.health.memory.DefaultMemoryManager] 1684925644 physical memory requested, 1111076864 free
2024-10-01T11:42:26.322-0400 [DEBUG] [org.gradle.workers.internal.WorkerDaemonExpiration] Will attempt to release 1606 of memory
2024-10-01T11:42:26.322-0400 [DEBUG] [org.gradle.process.internal.health.memory.DefaultMemoryManager] 1684925644 physical memory requested, 0 released, 1111076864 free
2024-10-01T11:42:31.319-0400 [DEBUG] [org.gradle.process.internal.health.memory.DefaultMemoryManager] 1684925644 physical memory requested, 1109684224 free
2024-10-01T11:42:31.319-0400 [DEBUG] [org.gradle.workers.internal.WorkerDaemonExpiration] Will attempt to release 1606 of memory
2024-10-01T11:42:31.319-0400 [DEBUG] [org.gradle.process.internal.health.memory.DefaultMemoryManager] 1684925644 physical memory requested, 0 released, 1109684224 free
2024-10-01T11:42:33.831-0400 [DEBUG] [org.gradle.cache.internal.DefaultFileLockManager] Waiting to acquire shared lock on daemon addresses registry.
2024-10-01T11:42:33.831-0400 [DEBUG] [org.gradle.cache.internal.DefaultFileLockManager] Lock acquired on daemon addresses registry.
2024-10-01T11:42:33.831-0400 [DEBUG] [org.gradle.cache.internal.DefaultFileLockManager] Releasing lock on daemon addresses registry.
2024-10-01T11:42:33.833-0400 [DEBUG] [org.gradle.cache.internal.DefaultFileLockManager] Waiting to acquire shared lock on daemon addresses registry.
2024-10-01T11:42:33.833-0400 [DEBUG] [org.gradle.cache.internal.DefaultFileLockManager] Lock acquired on daemon addresses registry.
2024-10-01T11:42:33.834-0400 [DEBUG] [org.gradle.cache.internal.DefaultFileLockManager] Releasing lock on daemon addresses registry.
2024-10-01T11:42:33.835-0400 [DEBUG] [org.gradle.cache.internal.DefaultFileLockManager] Waiting to acquire shared lock on daemon addresses registry.
2024-10-01T11:42:33.835-0400 [DEBUG] [org.gradle.cache.internal.DefaultFileLockManager] Lock acquired on daemon addresses registry.
2024-10-01T11:42:33.836-0400 [DEBUG] [org.gradle.cache.internal.DefaultFileLockManager] Releasing lock on daemon addresses registry.
2024-10-01T11:42:36.322-0400 [DEBUG] [org.gradle.process.internal.health.memory.DefaultMemoryManager] 1684925644 physical memory requested, 1125265408 free
2024-10-01T11:42:36.322-0400 [DEBUG] [org.gradle.workers.internal.WorkerDaemonExpiration] Will attempt to release 1606 of memory
2024-10-01T11:42:36.323-0400 [DEBUG] [org.gradle.process.internal.health.memory.DefaultMemoryManager] 1684925644 physical memory requested, 0 released, 1125265408 free
2024-10-01T11:42:41.323-0400 [DEBUG] [org.gradle.process.internal.health.memory.DefaultMemoryManager] 1684925644 physical memory requested, 1060540416 free
2024-10-01T11:42:41.323-0400 [DEBUG] [org.gradle.workers.internal.WorkerDaemonExpiration] Will attempt to release 1606 of memory
2024-10-01T11:42:41.323-0400 [DEBUG] [org.gradle.process.internal.health.memory.DefaultMemoryManager] 1684925644 physical memory requested, 0 released, 1060540416 free
2024-10-01T11:42:43.829-0400 [DEBUG] [org.gradle.cache.internal.DefaultFileLockManager] Waiting to acquire shared lock on daemon addresses registry.
2024-10-01T11:42:43.830-0400 [DEBUG] [org.gradle.cache.internal.DefaultFileLockManager] Lock acquired on daemon addresses registry.
2024-10-01T11:42:43.831-0400 [DEBUG] [org.gradle.cache.internal.DefaultFileLockManager] Releasing lock on daemon addresses registry.
2024-10-01T11:42:43.833-0400 [DEBUG] [org.gradle.cache.internal.DefaultFileLockManager] Waiting to acquire shared lock on daemon addresses registry.
2024-10-01T11:42:43.834-0400 [DEBUG] [org.gradle.cache.internal.DefaultFileLockManager] Lock acquired on daemon addresses registry.
2024-10-01T11:42:43.835-0400 [DEBUG] [org.gradle.cache.internal.DefaultFileLockManager] Releasing lock on daemon addresses registry.
2024-10-01T11:42:43.837-0400 [DEBUG] [org.gradle.cache.internal.DefaultFileLockManager] Waiting to acquire shared lock on daemon addresses registry.
2024-10-01T11:42:43.837-0400 [DEBUG] [org.gradle.cache.internal.DefaultFileLockManager] Lock acquired on daemon addresses registry.
2024-10-01T11:42:43.838-0400 [DEBUG] [org.gradle.cache.internal.DefaultFileLockManager] Releasing lock on daemon addresses registry.
2024-10-01T11:42:46.326-0400 [DEBUG] [org.gradle.process.internal.health.memory.DefaultMemoryManager] 1684925644 physical memory requested, 1035841536 free
2024-10-01T11:42:46.326-0400 [DEBUG] [org.gradle.workers.internal.WorkerDaemonExpiration] Will attempt to release 1606 of memory
2024-10-01T11:42:46.326-0400 [DEBUG] [org.gradle.process.internal.health.memory.DefaultMemoryManager] 1684925644 physical memory requested, 0 released, 1035841536 free
2024-10-01T11:42:51.324-0400 [DEBUG] [org.gradle.process.internal.health.memory.DefaultMemoryManager] 1684925644 physical memory requested, 1065885696 free
2024-10-01T11:42:51.324-0400 [DEBUG] [org.gradle.workers.internal.WorkerDaemonExpiration] Will attempt to release 1606 of memory
2024-10-01T11:42:51.324-0400 [DEBUG] [org.gradle.process.internal.health.memory.DefaultMemoryManager] 1684925644 physical memory requested, 0 released, 1065885696 free
2024-10-01T11:42:53.829-0400 [DEBUG] [org.gradle.cache.internal.DefaultFileLockManager] Waiting to acquire shared lock on daemon addresses registry.
2024-10-01T11:42:53.830-0400 [DEBUG] [org.gradle.cache.internal.DefaultFileLockManager] Lock acquired on daemon addresses registry.
2024-10-01T11:42:53.830-0400 [DEBUG] [org.gradle.cache.internal.DefaultFileLockManager] Releasing lock on daemon addresses registry.
2024-10-01T11:42:53.832-0400 [DEBUG] [org.gradle.cache.internal.DefaultFileLockManager] Waiting to acquire shared lock on daemon addresses registry.
2024-10-01T11:42:53.832-0400 [DEBUG] [org.gradle.cache.internal.DefaultFileLockManager] Lock acquired on daemon addresses registry.
2024-10-01T11:42:53.832-0400 [DEBUG] [org.gradle.cache.internal.DefaultFileLockManager] Releasing lock on daemon addresses registry.
2024-10-01T11:42:53.834-0400 [DEBUG] [org.gradle.cache.internal.DefaultFileLockManager] Waiting to acquire shared lock on daemon addresses registry.
2024-10-01T11:42:53.834-0400 [DEBUG] [org.gradle.cache.internal.DefaultFileLockManager] Lock acquired on daemon addresses registry.
2024-10-01T11:42:53.834-0400 [DEBUG] [org.gradle.cache.internal.DefaultFileLockManager] Releasing lock on daemon addresses registry.
2024-10-01T11:42:56.322-0400 [DEBUG] [org.gradle.process.internal.health.memory.DefaultMemoryManager] 1684925644 physical memory requested, 1066262528 free
2024-10-01T11:42:56.322-0400 [DEBUG] [org.gradle.workers.internal.WorkerDaemonExpiration] Will attempt to release 1606 of memory
2024-10-01T11:42:56.322-0400 [DEBUG] [org.gradle.process.internal.health.memory.DefaultMemoryManager] 1684925644 physical memory requested, 0 released, 1066262528 free
2024-10-01T11:43:01.368-0400 [DEBUG] [org.gradle.process.internal.health.memory.DefaultMemoryManager] 1684925644 physical memory requested, 1102184448 free
2024-10-01T11:43:01.368-0400 [DEBUG] [org.gradle.workers.internal.WorkerDaemonExpiration] Will attempt to release 1606 of memory
2024-10-01T11:43:01.368-0400 [DEBUG] [org.gradle.process.internal.health.memory.DefaultMemoryManager] 1684925644 physical memory requested, 0 released, 1102184448 free
2024-10-01T11:43:03.829-0400 [DEBUG] [org.gradle.cache.internal.DefaultFileLockManager] Waiting to acquire shared lock on daemon addresses registry.
2024-10-01T11:43:03.829-0400 [DEBUG] [org.gradle.cache.internal.DefaultFileLockManager] Lock acquired on daemon addresses registry.
2024-10-01T11:43:03.829-0400 [DEBUG] [org.gradle.cache.internal.DefaultFileLockManager] Releasing lock on daemon addresses registry.
2024-10-01T11:43:03.830-0400 [DEBUG] [org.gradle.cache.internal.DefaultFileLockManager] Waiting to acquire shared lock on daemon addresses registry.
2024-10-01T11:43:03.830-0400 [DEBUG] [org.gradle.cache.internal.DefaultFileLockManager] Lock acquired on daemon addresses registry.
2024-10-01T11:43:03.830-0400 [DEBUG] [org.gradle.cache.internal.DefaultFileLockManager] Releasing lock on daemon addresses registry.
2024-10-01T11:43:03.830-0400 [DEBUG] [org.gradle.cache.internal.DefaultFileLockManager] Waiting to acquire shared lock on daemon addresses registry.
2024-10-01T11:43:03.830-0400 [DEBUG] [org.gradle.cache.internal.DefaultFileLockManager] Lock acquired on daemon addresses registry.
2024-10-01T11:43:03.831-0400 [DEBUG] [org.gradle.cache.internal.DefaultFileLockManager] Releasing lock on daemon addresses registry.
2024-10-01T11:43:06.329-0400 [DEBUG] [org.gradle.process.internal.health.memory.DefaultMemoryManager] 1684925644 physical memory requested, 1106481152 free
2024-10-01T11:43:06.329-0400 [DEBUG] [org.gradle.workers.internal.WorkerDaemonExpiration] Will attempt to release 1606 of memory
2024-10-01T11:43:06.329-0400 [DEBUG] [org.gradle.process.internal.health.memory.DefaultMemoryManager] 1684925644 physical memory requested, 0 released, 1106481152 free
2024-10-01T11:43:11.321-0400 [DEBUG] [org.gradle.process.internal.health.memory.DefaultMemoryManager] 1684925644 physical memory requested, 1138159616 free
2024-10-01T11:43:11.321-0400 [DEBUG] [org.gradle.workers.internal.WorkerDaemonExpiration] Will attempt to release 1606 of memory
2024-10-01T11:43:11.321-0400 [DEBUG] [org.gradle.process.internal.health.memory.DefaultMemoryManager] 1684925644 physical memory requested, 0 released, 1138159616 free
2024-10-01T11:43:13.829-0400 [DEBUG] [org.gradle.cache.internal.DefaultFileLockManager] Waiting to acquire shared lock on daemon addresses registry.
2024-10-01T11:43:13.829-0400 [DEBUG] [org.gradle.cache.internal.DefaultFileLockManager] Lock acquired on daemon addresses registry.
2024-10-01T11:43:13.830-0400 [DEBUG] [org.gradle.cache.internal.DefaultFileLockManager] Releasing lock on daemon addresses registry.
2024-10-01T11:43:13.832-0400 [DEBUG] [org.gradle.cache.internal.DefaultFileLockManager] Waiting to acquire shared lock on daemon addresses registry.
2024-10-01T11:43:13.832-0400 [DEBUG] [org.gradle.cache.internal.DefaultFileLockManager] Lock acquired on daemon addresses registry.
2024-10-01T11:43:13.833-0400 [DEBUG] [org.gradle.cache.internal.DefaultFileLockManager] Releasing lock on daemon addresses registry.
2024-10-01T11:43:13.834-0400 [DEBUG] [org.gradle.cache.internal.DefaultFileLockManager] Waiting to acquire shared lock on daemon addresses registry.
2024-10-01T11:43:13.834-0400 [DEBUG] [org.gradle.cache.internal.DefaultFileLockManager] Lock acquired on daemon addresses registry.
2024-10-01T11:43:13.835-0400 [DEBUG] [org.gradle.cache.internal.DefaultFileLockManager] Releasing lock on daemon addresses registry.
2024-10-01T11:43:16.323-0400 [DEBUG] [org.gradle.process.internal.health.memory.DefaultMemoryManager] 1684925644 physical memory requested, 1094664192 free
2024-10-01T11:43:16.324-0400 [DEBUG] [org.gradle.workers.internal.WorkerDaemonExpiration] Will attempt to release 1606 of memory
2024-10-01T11:43:16.324-0400 [DEBUG] [org.gradle.process.internal.health.memory.DefaultMemoryManager] 1684925644 physical memory requested, 0 released, 1094664192 free
2024-10-01T11:43:21.323-0400 [DEBUG] [org.gradle.process.internal.health.memory.DefaultMemoryManager] 1684925644 physical memory requested, 1149956096 free
2024-10-01T11:43:21.323-0400 [DEBUG] [org.gradle.workers.internal.WorkerDaemonExpiration] Will attempt to release 1606 of memory
2024-10-01T11:43:21.323-0400 [DEBUG] [org.gradle.process.internal.health.memory.DefaultMemoryManager] 1684925644 physical memory requested, 0 released, 1149956096 free
2024-10-01T11:43:23.829-0400 [DEBUG] [org.gradle.cache.internal.DefaultFileLockManager] Waiting to acquire shared lock on daemon addresses registry.
2024-10-01T11:43:23.829-0400 [DEBUG] [org.gradle.cache.internal.DefaultFileLockManager] Lock acquired on daemon addresses registry.
2024-10-01T11:43:23.830-0400 [DEBUG] [org.gradle.cache.internal.DefaultFileLockManager] Releasing lock on daemon addresses registry.
2024-10-01T11:43:23.832-0400 [DEBUG] [org.gradle.cache.internal.DefaultFileLockManager] Waiting to acquire shared lock on daemon addresses registry.
2024-10-01T11:43:23.832-0400 [DEBUG] [org.gradle.cache.internal.DefaultFileLockManager] Lock acquired on daemon addresses registry.
2024-10-01T11:43:23.832-0400 [DEBUG] [org.gradle.cache.internal.DefaultFileLockManager] Releasing lock on daemon addresses registry.
2024-10-01T11:43:23.834-0400 [DEBUG] [org.gradle.cache.internal.DefaultFileLockManager] Waiting to acquire shared lock on daemon addresses registry.
2024-10-01T11:43:23.834-0400 [DEBUG] [org.gradle.cache.internal.DefaultFileLockManager] Lock acquired on daemon addresses registry.
2024-10-01T11:43:23.834-0400 [DEBUG] [org.gradle.cache.internal.DefaultFileLockManager] Releasing lock on daemon addresses registry.
2024-10-01T11:43:26.321-0400 [DEBUG] [org.gradle.process.internal.health.memory.DefaultMemoryManager] 1684925644 physical memory requested, 1142341632 free
2024-10-01T11:43:26.321-0400 [DEBUG] [org.gradle.workers.internal.WorkerDaemonExpiration] Will attempt to release 1606 of memory
2024-10-01T11:43:26.322-0400 [DEBUG] [org.gradle.process.internal.health.memory.DefaultMemoryManager] 1684925644 physical memory requested, 0 released, 1142341632 free
2024-10-01T11:43:31.325-0400 [DEBUG] [org.gradle.process.internal.health.memory.DefaultMemoryManager] 1684925644 physical memory requested, 1158111232 free
2024-10-01T11:43:31.325-0400 [DEBUG] [org.gradle.workers.internal.WorkerDaemonExpiration] Will attempt to release 1606 of memory
2024-10-01T11:43:31.325-0400 [DEBUG] [org.gradle.process.internal.health.memory.DefaultMemoryManager] 1684925644 physical memory requested, 0 released, 1158111232 free
2024-10-01T11:43:33.829-0400 [DEBUG] [org.gradle.cache.internal.DefaultFileLockManager] Waiting to acquire shared lock on daemon addresses registry.
2024-10-01T11:43:33.829-0400 [DEBUG] [org.gradle.cache.internal.DefaultFileLockManager] Lock acquired on daemon addresses registry.
2024-10-01T11:43:33.830-0400 [DEBUG] [org.gradle.cache.internal.DefaultFileLockManager] Releasing lock on daemon addresses registry.
2024-10-01T11:43:33.834-0400 [DEBUG] [org.gradle.cache.internal.DefaultFileLockManager] Waiting to acquire shared lock on daemon addresses registry.
2024-10-01T11:43:33.834-0400 [DEBUG] [org.gradle.cache.internal.DefaultFileLockManager] Lock acquired on daemon addresses registry.
2024-10-01T11:43:33.835-0400 [DEBUG] [org.gradle.cache.internal.DefaultFileLockManager] Releasing lock on daemon addresses registry.
2024-10-01T11:43:33.837-0400 [DEBUG] [org.gradle.cache.internal.DefaultFileLockManager] Waiting to acquire shared lock on daemon addresses registry.
2024-10-01T11:43:33.838-0400 [DEBUG] [org.gradle.cache.internal.DefaultFileLockManager] Lock acquired on daemon addresses registry.
2024-10-01T11:43:33.838-0400 [DEBUG] [org.gradle.cache.internal.DefaultFileLockManager] Releasing lock on daemon addresses registry.
2024-10-01T11:43:36.324-0400 [DEBUG] [org.gradle.process.internal.health.memory.DefaultMemoryManager] 1684925644 physical memory requested, 1115566080 free
2024-10-01T11:43:36.324-0400 [DEBUG] [org.gradle.workers.internal.WorkerDaemonExpiration] Will attempt to release 1606 of memory
2024-10-01T11:43:36.324-0400 [DEBUG] [org.gradle.process.internal.health.memory.DefaultMemoryManager] 1684925644 physical memory requested, 0 released, 1115566080 free
2024-10-01T11:43:41.320-0400 [DEBUG] [org.gradle.process.internal.health.memory.DefaultMemoryManager] 1684925644 physical memory requested, 1074040832 free
2024-10-01T11:43:41.320-0400 [DEBUG] [org.gradle.workers.internal.WorkerDaemonExpiration] Will attempt to release 1606 of memory
2024-10-01T11:43:41.320-0400 [DEBUG] [org.gradle.process.internal.health.memory.DefaultMemoryManager] 1684925644 physical memory requested, 0 released, 1074040832 free
2024-10-01T11:43:43.828-0400 [DEBUG] [org.gradle.cache.internal.DefaultFileLockManager] Waiting to acquire shared lock on daemon addresses registry.
2024-10-01T11:43:43.829-0400 [DEBUG] [org.gradle.cache.internal.DefaultFileLockManager] Lock acquired on daemon addresses registry.
2024-10-01T11:43:43.829-0400 [DEBUG] [org.gradle.cache.internal.DefaultFileLockManager] Releasing lock on daemon addresses registry.
2024-10-01T11:43:43.831-0400 [DEBUG] [org.gradle.cache.internal.DefaultFileLockManager] Waiting to acquire shared lock on daemon addresses registry.
2024-10-01T11:43:43.831-0400 [DEBUG] [org.gradle.cache.internal.DefaultFileLockManager] Lock acquired on daemon addresses registry.
2024-10-01T11:43:43.831-0400 [DEBUG] [org.gradle.cache.internal.DefaultFileLockManager] Releasing lock on daemon addresses registry.
2024-10-01T11:43:43.832-0400 [DEBUG] [org.gradle.cache.internal.DefaultFileLockManager] Waiting to acquire shared lock on daemon addresses registry.
2024-10-01T11:43:43.832-0400 [DEBUG] [org.gradle.cache.internal.DefaultFileLockManager] Lock acquired on daemon addresses registry.
2024-10-01T11:43:43.833-0400 [DEBUG] [org.gradle.cache.internal.DefaultFileLockManager] Releasing lock on daemon addresses registry.
2024-10-01T11:43:46.320-0400 [DEBUG] [org.gradle.process.internal.health.memory.DefaultMemoryManager] 1684925644 physical memory requested, 1113931776 free
2024-10-01T11:43:46.320-0400 [DEBUG] [org.gradle.workers.internal.WorkerDaemonExpiration] Will attempt to release 1606 of memory
2024-10-01T11:43:46.320-0400 [DEBUG] [org.gradle.process.internal.health.memory.DefaultMemoryManager] 1684925644 physical memory requested, 0 released, 1113931776 free
2024-10-01T11:43:51.320-0400 [DEBUG] [org.gradle.process.internal.health.memory.DefaultMemoryManager] 1684925644 physical memory requested, 1107685376 free
2024-10-01T11:43:51.320-0400 [DEBUG] [org.gradle.workers.internal.WorkerDaemonExpiration] Will attempt to release 1606 of memory
2024-10-01T11:43:51.320-0400 [DEBUG] [org.gradle.process.internal.health.memory.DefaultMemoryManager] 1684925644 physical memory requested, 0 released, 1107685376 free
2024-10-01T11:43:53.830-0400 [DEBUG] [org.gradle.cache.internal.DefaultFileLockManager] Waiting to acquire shared lock on daemon addresses registry.
2024-10-01T11:43:53.831-0400 [DEBUG] [org.gradle.cache.internal.DefaultFileLockManager] Lock acquired on daemon addresses registry.
2024-10-01T11:43:53.831-0400 [DEBUG] [org.gradle.cache.internal.DefaultFileLockManager] Releasing lock on daemon addresses registry.
2024-10-01T11:43:53.833-0400 [DEBUG] [org.gradle.cache.internal.DefaultFileLockManager] Waiting to acquire shared lock on daemon addresses registry.
2024-10-01T11:43:53.833-0400 [DEBUG] [org.gradle.cache.internal.DefaultFileLockManager] Lock acquired on daemon addresses registry.
2024-10-01T11:43:53.833-0400 [DEBUG] [org.gradle.cache.internal.DefaultFileLockManager] Releasing lock on daemon addresses registry.
2024-10-01T11:43:53.835-0400 [DEBUG] [org.gradle.cache.internal.DefaultFileLockManager] Waiting to acquire shared lock on daemon addresses registry.
2024-10-01T11:43:53.835-0400 [DEBUG] [org.gradle.cache.internal.DefaultFileLockManager] Lock acquired on daemon addresses registry.
2024-10-01T11:43:53.835-0400 [DEBUG] [org.gradle.cache.internal.DefaultFileLockManager] Releasing lock on daemon addresses registry.
2024-10-01T11:43:56.320-0400 [DEBUG] [org.gradle.process.internal.health.memory.DefaultMemoryManager] 1684925644 physical memory requested, 1104859136 free
2024-10-01T11:43:56.320-0400 [DEBUG] [org.gradle.workers.internal.WorkerDaemonExpiration] Will attempt to release 1606 of memory
2024-10-01T11:43:56.320-0400 [DEBUG] [org.gradle.process.internal.health.memory.DefaultMemoryManager] 1684925644 physical memory requested, 0 released, 1104859136 free
2024-10-01T11:44:01.322-0400 [DEBUG] [org.gradle.process.internal.health.memory.DefaultMemoryManager] 1684925644 physical memory requested, 1065287680 free
2024-10-01T11:44:01.322-0400 [DEBUG] [org.gradle.workers.internal.WorkerDaemonExpiration] Will attempt to release 1606 of memory
2024-10-01T11:44:01.322-0400 [DEBUG] [org.gradle.process.internal.health.memory.DefaultMemoryManager] 1684925644 physical memory requested, 0 released, 1065287680 free
2024-10-01T11:44:03.831-0400 [DEBUG] [org.gradle.cache.internal.DefaultFileLockManager] Waiting to acquire shared lock on daemon addresses registry.
2024-10-01T11:44:03.832-0400 [DEBUG] [org.gradle.cache.internal.DefaultFileLockManager] Lock acquired on daemon addresses registry.
2024-10-01T11:44:03.837-0400 [DEBUG] [org.gradle.cache.internal.DefaultFileLockManager] Releasing lock on daemon addresses registry.
2024-10-01T11:44:03.842-0400 [DEBUG] [org.gradle.cache.internal.DefaultFileLockManager] Waiting to acquire shared lock on daemon addresses registry.
2024-10-01T11:44:03.842-0400 [DEBUG] [org.gradle.cache.internal.DefaultFileLockManager] Lock acquired on daemon addresses registry.
2024-10-01T11:44:03.843-0400 [DEBUG] [org.gradle.cache.internal.DefaultFileLockManager] Releasing lock on daemon addresses registry.
2024-10-01T11:44:03.845-0400 [DEBUG] [org.gradle.cache.internal.DefaultFileLockManager] Waiting to acquire shared lock on daemon addresses registry.
2024-10-01T11:44:03.845-0400 [DEBUG] [org.gradle.cache.internal.DefaultFileLockManager] Lock acquired on daemon addresses registry.
2024-10-01T11:44:03.846-0400 [DEBUG] [org.gradle.cache.internal.DefaultFileLockManager] Releasing lock on daemon addresses registry.
2024-10-01T11:44:06.321-0400 [DEBUG] [org.gradle.process.internal.health.memory.DefaultMemoryManager] 1684925644 physical memory requested, 1070780416 free
2024-10-01T11:44:06.321-0400 [DEBUG] [org.gradle.workers.internal.WorkerDaemonExpiration] Will attempt to release 1606 of memory
2024-10-01T11:44:06.321-0400 [DEBUG] [org.gradle.process.internal.health.memory.DefaultMemoryManager] 1684925644 physical memory requested, 0 released, 1070780416 free
2024-10-01T11:44:11.324-0400 [DEBUG] [org.gradle.process.internal.health.memory.DefaultMemoryManager] 1684925644 physical memory requested, 1086439424 free
2024-10-01T11:44:11.324-0400 [DEBUG] [org.gradle.workers.internal.WorkerDaemonExpiration] Will attempt to release 1606 of memory
2024-10-01T11:44:11.325-0400 [DEBUG] [org.gradle.process.internal.health.memory.DefaultMemoryManager] 1684925644 physical memory requested, 0 released, 1086439424 free
2024-10-01T11:44:13.830-0400 [DEBUG] [org.gradle.cache.internal.DefaultFileLockManager] Waiting to acquire shared lock on daemon addresses registry.
2024-10-01T11:44:13.831-0400 [DEBUG] [org.gradle.cache.internal.DefaultFileLockManager] Lock acquired on daemon addresses registry.
2024-10-01T11:44:13.831-0400 [DEBUG] [org.gradle.cache.internal.DefaultFileLockManager] Releasing lock on daemon addresses registry.
2024-10-01T11:44:13.834-0400 [DEBUG] [org.gradle.cache.internal.DefaultFileLockManager] Waiting to acquire shared lock on daemon addresses registry.
2024-10-01T11:44:13.834-0400 [DEBUG] [org.gradle.cache.internal.DefaultFileLockManager] Lock acquired on daemon addresses registry.
2024-10-01T11:44:13.835-0400 [DEBUG] [org.gradle.cache.internal.DefaultFileLockManager] Releasing lock on daemon addresses registry.
2024-10-01T11:44:13.837-0400 [DEBUG] [org.gradle.cache.internal.DefaultFileLockManager] Waiting to acquire shared lock on daemon addresses registry.
2024-10-01T11:44:13.837-0400 [DEBUG] [org.gradle.cache.internal.DefaultFileLockManager] Lock acquired on daemon addresses registry.
2024-10-01T11:44:13.838-0400 [DEBUG] [org.gradle.cache.internal.DefaultFileLockManager] Releasing lock on daemon addresses registry.
2024-10-01T11:44:16.322-0400 [DEBUG] [org.gradle.process.internal.health.memory.DefaultMemoryManager] 1684925644 physical memory requested, 1085403136 free
2024-10-01T11:44:16.322-0400 [DEBUG] [org.gradle.workers.internal.WorkerDaemonExpiration] Will attempt to release 1606 of memory
2024-10-01T11:44:16.322-0400 [DEBUG] [org.gradle.process.internal.health.memory.DefaultMemoryManager] 1684925644 physical memory requested, 0 released, 1085403136 free
2024-10-01T11:44:21.328-0400 [DEBUG] [org.gradle.process.internal.health.memory.DefaultMemoryManager] 1684925644 physical memory requested, 1113382912 free
2024-10-01T11:44:21.328-0400 [DEBUG] [org.gradle.workers.internal.WorkerDaemonExpiration] Will attempt to release 1606 of memory
2024-10-01T11:44:21.328-0400 [DEBUG] [org.gradle.process.internal.health.memory.DefaultMemoryManager] 1684925644 physical memory requested, 0 released, 1113382912 free
2024-10-01T11:44:23.830-0400 [DEBUG] [org.gradle.cache.internal.DefaultFileLockManager] Waiting to acquire shared lock on daemon addresses registry.
2024-10-01T11:44:23.831-0400 [DEBUG] [org.gradle.cache.internal.DefaultFileLockManager] Lock acquired on daemon addresses registry.
2024-10-01T11:44:23.831-0400 [DEBUG] [org.gradle.cache.internal.DefaultFileLockManager] Releasing lock on daemon addresses registry.
2024-10-01T11:44:23.832-0400 [DEBUG] [org.gradle.cache.internal.DefaultFileLockManager] Waiting to acquire shared lock on daemon addresses registry.
2024-10-01T11:44:23.832-0400 [DEBUG] [org.gradle.cache.internal.DefaultFileLockManager] Lock acquired on daemon addresses registry.
2024-10-01T11:44:23.833-0400 [DEBUG] [org.gradle.cache.internal.DefaultFileLockManager] Releasing lock on daemon addresses registry.
2024-10-01T11:44:23.833-0400 [DEBUG] [org.gradle.cache.internal.DefaultFileLockManager] Waiting to acquire shared lock on daemon addresses registry.
2024-10-01T11:44:23.834-0400 [DEBUG] [org.gradle.cache.internal.DefaultFileLockManager] Lock acquired on daemon addresses registry.
2024-10-01T11:44:23.834-0400 [DEBUG] [org.gradle.cache.internal.DefaultFileLockManager] Releasing lock on daemon addresses registry.
2024-10-01T11:44:26.323-0400 [DEBUG] [org.gradle.process.internal.health.memory.DefaultMemoryManager] 1684925644 physical memory requested, 1141776384 free
2024-10-01T11:44:26.323-0400 [DEBUG] [org.gradle.workers.internal.WorkerDaemonExpiration] Will attempt to release 1606 of memory
2024-10-01T11:44:26.324-0400 [DEBUG] [org.gradle.process.internal.health.memory.DefaultMemoryManager] 1684925644 physical memory requested, 0 released, 1141776384 free
2024-10-01T11:44:31.317-0400 [DEBUG] [org.gradle.process.internal.health.memory.DefaultMemoryManager] 1684925644 physical memory requested, 1143439360 free
2024-10-01T11:44:31.317-0400 [DEBUG] [org.gradle.workers.internal.WorkerDaemonExpiration] Will attempt to release 1606 of memory
2024-10-01T11:44:31.317-0400 [DEBUG] [org.gradle.process.internal.health.memory.DefaultMemoryManager] 1684925644 physical memory requested, 0 released, 1143439360 free
2024-10-01T11:44:33.829-0400 [DEBUG] [org.gradle.cache.internal.DefaultFileLockManager] Waiting to acquire shared lock on daemon addresses registry.
2024-10-01T11:44:33.829-0400 [DEBUG] [org.gradle.cache.internal.DefaultFileLockManager] Lock acquired on daemon addresses registry.
2024-10-01T11:44:33.829-0400 [DEBUG] [org.gradle.cache.internal.DefaultFileLockManager] Releasing lock on daemon addresses registry.
2024-10-01T11:44:33.831-0400 [DEBUG] [org.gradle.cache.internal.DefaultFileLockManager] Waiting to acquire shared lock on daemon addresses registry.
2024-10-01T11:44:33.832-0400 [DEBUG] [org.gradle.cache.internal.DefaultFileLockManager] Lock acquired on daemon addresses registry.
2024-10-01T11:44:33.832-0400 [DEBUG] [org.gradle.cache.internal.DefaultFileLockManager] Releasing lock on daemon addresses registry.
2024-10-01T11:44:33.834-0400 [DEBUG] [org.gradle.cache.internal.DefaultFileLockManager] Waiting to acquire shared lock on daemon addresses registry.
2024-10-01T11:44:33.834-0400 [DEBUG] [org.gradle.cache.internal.DefaultFileLockManager] Lock acquired on daemon addresses registry.
2024-10-01T11:44:33.834-0400 [DEBUG] [org.gradle.cache.internal.DefaultFileLockManager] Releasing lock on daemon addresses registry.
2024-10-01T11:44:36.322-0400 [DEBUG] [org.gradle.process.internal.health.memory.DefaultMemoryManager] 1684925644 physical memory requested, 1146933248 free
2024-10-01T11:44:36.322-0400 [DEBUG] [org.gradle.workers.internal.WorkerDaemonExpiration] Will attempt to release 1606 of memory
2024-10-01T11:44:36.322-0400 [DEBUG] [org.gradle.process.internal.health.memory.DefaultMemoryManager] 1684925644 physical memory requested, 0 released, 1146933248 free
2024-10-01T11:44:41.320-0400 [DEBUG] [org.gradle.process.internal.health.memory.DefaultMemoryManager] 1684925644 physical memory requested, 1246294016 free
2024-10-01T11:44:41.320-0400 [DEBUG] [org.gradle.workers.internal.WorkerDaemonExpiration] Will attempt to release 1606 of memory
2024-10-01T11:44:41.320-0400 [DEBUG] [org.gradle.process.internal.health.memory.DefaultMemoryManager] 1684925644 physical memory requested, 0 released, 1246294016 free
2024-10-01T11:44:43.828-0400 [DEBUG] [org.gradle.cache.internal.DefaultFileLockManager] Waiting to acquire shared lock on daemon addresses registry.
2024-10-01T11:44:43.828-0400 [DEBUG] [org.gradle.cache.internal.DefaultFileLockManager] Lock acquired on daemon addresses registry.
2024-10-01T11:44:43.828-0400 [DEBUG] [org.gradle.cache.internal.DefaultFileLockManager] Releasing lock on daemon addresses registry.
2024-10-01T11:44:43.829-0400 [DEBUG] [org.gradle.cache.internal.DefaultFileLockManager] Waiting to acquire shared lock on daemon addresses registry.
2024-10-01T11:44:43.829-0400 [DEBUG] [org.gradle.cache.internal.DefaultFileLockManager] Lock acquired on daemon addresses registry.
2024-10-01T11:44:43.829-0400 [DEBUG] [org.gradle.cache.internal.DefaultFileLockManager] Releasing lock on daemon addresses registry.
2024-10-01T11:44:43.830-0400 [DEBUG] [org.gradle.cache.internal.DefaultFileLockManager] Waiting to acquire shared lock on daemon addresses registry.
2024-10-01T11:44:43.830-0400 [DEBUG] [org.gradle.cache.internal.DefaultFileLockManager] Lock acquired on daemon addresses registry.
2024-10-01T11:44:43.830-0400 [DEBUG] [org.gradle.cache.internal.DefaultFileLockManager] Releasing lock on daemon addresses registry.
2024-10-01T11:44:46.321-0400 [DEBUG] [org.gradle.process.internal.health.memory.DefaultMemoryManager] 1684925644 physical memory requested, 1251987456 free
2024-10-01T11:44:46.321-0400 [DEBUG] [org.gradle.workers.internal.WorkerDaemonExpiration] Will attempt to release 1606 of memory
2024-10-01T11:44:46.322-0400 [DEBUG] [org.gradle.process.internal.health.memory.DefaultMemoryManager] 1684925644 physical memory requested, 0 released, 1251987456 free
2024-10-01T11:44:51.323-0400 [DEBUG] [org.gradle.process.internal.health.memory.DefaultMemoryManager] 1684925644 physical memory requested, 1252282368 free
2024-10-01T11:44:51.323-0400 [DEBUG] [org.gradle.workers.internal.WorkerDaemonExpiration] Will attempt to release 1606 of memory
2024-10-01T11:44:51.323-0400 [DEBUG] [org.gradle.process.internal.health.memory.DefaultMemoryManager] 1684925644 physical memory requested, 0 released, 1252282368 free
2024-10-01T11:44:53.830-0400 [DEBUG] [org.gradle.cache.internal.DefaultFileLockManager] Waiting to acquire shared lock on daemon addresses registry.
2024-10-01T11:44:53.830-0400 [DEBUG] [org.gradle.cache.internal.DefaultFileLockManager] Lock acquired on daemon addresses registry.
2024-10-01T11:44:53.831-0400 [DEBUG] [org.gradle.cache.internal.DefaultFileLockManager] Releasing lock on daemon addresses registry.
2024-10-01T11:44:53.833-0400 [DEBUG] [org.gradle.cache.internal.DefaultFileLockManager] Waiting to acquire shared lock on daemon addresses registry.
2024-10-01T11:44:53.833-0400 [DEBUG] [org.gradle.cache.internal.DefaultFileLockManager] Lock acquired on daemon addresses registry.
2024-10-01T11:44:53.833-0400 [DEBUG] [org.gradle.cache.internal.DefaultFileLockManager] Releasing lock on daemon addresses registry.
2024-10-01T11:44:53.835-0400 [DEBUG] [org.gradle.cache.internal.DefaultFileLockManager] Waiting to acquire shared lock on daemon addresses registry.
2024-10-01T11:44:53.835-0400 [DEBUG] [org.gradle.cache.internal.DefaultFileLockManager] Lock acquired on daemon addresses registry.
2024-10-01T11:44:53.836-0400 [DEBUG] [org.gradle.cache.internal.DefaultFileLockManager] Releasing lock on daemon addresses registry.
2024-10-01T11:44:56.319-0400 [DEBUG] [org.gradle.process.internal.health.memory.DefaultMemoryManager] 1684925644 physical memory requested, 1253376000 free
2024-10-01T11:44:56.320-0400 [DEBUG] [org.gradle.workers.internal.WorkerDaemonExpiration] Will attempt to release 1606 of memory
2024-10-01T11:44:56.320-0400 [DEBUG] [org.gradle.process.internal.health.memory.DefaultMemoryManager] 1684925644 physical memory requested, 0 released, 1253376000 free
2024-10-01T11:45:01.321-0400 [DEBUG] [org.gradle.process.internal.health.memory.DefaultMemoryManager] 1684925644 physical memory requested, 1261035520 free
2024-10-01T11:45:01.321-0400 [DEBUG] [org.gradle.workers.internal.WorkerDaemonExpiration] Will attempt to release 1606 of memory
2024-10-01T11:45:01.321-0400 [DEBUG] [org.gradle.process.internal.health.memory.DefaultMemoryManager] 1684925644 physical memory requested, 0 released, 1261035520 free
2024-10-01T11:45:03.828-0400 [DEBUG] [org.gradle.cache.internal.DefaultFileLockManager] Waiting to acquire shared lock on daemon addresses registry.
2024-10-01T11:45:03.828-0400 [DEBUG] [org.gradle.cache.internal.DefaultFileLockManager] Lock acquired on daemon addresses registry.
2024-10-01T11:45:03.828-0400 [DEBUG] [org.gradle.cache.internal.DefaultFileLockManager] Releasing lock on daemon addresses registry.
2024-10-01T11:45:03.829-0400 [DEBUG] [org.gradle.cache.internal.DefaultFileLockManager] Waiting to acquire shared lock on daemon addresses registry.
2024-10-01T11:45:03.829-0400 [DEBUG] [org.gradle.cache.internal.DefaultFileLockManager] Lock acquired on daemon addresses registry.
2024-10-01T11:45:03.829-0400 [DEBUG] [org.gradle.cache.internal.DefaultFileLockManager] Releasing lock on daemon addresses registry.
2024-10-01T11:45:03.830-0400 [DEBUG] [org.gradle.cache.internal.DefaultFileLockManager] Waiting to acquire shared lock on daemon addresses registry.
2024-10-01T11:45:03.830-0400 [DEBUG] [org.gradle.cache.internal.DefaultFileLockManager] Lock acquired on daemon addresses registry.
2024-10-01T11:45:03.830-0400 [DEBUG] [org.gradle.cache.internal.DefaultFileLockManager] Releasing lock on daemon addresses registry.
2024-10-01T11:45:06.323-0400 [DEBUG] [org.gradle.process.internal.health.memory.DefaultMemoryManager] 1684925644 physical memory requested, 1254211584 free
2024-10-01T11:45:06.323-0400 [DEBUG] [org.gradle.workers.internal.WorkerDaemonExpiration] Will attempt to release 1606 of memory
2024-10-01T11:45:06.323-0400 [DEBUG] [org.gradle.process.internal.health.memory.DefaultMemoryManager] 1684925644 physical memory requested, 0 released, 1254211584 free
2024-10-01T11:45:11.320-0400 [DEBUG] [org.gradle.process.internal.health.memory.DefaultMemoryManager] 1684925644 physical memory requested, 1250738176 free
2024-10-01T11:45:11.320-0400 [DEBUG] [org.gradle.workers.internal.WorkerDaemonExpiration] Will attempt to release 1606 of memory
2024-10-01T11:45:11.320-0400 [DEBUG] [org.gradle.process.internal.health.memory.DefaultMemoryManager] 1684925644 physical memory requested, 0 released, 1250738176 free
2024-10-01T11:45:13.829-0400 [DEBUG] [org.gradle.cache.internal.DefaultFileLockManager] Waiting to acquire shared lock on daemon addresses registry.
2024-10-01T11:45:13.829-0400 [DEBUG] [org.gradle.cache.internal.DefaultFileLockManager] Lock acquired on daemon addresses registry.
2024-10-01T11:45:13.829-0400 [DEBUG] [org.gradle.cache.internal.DefaultFileLockManager] Releasing lock on daemon addresses registry.
2024-10-01T11:45:13.831-0400 [DEBUG] [org.gradle.cache.internal.DefaultFileLockManager] Waiting to acquire shared lock on daemon addresses registry.
2024-10-01T11:45:13.832-0400 [DEBUG] [org.gradle.cache.internal.DefaultFileLockManager] Lock acquired on daemon addresses registry.
2024-10-01T11:45:13.832-0400 [DEBUG] [org.gradle.cache.internal.DefaultFileLockManager] Releasing lock on daemon addresses registry.
2024-10-01T11:45:13.833-0400 [DEBUG] [org.gradle.cache.internal.DefaultFileLockManager] Waiting to acquire shared lock on daemon addresses registry.
2024-10-01T11:45:13.834-0400 [DEBUG] [org.gradle.cache.internal.DefaultFileLockManager] Lock acquired on daemon addresses registry.
2024-10-01T11:45:13.834-0400 [DEBUG] [org.gradle.cache.internal.DefaultFileLockManager] Releasing lock on daemon addresses registry.
2024-10-01T11:45:16.321-0400 [DEBUG] [org.gradle.process.internal.health.memory.DefaultMemoryManager] 1684925644 physical memory requested, 1253818368 free
2024-10-01T11:45:16.321-0400 [DEBUG] [org.gradle.workers.internal.WorkerDaemonExpiration] Will attempt to release 1606 of memory
2024-10-01T11:45:16.321-0400 [DEBUG] [org.gradle.process.internal.health.memory.DefaultMemoryManager] 1684925644 physical memory requested, 0 released, 1253818368 free
2024-10-01T11:45:21.325-0400 [DEBUG] [org.gradle.process.internal.health.memory.DefaultMemoryManager] 1684925644 physical memory requested, 1295732736 free
2024-10-01T11:45:21.325-0400 [DEBUG] [org.gradle.workers.internal.WorkerDaemonExpiration] Will attempt to release 1606 of memory
2024-10-01T11:45:21.325-0400 [DEBUG] [org.gradle.process.internal.health.memory.DefaultMemoryManager] 1684925644 physical memory requested, 0 released, 1295732736 free
2024-10-01T11:45:23.828-0400 [DEBUG] [org.gradle.cache.internal.DefaultFileLockManager] Waiting to acquire shared lock on daemon addresses registry.
2024-10-01T11:45:23.829-0400 [DEBUG] [org.gradle.cache.internal.DefaultFileLockManager] Lock acquired on daemon addresses registry.
2024-10-01T11:45:23.829-0400 [DEBUG] [org.gradle.cache.internal.DefaultFileLockManager] Releasing lock on daemon addresses registry.
2024-10-01T11:45:23.831-0400 [DEBUG] [org.gradle.cache.internal.DefaultFileLockManager] Waiting to acquire shared lock on daemon addresses registry.
2024-10-01T11:45:23.831-0400 [DEBUG] [org.gradle.cache.internal.DefaultFileLockManager] Lock acquired on daemon addresses registry.
2024-10-01T11:45:23.832-0400 [DEBUG] [org.gradle.cache.internal.DefaultFileLockManager] Releasing lock on daemon addresses registry.
2024-10-01T11:45:23.833-0400 [DEBUG] [org.gradle.cache.internal.DefaultFileLockManager] Waiting to acquire shared lock on daemon addresses registry.
2024-10-01T11:45:23.834-0400 [DEBUG] [org.gradle.cache.internal.DefaultFileLockManager] Lock acquired on daemon addresses registry.
2024-10-01T11:45:23.834-0400 [DEBUG] [org.gradle.cache.internal.DefaultFileLockManager] Releasing lock on daemon addresses registry.
2024-10-01T11:45:26.325-0400 [DEBUG] [org.gradle.process.internal.health.memory.DefaultMemoryManager] 1684925644 physical memory requested, 1287147520 free
2024-10-01T11:45:26.325-0400 [DEBUG] [org.gradle.workers.internal.WorkerDaemonExpiration] Will attempt to release 1606 of memory
2024-10-01T11:45:26.325-0400 [DEBUG] [org.gradle.process.internal.health.memory.DefaultMemoryManager] 1684925644 physical memory requested, 0 released, 1287147520 free
2024-10-01T11:45:31.321-0400 [DEBUG] [org.gradle.process.internal.health.memory.DefaultMemoryManager] 1684925644 physical memory requested, 1288736768 free
2024-10-01T11:45:31.321-0400 [DEBUG] [org.gradle.workers.internal.WorkerDaemonExpiration] Will attempt to release 1606 of memory
2024-10-01T11:45:31.321-0400 [DEBUG] [org.gradle.process.internal.health.memory.DefaultMemoryManager] 1684925644 physical memory requested, 0 released, 1288736768 free
2024-10-01T11:45:33.828-0400 [DEBUG] [org.gradle.cache.internal.DefaultFileLockManager] Waiting to acquire shared lock on daemon addresses registry.
2024-10-01T11:45:33.828-0400 [DEBUG] [org.gradle.cache.internal.DefaultFileLockManager] Lock acquired on daemon addresses registry.
2024-10-01T11:45:33.828-0400 [DEBUG] [org.gradle.cache.internal.DefaultFileLockManager] Releasing lock on daemon addresses registry.
2024-10-01T11:45:33.830-0400 [DEBUG] [org.gradle.cache.internal.DefaultFileLockManager] Waiting to acquire shared lock on daemon addresses registry.
2024-10-01T11:45:33.830-0400 [DEBUG] [org.gradle.cache.internal.DefaultFileLockManager] Lock acquired on daemon addresses registry.
2024-10-01T11:45:33.830-0400 [DEBUG] [org.gradle.cache.internal.DefaultFileLockManager] Releasing lock on daemon addresses registry.
2024-10-01T11:45:33.831-0400 [DEBUG] [org.gradle.cache.internal.DefaultFileLockManager] Waiting to acquire shared lock on daemon addresses registry.
2024-10-01T11:45:33.831-0400 [DEBUG] [org.gradle.cache.internal.DefaultFileLockManager] Lock acquired on daemon addresses registry.
2024-10-01T11:45:33.831-0400 [DEBUG] [org.gradle.cache.internal.DefaultFileLockManager] Releasing lock on daemon addresses registry.
2024-10-01T11:45:36.322-0400 [DEBUG] [org.gradle.process.internal.health.memory.DefaultMemoryManager] 1684925644 physical memory requested, 1288441856 free
2024-10-01T11:45:36.322-0400 [DEBUG] [org.gradle.workers.internal.WorkerDaemonExpiration] Will attempt to release 1606 of memory
2024-10-01T11:45:36.323-0400 [DEBUG] [org.gradle.process.internal.health.memory.DefaultMemoryManager] 1684925644 physical memory requested, 0 released, 1288441856 free
2024-10-01T11:45:41.322-0400 [DEBUG] [org.gradle.process.internal.health.memory.DefaultMemoryManager] 1684925644 physical memory requested, 1283772416 free
2024-10-01T11:45:41.323-0400 [DEBUG] [org.gradle.workers.internal.WorkerDaemonExpiration] Will attempt to release 1606 of memory
2024-10-01T11:45:41.323-0400 [DEBUG] [org.gradle.process.internal.health.memory.DefaultMemoryManager] 1684925644 physical memory requested, 0 released, 1283772416 free
2024-10-01T11:45:43.203-0400 [DEBUG] [sun.rmi.transport.tcp] RMI TCP Connection(3)-127.0.0.1: accepted socket from [127.0.0.1:63991]
2024-10-01T11:45:43.204-0400 [DEBUG] [sun.rmi.transport.tcp] RMI TCP Connection(3)-127.0.0.1: (port 63653) op = 80
2024-10-01T11:45:43.205-0400 [DEBUG] [sun.rmi.loader] RMI TCP Connection(3)-127.0.0.1: name = "[Ljava.rmi.server.ObjID;", codebase = "", defaultLoader = jdk.internal.loader.ClassLoaders$PlatformClassLoader@4b80dbe7
2024-10-01T11:45:43.205-0400 [DEBUG] [sun.rmi.loader] RMI TCP Connection(3)-127.0.0.1: name = "java.rmi.dgc.Lease", codebase = "", defaultLoader = jdk.internal.loader.ClassLoaders$PlatformClassLoader@4b80dbe7
2024-10-01T11:45:43.206-0400 [DEBUG] [sun.rmi.loader] RMI TCP Connection(3)-127.0.0.1: name = "java.rmi.dgc.VMID", codebase = "", defaultLoader = jdk.internal.loader.ClassLoaders$PlatformClassLoader@4b80dbe7
2024-10-01T11:45:43.206-0400 [DEBUG] [sun.rmi.loader] RMI TCP Connection(3)-127.0.0.1: name = "[B", codebase = "", defaultLoader = jdk.internal.loader.ClassLoaders$PlatformClassLoader@4b80dbe7
2024-10-01T11:45:43.206-0400 [DEBUG] [sun.rmi.loader] RMI TCP Connection(3)-127.0.0.1: name = "java.rmi.server.UID", codebase = "", defaultLoader = jdk.internal.loader.ClassLoaders$PlatformClassLoader@4b80dbe7
2024-10-01T11:45:43.829-0400 [DEBUG] [org.gradle.cache.internal.DefaultFileLockManager] Waiting to acquire shared lock on daemon addresses registry.
2024-10-01T11:45:43.829-0400 [DEBUG] [org.gradle.cache.internal.DefaultFileLockManager] Lock acquired on daemon addresses registry.
2024-10-01T11:45:43.830-0400 [DEBUG] [org.gradle.cache.internal.DefaultFileLockManager] Releasing lock on daemon addresses registry.
2024-10-01T11:45:43.832-0400 [DEBUG] [org.gradle.cache.internal.DefaultFileLockManager] Waiting to acquire shared lock on daemon addresses registry.
2024-10-01T11:45:43.832-0400 [DEBUG] [org.gradle.cache.internal.DefaultFileLockManager] Lock acquired on daemon addresses registry.
2024-10-01T11:45:43.833-0400 [DEBUG] [org.gradle.cache.internal.DefaultFileLockManager] Releasing lock on daemon addresses registry.
2024-10-01T11:45:43.834-0400 [DEBUG] [org.gradle.cache.internal.DefaultFileLockManager] Waiting to acquire shared lock on daemon addresses registry.
2024-10-01T11:45:43.834-0400 [DEBUG] [org.gradle.cache.internal.DefaultFileLockManager] Lock acquired on daemon addresses registry.
2024-10-01T11:45:43.835-0400 [DEBUG] [org.gradle.cache.internal.DefaultFileLockManager] Releasing lock on daemon addresses registry.
2024-10-01T11:45:46.322-0400 [DEBUG] [org.gradle.process.internal.health.memory.DefaultMemoryManager] 1684925644 physical memory requested, 1280872448 free
2024-10-01T11:45:46.322-0400 [DEBUG] [org.gradle.workers.internal.WorkerDaemonExpiration] Will attempt to release 1606 of memory
2024-10-01T11:45:46.322-0400 [DEBUG] [org.gradle.process.internal.health.memory.DefaultMemoryManager] 1684925644 physical memory requested, 0 released, 1280872448 free
2024-10-01T11:45:51.323-0400 [DEBUG] [org.gradle.process.internal.health.memory.DefaultMemoryManager] 1684925644 physical memory requested, 1283076096 free
2024-10-01T11:45:51.323-0400 [DEBUG] [org.gradle.workers.internal.WorkerDaemonExpiration] Will attempt to release 1606 of memory
2024-10-01T11:45:51.323-0400 [DEBUG] [org.gradle.process.internal.health.memory.DefaultMemoryManager] 1684925644 physical memory requested, 0 released, 1283076096 free
2024-10-01T11:45:53.830-0400 [DEBUG] [org.gradle.cache.internal.DefaultFileLockManager] Waiting to acquire shared lock on daemon addresses registry.
2024-10-01T11:45:53.830-0400 [DEBUG] [org.gradle.cache.internal.DefaultFileLockManager] Lock acquired on daemon addresses registry.
2024-10-01T11:45:53.831-0400 [DEBUG] [org.gradle.cache.internal.DefaultFileLockManager] Releasing lock on daemon addresses registry.
2024-10-01T11:45:53.832-0400 [DEBUG] [org.gradle.cache.internal.DefaultFileLockManager] Waiting to acquire shared lock on daemon addresses registry.
2024-10-01T11:45:53.833-0400 [DEBUG] [org.gradle.cache.internal.DefaultFileLockManager] Lock acquired on daemon addresses registry.
2024-10-01T11:45:53.833-0400 [DEBUG] [org.gradle.cache.internal.DefaultFileLockManager] Releasing lock on daemon addresses registry.
2024-10-01T11:45:53.835-0400 [DEBUG] [org.gradle.cache.internal.DefaultFileLockManager] Waiting to acquire shared lock on daemon addresses registry.
2024-10-01T11:45:53.835-0400 [DEBUG] [org.gradle.cache.internal.DefaultFileLockManager] Lock acquired on daemon addresses registry.
2024-10-01T11:45:53.835-0400 [DEBUG] [org.gradle.cache.internal.DefaultFileLockManager] Releasing lock on daemon addresses registry.
2024-10-01T11:45:56.318-0400 [DEBUG] [org.gradle.process.internal.health.memory.DefaultMemoryManager] 1684925644 physical memory requested, 1244860416 free
2024-10-01T11:45:56.318-0400 [DEBUG] [org.gradle.workers.internal.WorkerDaemonExpiration] Will attempt to release 1606 of memory
2024-10-01T11:45:56.318-0400 [DEBUG] [org.gradle.process.internal.health.memory.DefaultMemoryManager] 1684925644 physical memory requested, 0 released, 1244860416 free
2024-10-01T11:45:58.208-0400 [DEBUG] [sun.rmi.transport.tcp] RMI TCP Connection(3)-127.0.0.1: (port 63653) connection closed
2024-10-01T11:45:58.209-0400 [DEBUG] [sun.rmi.transport.tcp] RMI TCP Connection(3)-127.0.0.1: close connection, socket: Socket[addr=/127.0.0.1,port=63991,localport=63653]
2024-10-01T11:45:58.209-0400 [DEBUG] [sun.rmi.transport.tcp] RMI TCP Connection(3)-127.0.0.1: socket close: Socket[addr=/127.0.0.1,port=63991,localport=63653]
2024-10-01T11:46:01.322-0400 [DEBUG] [org.gradle.process.internal.health.memory.DefaultMemoryManager] 1684925644 physical memory requested, 1263910912 free
2024-10-01T11:46:01.322-0400 [DEBUG] [org.gradle.workers.internal.WorkerDaemonExpiration] Will attempt to release 1606 of memory
2024-10-01T11:46:01.322-0400 [DEBUG] [org.gradle.process.internal.health.memory.DefaultMemoryManager] 1684925644 physical memory requested, 0 released, 1263910912 free
2024-10-01T11:46:03.828-0400 [DEBUG] [org.gradle.cache.internal.DefaultFileLockManager] Waiting to acquire shared lock on daemon addresses registry.
2024-10-01T11:46:03.829-0400 [DEBUG] [org.gradle.cache.internal.DefaultFileLockManager] Lock acquired on daemon addresses registry.
2024-10-01T11:46:03.829-0400 [DEBUG] [org.gradle.cache.internal.DefaultFileLockManager] Releasing lock on daemon addresses registry.
2024-10-01T11:46:03.831-0400 [DEBUG] [org.gradle.cache.internal.DefaultFileLockManager] Waiting to acquire shared lock on daemon addresses registry.
2024-10-01T11:46:03.831-0400 [DEBUG] [org.gradle.cache.internal.DefaultFileLockManager] Lock acquired on daemon addresses registry.
2024-10-01T11:46:03.832-0400 [DEBUG] [org.gradle.cache.internal.DefaultFileLockManager] Releasing lock on daemon addresses registry.
2024-10-01T11:46:03.833-0400 [DEBUG] [org.gradle.cache.internal.DefaultFileLockManager] Waiting to acquire shared lock on daemon addresses registry.
2024-10-01T11:46:03.834-0400 [DEBUG] [org.gradle.cache.internal.DefaultFileLockManager] Lock acquired on daemon addresses registry.
2024-10-01T11:46:03.834-0400 [DEBUG] [org.gradle.cache.internal.DefaultFileLockManager] Releasing lock on daemon addresses registry.
2024-10-01T11:46:06.323-0400 [DEBUG] [org.gradle.process.internal.health.memory.DefaultMemoryManager] 1684925644 physical memory requested, 1266044928 free
2024-10-01T11:46:06.323-0400 [DEBUG] [org.gradle.workers.internal.WorkerDaemonExpiration] Will attempt to release 1606 of memory
2024-10-01T11:46:06.323-0400 [DEBUG] [org.gradle.process.internal.health.memory.DefaultMemoryManager] 1684925644 physical memory requested, 0 released, 1266044928 free
2024-10-01T11:46:11.325-0400 [DEBUG] [org.gradle.process.internal.health.memory.DefaultMemoryManager] 1684925644 physical memory requested, 1277677568 free
2024-10-01T11:46:11.325-0400 [DEBUG] [org.gradle.workers.internal.WorkerDaemonExpiration] Will attempt to release 1606 of memory
2024-10-01T11:46:11.325-0400 [DEBUG] [org.gradle.process.internal.health.memory.DefaultMemoryManager] 1684925644 physical memory requested, 0 released, 1277677568 free
2024-10-01T11:46:13.829-0400 [DEBUG] [org.gradle.cache.internal.DefaultFileLockManager] Waiting to acquire shared lock on daemon addresses registry.
2024-10-01T11:46:13.829-0400 [DEBUG] [org.gradle.cache.internal.DefaultFileLockManager] Lock acquired on daemon addresses registry.
2024-10-01T11:46:13.830-0400 [DEBUG] [org.gradle.cache.internal.DefaultFileLockManager] Releasing lock on daemon addresses registry.
2024-10-01T11:46:13.831-0400 [DEBUG] [org.gradle.cache.internal.DefaultFileLockManager] Waiting to acquire shared lock on daemon addresses registry.
2024-10-01T11:46:13.832-0400 [DEBUG] [org.gradle.cache.internal.DefaultFileLockManager] Lock acquired on daemon addresses registry.
2024-10-01T11:46:13.832-0400 [DEBUG] [org.gradle.cache.internal.DefaultFileLockManager] Releasing lock on daemon addresses registry.
2024-10-01T11:46:13.833-0400 [DEBUG] [org.gradle.cache.internal.DefaultFileLockManager] Waiting to acquire shared lock on daemon addresses registry.
2024-10-01T11:46:13.833-0400 [DEBUG] [org.gradle.cache.internal.DefaultFileLockManager] Lock acquired on daemon addresses registry.
2024-10-01T11:46:13.833-0400 [DEBUG] [org.gradle.cache.internal.DefaultFileLockManager] Releasing lock on daemon addresses registry.
2024-10-01T11:46:16.325-0400 [DEBUG] [org.gradle.process.internal.health.memory.DefaultMemoryManager] 1684925644 physical memory requested, 1265893376 free
2024-10-01T11:46:16.325-0400 [DEBUG] [org.gradle.workers.internal.WorkerDaemonExpiration] Will attempt to release 1606 of memory
2024-10-01T11:46:16.325-0400 [DEBUG] [org.gradle.process.internal.health.memory.DefaultMemoryManager] 1684925644 physical memory requested, 0 released, 1265893376 free
2024-10-01T11:46:21.322-0400 [DEBUG] [org.gradle.process.internal.health.memory.DefaultMemoryManager] 1684925644 physical memory requested, 1281740800 free
2024-10-01T11:46:21.322-0400 [DEBUG] [org.gradle.workers.internal.WorkerDaemonExpiration] Will attempt to release 1606 of memory
2024-10-01T11:46:21.322-0400 [DEBUG] [org.gradle.process.internal.health.memory.DefaultMemoryManager] 1684925644 physical memory requested, 0 released, 1281740800 free
2024-10-01T11:46:23.830-0400 [DEBUG] [org.gradle.cache.internal.DefaultFileLockManager] Waiting to acquire shared lock on daemon addresses registry.
2024-10-01T11:46:23.830-0400 [DEBUG] [org.gradle.cache.internal.DefaultFileLockManager] Lock acquired on daemon addresses registry.
2024-10-01T11:46:23.830-0400 [DEBUG] [org.gradle.cache.internal.DefaultFileLockManager] Releasing lock on daemon addresses registry.
2024-10-01T11:46:23.831-0400 [DEBUG] [org.gradle.cache.internal.DefaultFileLockManager] Waiting to acquire shared lock on daemon addresses registry.
2024-10-01T11:46:23.831-0400 [DEBUG] [org.gradle.cache.internal.DefaultFileLockManager] Lock acquired on daemon addresses registry.
2024-10-01T11:46:23.831-0400 [DEBUG] [org.gradle.cache.internal.DefaultFileLockManager] Releasing lock on daemon addresses registry.
2024-10-01T11:46:23.832-0400 [DEBUG] [org.gradle.cache.internal.DefaultFileLockManager] Waiting to acquire shared lock on daemon addresses registry.
2024-10-01T11:46:23.832-0400 [DEBUG] [org.gradle.cache.internal.DefaultFileLockManager] Lock acquired on daemon addresses registry.
2024-10-01T11:46:23.832-0400 [DEBUG] [org.gradle.cache.internal.DefaultFileLockManager] Releasing lock on daemon addresses registry.
2024-10-01T11:46:26.321-0400 [DEBUG] [org.gradle.process.internal.health.memory.DefaultMemoryManager] 1684925644 physical memory requested, 1296564224 free
2024-10-01T11:46:26.322-0400 [DEBUG] [org.gradle.workers.internal.WorkerDaemonExpiration] Will attempt to release 1606 of memory
2024-10-01T11:46:26.322-0400 [DEBUG] [org.gradle.process.internal.health.memory.DefaultMemoryManager] 1684925644 physical memory requested, 0 released, 1296564224 free
2024-10-01T11:46:31.321-0400 [DEBUG] [org.gradle.process.internal.health.memory.DefaultMemoryManager] 1684925644 physical memory requested, 1294168064 free
2024-10-01T11:46:31.321-0400 [DEBUG] [org.gradle.workers.internal.WorkerDaemonExpiration] Will attempt to release 1606 of memory
2024-10-01T11:46:31.322-0400 [DEBUG] [org.gradle.process.internal.health.memory.DefaultMemoryManager] 1684925644 physical memory requested, 0 released, 1294168064 free
2024-10-01T11:46:33.829-0400 [DEBUG] [org.gradle.cache.internal.DefaultFileLockManager] Waiting to acquire shared lock on daemon addresses registry.
2024-10-01T11:46:33.829-0400 [DEBUG] [org.gradle.cache.internal.DefaultFileLockManager] Lock acquired on daemon addresses registry.
2024-10-01T11:46:33.830-0400 [DEBUG] [org.gradle.cache.internal.DefaultFileLockManager] Releasing lock on daemon addresses registry.
2024-10-01T11:46:33.832-0400 [DEBUG] [org.gradle.cache.internal.DefaultFileLockManager] Waiting to acquire shared lock on daemon addresses registry.
2024-10-01T11:46:33.832-0400 [DEBUG] [org.gradle.cache.internal.DefaultFileLockManager] Lock acquired on daemon addresses registry.
2024-10-01T11:46:33.832-0400 [DEBUG] [org.gradle.cache.internal.DefaultFileLockManager] Releasing lock on daemon addresses registry.
2024-10-01T11:46:33.834-0400 [DEBUG] [org.gradle.cache.internal.DefaultFileLockManager] Waiting to acquire shared lock on daemon addresses registry.
2024-10-01T11:46:33.834-0400 [DEBUG] [org.gradle.cache.internal.DefaultFileLockManager] Lock acquired on daemon addresses registry.
2024-10-01T11:46:33.834-0400 [DEBUG] [org.gradle.cache.internal.DefaultFileLockManager] Releasing lock on daemon addresses registry.
2024-10-01T11:46:36.322-0400 [DEBUG] [org.gradle.process.internal.health.memory.DefaultMemoryManager] 1684925644 physical memory requested, 1278812160 free
2024-10-01T11:46:36.322-0400 [DEBUG] [org.gradle.workers.internal.WorkerDaemonExpiration] Will attempt to release 1606 of memory
2024-10-01T11:46:36.322-0400 [DEBUG] [org.gradle.process.internal.health.memory.DefaultMemoryManager] 1684925644 physical memory requested, 0 released, 1278812160 free
2024-10-01T11:46:41.322-0400 [DEBUG] [org.gradle.process.internal.health.memory.DefaultMemoryManager] 1684925644 physical memory requested, 1286389760 free
2024-10-01T11:46:41.322-0400 [DEBUG] [org.gradle.workers.internal.WorkerDaemonExpiration] Will attempt to release 1606 of memory
2024-10-01T11:46:41.323-0400 [DEBUG] [org.gradle.process.internal.health.memory.DefaultMemoryManager] 1684925644 physical memory requested, 0 released, 1286389760 free
2024-10-01T11:46:43.829-0400 [DEBUG] [org.gradle.cache.internal.DefaultFileLockManager] Waiting to acquire shared lock on daemon addresses registry.
2024-10-01T11:46:43.830-0400 [DEBUG] [org.gradle.cache.internal.DefaultFileLockManager] Lock acquired on daemon addresses registry.
2024-10-01T11:46:43.830-0400 [DEBUG] [org.gradle.cache.internal.DefaultFileLockManager] Releasing lock on daemon addresses registry.
2024-10-01T11:46:43.832-0400 [DEBUG] [org.gradle.cache.internal.DefaultFileLockManager] Waiting to acquire shared lock on daemon addresses registry.
2024-10-01T11:46:43.832-0400 [DEBUG] [org.gradle.cache.internal.DefaultFileLockManager] Lock acquired on daemon addresses registry.
2024-10-01T11:46:43.833-0400 [DEBUG] [org.gradle.cache.internal.DefaultFileLockManager] Releasing lock on daemon addresses registry.
2024-10-01T11:46:43.834-0400 [DEBUG] [org.gradle.cache.internal.DefaultFileLockManager] Waiting to acquire shared lock on daemon addresses registry.
2024-10-01T11:46:43.835-0400 [DEBUG] [org.gradle.cache.internal.DefaultFileLockManager] Lock acquired on daemon addresses registry.
2024-10-01T11:46:43.835-0400 [DEBUG] [org.gradle.cache.internal.DefaultFileLockManager] Releasing lock on daemon addresses registry.
2024-10-01T11:46:46.323-0400 [DEBUG] [org.gradle.process.internal.health.memory.DefaultMemoryManager] 1684925644 physical memory requested, 1280454656 free
2024-10-01T11:46:46.323-0400 [DEBUG] [org.gradle.workers.internal.WorkerDaemonExpiration] Will attempt to release 1606 of memory
2024-10-01T11:46:46.323-0400 [DEBUG] [org.gradle.process.internal.health.memory.DefaultMemoryManager] 1684925644 physical memory requested, 0 released, 1280454656 free
2024-10-01T11:46:51.322-0400 [DEBUG] [org.gradle.process.internal.health.memory.DefaultMemoryManager] 1684925644 physical memory requested, 1219596288 free
2024-10-01T11:46:51.323-0400 [DEBUG] [org.gradle.workers.internal.WorkerDaemonExpiration] Will attempt to release 1606 of memory
2024-10-01T11:46:51.323-0400 [DEBUG] [org.gradle.process.internal.health.memory.DefaultMemoryManager] 1684925644 physical memory requested, 0 released, 1219596288 free
2024-10-01T11:46:53.828-0400 [DEBUG] [org.gradle.cache.internal.DefaultFileLockManager] Waiting to acquire shared lock on daemon addresses registry.
2024-10-01T11:46:53.829-0400 [DEBUG] [org.gradle.cache.internal.DefaultFileLockManager] Lock acquired on daemon addresses registry.
2024-10-01T11:46:53.829-0400 [DEBUG] [org.gradle.cache.internal.DefaultFileLockManager] Releasing lock on daemon addresses registry.
2024-10-01T11:46:53.831-0400 [DEBUG] [org.gradle.cache.internal.DefaultFileLockManager] Waiting to acquire shared lock on daemon addresses registry.
2024-10-01T11:46:53.831-0400 [DEBUG] [org.gradle.cache.internal.DefaultFileLockManager] Lock acquired on daemon addresses registry.
2024-10-01T11:46:53.832-0400 [DEBUG] [org.gradle.cache.internal.DefaultFileLockManager] Releasing lock on daemon addresses registry.
2024-10-01T11:46:53.833-0400 [DEBUG] [org.gradle.cache.internal.DefaultFileLockManager] Waiting to acquire shared lock on daemon addresses registry.
2024-10-01T11:46:53.833-0400 [DEBUG] [org.gradle.cache.internal.DefaultFileLockManager] Lock acquired on daemon addresses registry.
2024-10-01T11:46:53.833-0400 [DEBUG] [org.gradle.cache.internal.DefaultFileLockManager] Releasing lock on daemon addresses registry.
2024-10-01T11:46:56.320-0400 [DEBUG] [org.gradle.process.internal.health.memory.DefaultMemoryManager] 1684925644 physical memory requested, 1216049152 free
2024-10-01T11:46:56.320-0400 [DEBUG] [org.gradle.workers.internal.WorkerDaemonExpiration] Will attempt to release 1606 of memory
2024-10-01T11:46:56.320-0400 [DEBUG] [org.gradle.process.internal.health.memory.DefaultMemoryManager] 1684925644 physical memory requested, 0 released, 1216049152 free
2024-10-01T11:47:01.325-0400 [DEBUG] [org.gradle.process.internal.health.memory.DefaultMemoryManager] 1684925644 physical memory requested, 1202794496 free
2024-10-01T11:47:01.325-0400 [DEBUG] [org.gradle.workers.internal.WorkerDaemonExpiration] Will attempt to release 1606 of memory
2024-10-01T11:47:01.325-0400 [DEBUG] [org.gradle.process.internal.health.memory.DefaultMemoryManager] 1684925644 physical memory requested, 0 released, 1202794496 free
2024-10-01T11:47:03.830-0400 [DEBUG] [org.gradle.cache.internal.DefaultFileLockManager] Waiting to acquire shared lock on daemon addresses registry.
2024-10-01T11:47:03.830-0400 [DEBUG] [org.gradle.cache.internal.DefaultFileLockManager] Lock acquired on daemon addresses registry.
2024-10-01T11:47:03.831-0400 [DEBUG] [org.gradle.cache.internal.DefaultFileLockManager] Releasing lock on daemon addresses registry.
2024-10-01T11:47:03.833-0400 [DEBUG] [org.gradle.cache.internal.DefaultFileLockManager] Waiting to acquire shared lock on daemon addresses registry.
2024-10-01T11:47:03.833-0400 [DEBUG] [org.gradle.cache.internal.DefaultFileLockManager] Lock acquired on daemon addresses registry.
2024-10-01T11:47:03.834-0400 [DEBUG] [org.gradle.cache.internal.DefaultFileLockManager] Releasing lock on daemon addresses registry.
2024-10-01T11:47:03.835-0400 [DEBUG] [org.gradle.cache.internal.DefaultFileLockManager] Waiting to acquire shared lock on daemon addresses registry.
2024-10-01T11:47:03.835-0400 [DEBUG] [org.gradle.cache.internal.DefaultFileLockManager] Lock acquired on daemon addresses registry.
2024-10-01T11:47:03.836-0400 [DEBUG] [org.gradle.cache.internal.DefaultFileLockManager] Releasing lock on daemon addresses registry.
2024-10-01T11:47:06.324-0400 [DEBUG] [org.gradle.process.internal.health.memory.DefaultMemoryManager] 1684925644 physical memory requested, 1201102848 free
2024-10-01T11:47:06.324-0400 [DEBUG] [org.gradle.workers.internal.WorkerDaemonExpiration] Will attempt to release 1606 of memory
2024-10-01T11:47:06.324-0400 [DEBUG] [org.gradle.process.internal.health.memory.DefaultMemoryManager] 1684925644 physical memory requested, 0 released, 1201102848 free
2024-10-01T11:47:11.321-0400 [DEBUG] [org.gradle.process.internal.health.memory.DefaultMemoryManager] 1684925644 physical memory requested, 1174716416 free
2024-10-01T11:47:11.321-0400 [DEBUG] [org.gradle.workers.internal.WorkerDaemonExpiration] Will attempt to release 1606 of memory
2024-10-01T11:47:11.321-0400 [DEBUG] [org.gradle.process.internal.health.memory.DefaultMemoryManager] 1684925644 physical memory requested, 0 released, 1174716416 free
2024-10-01T11:47:13.828-0400 [DEBUG] [org.gradle.cache.internal.DefaultFileLockManager] Waiting to acquire shared lock on daemon addresses registry.
2024-10-01T11:47:13.828-0400 [DEBUG] [org.gradle.cache.internal.DefaultFileLockManager] Lock acquired on daemon addresses registry.
2024-10-01T11:47:13.828-0400 [DEBUG] [org.gradle.cache.internal.DefaultFileLockManager] Releasing lock on daemon addresses registry.
2024-10-01T11:47:13.829-0400 [DEBUG] [org.gradle.cache.internal.DefaultFileLockManager] Waiting to acquire shared lock on daemon addresses registry.
2024-10-01T11:47:13.829-0400 [DEBUG] [org.gradle.cache.internal.DefaultFileLockManager] Lock acquired on daemon addresses registry.
2024-10-01T11:47:13.829-0400 [DEBUG] [org.gradle.cache.internal.DefaultFileLockManager] Releasing lock on daemon addresses registry.
2024-10-01T11:47:13.829-0400 [DEBUG] [org.gradle.cache.internal.DefaultFileLockManager] Waiting to acquire shared lock on daemon addresses registry.
2024-10-01T11:47:13.829-0400 [DEBUG] [org.gradle.cache.internal.DefaultFileLockManager] Lock acquired on daemon addresses registry.
2024-10-01T11:47:13.830-0400 [DEBUG] [org.gradle.cache.internal.DefaultFileLockManager] Releasing lock on daemon addresses registry.
2024-10-01T11:47:16.322-0400 [DEBUG] [org.gradle.process.internal.health.memory.DefaultMemoryManager] 1684925644 physical memory requested, 1078190080 free
2024-10-01T11:47:16.322-0400 [DEBUG] [org.gradle.workers.internal.WorkerDaemonExpiration] Will attempt to release 1606 of memory
2024-10-01T11:47:16.322-0400 [DEBUG] [org.gradle.process.internal.health.memory.DefaultMemoryManager] 1684925644 physical memory requested, 0 released, 1078190080 free
2024-10-01T11:47:21.322-0400 [DEBUG] [org.gradle.process.internal.health.memory.DefaultMemoryManager] 1684925644 physical memory requested, 1107873792 free
2024-10-01T11:47:21.322-0400 [DEBUG] [org.gradle.workers.internal.WorkerDaemonExpiration] Will attempt to release 1606 of memory
2024-10-01T11:47:21.322-0400 [DEBUG] [org.gradle.process.internal.health.memory.DefaultMemoryManager] 1684925644 physical memory requested, 0 released, 1107873792 free
2024-10-01T11:47:23.829-0400 [DEBUG] [org.gradle.cache.internal.DefaultFileLockManager] Waiting to acquire shared lock on daemon addresses registry.
2024-10-01T11:47:23.829-0400 [DEBUG] [org.gradle.cache.internal.DefaultFileLockManager] Lock acquired on daemon addresses registry.
2024-10-01T11:47:23.830-0400 [DEBUG] [org.gradle.cache.internal.DefaultFileLockManager] Releasing lock on daemon addresses registry.
2024-10-01T11:47:23.832-0400 [DEBUG] [org.gradle.cache.internal.DefaultFileLockManager] Waiting to acquire shared lock on daemon addresses registry.
2024-10-01T11:47:23.832-0400 [DEBUG] [org.gradle.cache.internal.DefaultFileLockManager] Lock acquired on daemon addresses registry.
2024-10-01T11:47:23.833-0400 [DEBUG] [org.gradle.cache.internal.DefaultFileLockManager] Releasing lock on daemon addresses registry.
2024-10-01T11:47:23.834-0400 [DEBUG] [org.gradle.cache.internal.DefaultFileLockManager] Waiting to acquire shared lock on daemon addresses registry.
2024-10-01T11:47:23.835-0400 [DEBUG] [org.gradle.cache.internal.DefaultFileLockManager] Lock acquired on daemon addresses registry.
2024-10-01T11:47:23.835-0400 [DEBUG] [org.gradle.cache.internal.DefaultFileLockManager] Releasing lock on daemon addresses registry.
2024-10-01T11:47:26.322-0400 [DEBUG] [org.gradle.process.internal.health.memory.DefaultMemoryManager] 1684925644 physical memory requested, 1088720896 free
2024-10-01T11:47:26.322-0400 [DEBUG] [org.gradle.workers.internal.WorkerDaemonExpiration] Will attempt to release 1606 of memory
2024-10-01T11:47:26.322-0400 [DEBUG] [org.gradle.process.internal.health.memory.DefaultMemoryManager] 1684925644 physical memory requested, 0 released, 1088720896 free
2024-10-01T11:47:31.322-0400 [DEBUG] [org.gradle.process.internal.health.memory.DefaultMemoryManager] 1684925644 physical memory requested, 1087291392 free
2024-10-01T11:47:31.322-0400 [DEBUG] [org.gradle.workers.internal.WorkerDaemonExpiration] Will attempt to release 1606 of memory
2024-10-01T11:47:31.322-0400 [DEBUG] [org.gradle.process.internal.health.memory.DefaultMemoryManager] 1684925644 physical memory requested, 0 released, 1087291392 free
2024-10-01T11:47:33.829-0400 [DEBUG] [org.gradle.cache.internal.DefaultFileLockManager] Waiting to acquire shared lock on daemon addresses registry.
2024-10-01T11:47:33.829-0400 [DEBUG] [org.gradle.cache.internal.DefaultFileLockManager] Lock acquired on daemon addresses registry.
2024-10-01T11:47:33.830-0400 [DEBUG] [org.gradle.cache.internal.DefaultFileLockManager] Releasing lock on daemon addresses registry.
2024-10-01T11:47:33.834-0400 [DEBUG] [org.gradle.cache.internal.DefaultFileLockManager] Waiting to acquire shared lock on daemon addresses registry.
2024-10-01T11:47:33.835-0400 [DEBUG] [org.gradle.cache.internal.DefaultFileLockManager] Lock acquired on daemon addresses registry.
2024-10-01T11:47:33.836-0400 [DEBUG] [org.gradle.cache.internal.DefaultFileLockManager] Releasing lock on daemon addresses registry.
2024-10-01T11:47:33.839-0400 [DEBUG] [org.gradle.cache.internal.DefaultFileLockManager] Waiting to acquire shared lock on daemon addresses registry.
2024-10-01T11:47:33.839-0400 [DEBUG] [org.gradle.cache.internal.DefaultFileLockManager] Lock acquired on daemon addresses registry.
2024-10-01T11:47:33.840-0400 [DEBUG] [org.gradle.cache.internal.DefaultFileLockManager] Releasing lock on daemon addresses registry.
2024-10-01T11:47:36.323-0400 [DEBUG] [org.gradle.process.internal.health.memory.DefaultMemoryManager] 1684925644 physical memory requested, 941461504 free
2024-10-01T11:47:36.323-0400 [DEBUG] [org.gradle.workers.internal.WorkerDaemonExpiration] Will attempt to release 1606 of memory
2024-10-01T11:47:36.323-0400 [DEBUG] [org.gradle.process.internal.health.memory.DefaultMemoryManager] 1684925644 physical memory requested, 0 released, 941461504 free
2024-10-01T11:47:41.321-0400 [DEBUG] [org.gradle.process.internal.health.memory.DefaultMemoryManager] 1684925644 physical memory requested, 947437568 free
2024-10-01T11:47:41.321-0400 [DEBUG] [org.gradle.workers.internal.WorkerDaemonExpiration] Will attempt to release 1606 of memory
2024-10-01T11:47:41.321-0400 [DEBUG] [org.gradle.process.internal.health.memory.DefaultMemoryManager] 1684925644 physical memory requested, 0 released, 947437568 free
2024-10-01T11:47:43.830-0400 [DEBUG] [org.gradle.cache.internal.DefaultFileLockManager] Waiting to acquire shared lock on daemon addresses registry.
2024-10-01T11:47:43.830-0400 [DEBUG] [org.gradle.cache.internal.DefaultFileLockManager] Lock acquired on daemon addresses registry.
2024-10-01T11:47:43.831-0400 [DEBUG] [org.gradle.cache.internal.DefaultFileLockManager] Releasing lock on daemon addresses registry.
2024-10-01T11:47:43.833-0400 [DEBUG] [org.gradle.cache.internal.DefaultFileLockManager] Waiting to acquire shared lock on daemon addresses registry.
2024-10-01T11:47:43.834-0400 [DEBUG] [org.gradle.cache.internal.DefaultFileLockManager] Lock acquired on daemon addresses registry.
2024-10-01T11:47:43.834-0400 [DEBUG] [org.gradle.cache.internal.DefaultFileLockManager] Releasing lock on daemon addresses registry.
2024-10-01T11:47:43.836-0400 [DEBUG] [org.gradle.cache.internal.DefaultFileLockManager] Waiting to acquire shared lock on daemon addresses registry.
2024-10-01T11:47:43.836-0400 [DEBUG] [org.gradle.cache.internal.DefaultFileLockManager] Lock acquired on daemon addresses registry.
2024-10-01T11:47:43.837-0400 [DEBUG] [org.gradle.cache.internal.DefaultFileLockManager] Releasing lock on daemon addresses registry.
2024-10-01T11:47:46.324-0400 [DEBUG] [org.gradle.process.internal.health.memory.DefaultMemoryManager] 1684925644 physical memory requested, 979947520 free
2024-10-01T11:47:46.324-0400 [DEBUG] [org.gradle.workers.internal.WorkerDaemonExpiration] Will attempt to release 1606 of memory
2024-10-01T11:47:46.324-0400 [DEBUG] [org.gradle.process.internal.health.memory.DefaultMemoryManager] 1684925644 physical memory requested, 0 released, 979947520 free
2024-10-01T11:47:51.324-0400 [DEBUG] [org.gradle.process.internal.health.memory.DefaultMemoryManager] 1684925644 physical memory requested, 955936768 free
2024-10-01T11:47:51.324-0400 [DEBUG] [org.gradle.workers.internal.WorkerDaemonExpiration] Will attempt to release 1606 of memory
2024-10-01T11:47:51.325-0400 [DEBUG] [org.gradle.process.internal.health.memory.DefaultMemoryManager] 1684925644 physical memory requested, 0 released, 955936768 free
2024-10-01T11:47:53.830-0400 [DEBUG] [org.gradle.cache.internal.DefaultFileLockManager] Waiting to acquire shared lock on daemon addresses registry.
2024-10-01T11:47:53.830-0400 [DEBUG] [org.gradle.cache.internal.DefaultFileLockManager] Lock acquired on daemon addresses registry.
2024-10-01T11:47:53.831-0400 [DEBUG] [org.gradle.cache.internal.DefaultFileLockManager] Releasing lock on daemon addresses registry.
2024-10-01T11:47:53.833-0400 [DEBUG] [org.gradle.cache.internal.DefaultFileLockManager] Waiting to acquire shared lock on daemon addresses registry.
2024-10-01T11:47:53.833-0400 [DEBUG] [org.gradle.cache.internal.DefaultFileLockManager] Lock acquired on daemon addresses registry.
2024-10-01T11:47:53.834-0400 [DEBUG] [org.gradle.cache.internal.DefaultFileLockManager] Releasing lock on daemon addresses registry.
2024-10-01T11:47:53.836-0400 [DEBUG] [org.gradle.cache.internal.DefaultFileLockManager] Waiting to acquire shared lock on daemon addresses registry.
2024-10-01T11:47:53.836-0400 [DEBUG] [org.gradle.cache.internal.DefaultFileLockManager] Lock acquired on daemon addresses registry.
2024-10-01T11:47:53.837-0400 [DEBUG] [org.gradle.cache.internal.DefaultFileLockManager] Releasing lock on daemon addresses registry.
2024-10-01T11:47:56.321-0400 [DEBUG] [org.gradle.process.internal.health.memory.DefaultMemoryManager] 1684925644 physical memory requested, 786493440 free
2024-10-01T11:47:56.321-0400 [DEBUG] [org.gradle.workers.internal.WorkerDaemonExpiration] Will attempt to release 1606 of memory
2024-10-01T11:47:56.321-0400 [DEBUG] [org.gradle.process.internal.health.memory.DefaultMemoryManager] 1684925644 physical memory requested, 0 released, 786493440 free
2024-10-01T11:48:01.323-0400 [DEBUG] [org.gradle.process.internal.health.memory.DefaultMemoryManager] 1684925644 physical memory requested, 827691008 free
2024-10-01T11:48:01.323-0400 [DEBUG] [org.gradle.workers.internal.WorkerDaemonExpiration] Will attempt to release 1606 of memory
2024-10-01T11:48:01.323-0400 [DEBUG] [org.gradle.process.internal.health.memory.DefaultMemoryManager] 1684925644 physical memory requested, 0 released, 827691008 free
2024-10-01T11:48:03.830-0400 [DEBUG] [org.gradle.cache.internal.DefaultFileLockManager] Waiting to acquire shared lock on daemon addresses registry.
2024-10-01T11:48:03.830-0400 [DEBUG] [org.gradle.cache.internal.DefaultFileLockManager] Lock acquired on daemon addresses registry.
2024-10-01T11:48:03.830-0400 [DEBUG] [org.gradle.cache.internal.DefaultFileLockManager] Releasing lock on daemon addresses registry.
2024-10-01T11:48:03.832-0400 [DEBUG] [org.gradle.cache.internal.DefaultFileLockManager] Waiting to acquire shared lock on daemon addresses registry.
2024-10-01T11:48:03.833-0400 [DEBUG] [org.gradle.cache.internal.DefaultFileLockManager] Lock acquired on daemon addresses registry.
2024-10-01T11:48:03.833-0400 [DEBUG] [org.gradle.cache.internal.DefaultFileLockManager] Releasing lock on daemon addresses registry.
2024-10-01T11:48:03.835-0400 [DEBUG] [org.gradle.cache.internal.DefaultFileLockManager] Waiting to acquire shared lock on daemon addresses registry.
2024-10-01T11:48:03.835-0400 [DEBUG] [org.gradle.cache.internal.DefaultFileLockManager] Lock acquired on daemon addresses registry.
2024-10-01T11:48:03.836-0400 [DEBUG] [org.gradle.cache.internal.DefaultFileLockManager] Releasing lock on daemon addresses registry.
2024-10-01T11:48:06.319-0400 [DEBUG] [org.gradle.process.internal.health.memory.DefaultMemoryManager] 1684925644 physical memory requested, 910008320 free
2024-10-01T11:48:06.320-0400 [DEBUG] [org.gradle.workers.internal.WorkerDaemonExpiration] Will attempt to release 1606 of memory
2024-10-01T11:48:06.320-0400 [DEBUG] [org.gradle.process.internal.health.memory.DefaultMemoryManager] 1684925644 physical memory requested, 0 released, 910008320 free
2024-10-01T11:48:11.320-0400 [DEBUG] [org.gradle.process.internal.health.memory.DefaultMemoryManager] 1684925644 physical memory requested, 887291904 free
2024-10-01T11:48:11.320-0400 [DEBUG] [org.gradle.workers.internal.WorkerDaemonExpiration] Will attempt to release 1606 of memory
2024-10-01T11:48:11.320-0400 [DEBUG] [org.gradle.process.internal.health.memory.DefaultMemoryManager] 1684925644 physical memory requested, 0 released, 887291904 free
2024-10-01T11:48:13.832-0400 [DEBUG] [org.gradle.cache.internal.DefaultFileLockManager] Waiting to acquire shared lock on daemon addresses registry.
2024-10-01T11:48:13.832-0400 [DEBUG] [org.gradle.cache.internal.DefaultFileLockManager] Lock acquired on daemon addresses registry.
2024-10-01T11:48:13.832-0400 [DEBUG] [org.gradle.cache.internal.DefaultFileLockManager] Releasing lock on daemon addresses registry.
2024-10-01T11:48:13.835-0400 [DEBUG] [org.gradle.cache.internal.DefaultFileLockManager] Waiting to acquire shared lock on daemon addresses registry.
2024-10-01T11:48:13.835-0400 [DEBUG] [org.gradle.cache.internal.DefaultFileLockManager] Lock acquired on daemon addresses registry.
2024-10-01T11:48:13.835-0400 [DEBUG] [org.gradle.cache.internal.DefaultFileLockManager] Releasing lock on daemon addresses registry.
2024-10-01T11:48:13.837-0400 [DEBUG] [org.gradle.cache.internal.DefaultFileLockManager] Waiting to acquire shared lock on daemon addresses registry.
2024-10-01T11:48:13.837-0400 [DEBUG] [org.gradle.cache.internal.DefaultFileLockManager] Lock acquired on daemon addresses registry.
2024-10-01T11:48:13.838-0400 [DEBUG] [org.gradle.cache.internal.DefaultFileLockManager] Releasing lock on daemon addresses registry.
2024-10-01T11:48:16.322-0400 [DEBUG] [org.gradle.process.internal.health.memory.DefaultMemoryManager] 1684925644 physical memory requested, 974946304 free
2024-10-01T11:48:16.322-0400 [DEBUG] [org.gradle.workers.internal.WorkerDaemonExpiration] Will attempt to release 1606 of memory
2024-10-01T11:48:16.322-0400 [DEBUG] [org.gradle.process.internal.health.memory.DefaultMemoryManager] 1684925644 physical memory requested, 0 released, 974946304 free
2024-10-01T11:48:21.324-0400 [DEBUG] [org.gradle.process.internal.health.memory.DefaultMemoryManager] 1684925644 physical memory requested, 988991488 free
2024-10-01T11:48:21.324-0400 [DEBUG] [org.gradle.workers.internal.WorkerDaemonExpiration] Will attempt to release 1606 of memory
2024-10-01T11:48:21.324-0400 [DEBUG] [org.gradle.process.internal.health.memory.DefaultMemoryManager] 1684925644 physical memory requested, 0 released, 988991488 free
2024-10-01T11:48:23.828-0400 [DEBUG] [org.gradle.cache.internal.DefaultFileLockManager] Waiting to acquire shared lock on daemon addresses registry.
2024-10-01T11:48:23.828-0400 [DEBUG] [org.gradle.cache.internal.DefaultFileLockManager] Lock acquired on daemon addresses registry.
2024-10-01T11:48:23.829-0400 [DEBUG] [org.gradle.cache.internal.DefaultFileLockManager] Releasing lock on daemon addresses registry.
2024-10-01T11:48:23.830-0400 [DEBUG] [org.gradle.cache.internal.DefaultFileLockManager] Waiting to acquire shared lock on daemon addresses registry.
2024-10-01T11:48:23.830-0400 [DEBUG] [org.gradle.cache.internal.DefaultFileLockManager] Lock acquired on daemon addresses registry.
2024-10-01T11:48:23.830-0400 [DEBUG] [org.gradle.cache.internal.DefaultFileLockManager] Releasing lock on daemon addresses registry.
2024-10-01T11:48:23.831-0400 [DEBUG] [org.gradle.cache.internal.DefaultFileLockManager] Waiting to acquire shared lock on daemon addresses registry.
2024-10-01T11:48:23.831-0400 [DEBUG] [org.gradle.cache.internal.DefaultFileLockManager] Lock acquired on daemon addresses registry.
2024-10-01T11:48:23.831-0400 [DEBUG] [org.gradle.cache.internal.DefaultFileLockManager] Releasing lock on daemon addresses registry.
2024-10-01T11:48:26.320-0400 [DEBUG] [org.gradle.process.internal.health.memory.DefaultMemoryManager] 1684925644 physical memory requested, 975089664 free
2024-10-01T11:48:26.320-0400 [DEBUG] [org.gradle.workers.internal.WorkerDaemonExpiration] Will attempt to release 1606 of memory
2024-10-01T11:48:26.320-0400 [DEBUG] [org.gradle.process.internal.health.memory.DefaultMemoryManager] 1684925644 physical memory requested, 0 released, 975089664 free
2024-10-01T11:48:31.324-0400 [DEBUG] [org.gradle.process.internal.health.memory.DefaultMemoryManager] 1684925644 physical memory requested, 983191552 free
2024-10-01T11:48:31.325-0400 [DEBUG] [org.gradle.workers.internal.WorkerDaemonExpiration] Will attempt to release 1606 of memory
2024-10-01T11:48:31.325-0400 [DEBUG] [org.gradle.process.internal.health.memory.DefaultMemoryManager] 1684925644 physical memory requested, 0 released, 983191552 free
2024-10-01T11:48:33.829-0400 [DEBUG] [org.gradle.cache.internal.DefaultFileLockManager] Waiting to acquire shared lock on daemon addresses registry.
2024-10-01T11:48:33.830-0400 [DEBUG] [org.gradle.cache.internal.DefaultFileLockManager] Lock acquired on daemon addresses registry.
2024-10-01T11:48:33.830-0400 [DEBUG] [org.gradle.cache.internal.DefaultFileLockManager] Releasing lock on daemon addresses registry.
2024-10-01T11:48:33.831-0400 [DEBUG] [org.gradle.cache.internal.DefaultFileLockManager] Waiting to acquire shared lock on daemon addresses registry.
2024-10-01T11:48:33.832-0400 [DEBUG] [org.gradle.cache.internal.DefaultFileLockManager] Lock acquired on daemon addresses registry.
2024-10-01T11:48:33.832-0400 [DEBUG] [org.gradle.cache.internal.DefaultFileLockManager] Releasing lock on daemon addresses registry.
2024-10-01T11:48:33.833-0400 [DEBUG] [org.gradle.cache.internal.DefaultFileLockManager] Waiting to acquire shared lock on daemon addresses registry.
2024-10-01T11:48:33.833-0400 [DEBUG] [org.gradle.cache.internal.DefaultFileLockManager] Lock acquired on daemon addresses registry.
2024-10-01T11:48:33.833-0400 [DEBUG] [org.gradle.cache.internal.DefaultFileLockManager] Releasing lock on daemon addresses registry.
2024-10-01T11:48:36.320-0400 [DEBUG] [org.gradle.process.internal.health.memory.DefaultMemoryManager] 1684925644 physical memory requested, 993390592 free
2024-10-01T11:48:36.321-0400 [DEBUG] [org.gradle.workers.internal.WorkerDaemonExpiration] Will attempt to release 1606 of memory
2024-10-01T11:48:36.321-0400 [DEBUG] [org.gradle.process.internal.health.memory.DefaultMemoryManager] 1684925644 physical memory requested, 0 released, 993390592 free
2024-10-01T11:48:41.322-0400 [DEBUG] [org.gradle.process.internal.health.memory.DefaultMemoryManager] 1684925644 physical memory requested, 998989824 free
2024-10-01T11:48:41.323-0400 [DEBUG] [org.gradle.workers.internal.WorkerDaemonExpiration] Will attempt to release 1606 of memory
2024-10-01T11:48:41.323-0400 [DEBUG] [org.gradle.process.internal.health.memory.DefaultMemoryManager] 1684925644 physical memory requested, 0 released, 998989824 free
2024-10-01T11:48:43.829-0400 [DEBUG] [org.gradle.cache.internal.DefaultFileLockManager] Waiting to acquire shared lock on daemon addresses registry.
2024-10-01T11:48:43.829-0400 [DEBUG] [org.gradle.cache.internal.DefaultFileLockManager] Lock acquired on daemon addresses registry.
2024-10-01T11:48:43.829-0400 [DEBUG] [org.gradle.cache.internal.DefaultFileLockManager] Releasing lock on daemon addresses registry.
2024-10-01T11:48:43.832-0400 [DEBUG] [org.gradle.cache.internal.DefaultFileLockManager] Waiting to acquire shared lock on daemon addresses registry.
2024-10-01T11:48:43.832-0400 [DEBUG] [org.gradle.cache.internal.DefaultFileLockManager] Lock acquired on daemon addresses registry.
2024-10-01T11:48:43.832-0400 [DEBUG] [org.gradle.cache.internal.DefaultFileLockManager] Releasing lock on daemon addresses registry.
2024-10-01T11:48:43.834-0400 [DEBUG] [org.gradle.cache.internal.DefaultFileLockManager] Waiting to acquire shared lock on daemon addresses registry.
2024-10-01T11:48:43.834-0400 [DEBUG] [org.gradle.cache.internal.DefaultFileLockManager] Lock acquired on daemon addresses registry.
2024-10-01T11:48:43.834-0400 [DEBUG] [org.gradle.cache.internal.DefaultFileLockManager] Releasing lock on daemon addresses registry.
2024-10-01T11:48:46.324-0400 [DEBUG] [org.gradle.process.internal.health.memory.DefaultMemoryManager] 1684925644 physical memory requested, 1109135360 free
2024-10-01T11:48:46.324-0400 [DEBUG] [org.gradle.workers.internal.WorkerDaemonExpiration] Will attempt to release 1606 of memory
2024-10-01T11:48:46.324-0400 [DEBUG] [org.gradle.process.internal.health.memory.DefaultMemoryManager] 1684925644 physical memory requested, 0 released, 1109135360 free
2024-10-01T11:48:51.321-0400 [DEBUG] [org.gradle.process.internal.health.memory.DefaultMemoryManager] 1684925644 physical memory requested, 940244992 free
2024-10-01T11:48:51.321-0400 [DEBUG] [org.gradle.workers.internal.WorkerDaemonExpiration] Will attempt to release 1606 of memory
2024-10-01T11:48:51.321-0400 [DEBUG] [org.gradle.process.internal.health.memory.DefaultMemoryManager] 1684925644 physical memory requested, 0 released, 940244992 free
2024-10-01T11:48:53.830-0400 [DEBUG] [org.gradle.cache.internal.DefaultFileLockManager] Waiting to acquire shared lock on daemon addresses registry.
2024-10-01T11:48:53.830-0400 [DEBUG] [org.gradle.cache.internal.DefaultFileLockManager] Lock acquired on daemon addresses registry.
2024-10-01T11:48:53.831-0400 [DEBUG] [org.gradle.cache.internal.DefaultFileLockManager] Releasing lock on daemon addresses registry.
2024-10-01T11:48:53.834-0400 [DEBUG] [org.gradle.cache.internal.DefaultFileLockManager] Waiting to acquire shared lock on daemon addresses registry.
2024-10-01T11:48:53.835-0400 [DEBUG] [org.gradle.cache.internal.DefaultFileLockManager] Lock acquired on daemon addresses registry.
2024-10-01T11:48:53.835-0400 [DEBUG] [org.gradle.cache.internal.DefaultFileLockManager] Releasing lock on daemon addresses registry.
2024-10-01T11:48:53.837-0400 [DEBUG] [org.gradle.cache.internal.DefaultFileLockManager] Waiting to acquire shared lock on daemon addresses registry.
2024-10-01T11:48:53.838-0400 [DEBUG] [org.gradle.cache.internal.DefaultFileLockManager] Lock acquired on daemon addresses registry.
2024-10-01T11:48:53.838-0400 [DEBUG] [org.gradle.cache.internal.DefaultFileLockManager] Releasing lock on daemon addresses registry.
2024-10-01T11:48:56.323-0400 [DEBUG] [org.gradle.process.internal.health.memory.DefaultMemoryManager] 1684925644 physical memory requested, 940412928 free
2024-10-01T11:48:56.324-0400 [DEBUG] [org.gradle.workers.internal.WorkerDaemonExpiration] Will attempt to release 1606 of memory
2024-10-01T11:48:56.324-0400 [DEBUG] [org.gradle.process.internal.health.memory.DefaultMemoryManager] 1684925644 physical memory requested, 0 released, 940412928 free
2024-10-01T11:49:01.324-0400 [DEBUG] [org.gradle.process.internal.health.memory.DefaultMemoryManager] 1684925644 physical memory requested, 914722816 free
2024-10-01T11:49:01.325-0400 [DEBUG] [org.gradle.workers.internal.WorkerDaemonExpiration] Will attempt to release 1606 of memory
2024-10-01T11:49:01.325-0400 [DEBUG] [org.gradle.process.internal.health.memory.DefaultMemoryManager] 1684925644 physical memory requested, 0 released, 914722816 free
2024-10-01T11:49:03.830-0400 [DEBUG] [org.gradle.cache.internal.DefaultFileLockManager] Waiting to acquire shared lock on daemon addresses registry.
2024-10-01T11:49:03.831-0400 [DEBUG] [org.gradle.cache.internal.DefaultFileLockManager] Lock acquired on daemon addresses registry.
2024-10-01T11:49:03.831-0400 [DEBUG] [org.gradle.cache.internal.DefaultFileLockManager] Releasing lock on daemon addresses registry.
2024-10-01T11:49:03.834-0400 [DEBUG] [org.gradle.cache.internal.DefaultFileLockManager] Waiting to acquire shared lock on daemon addresses registry.
2024-10-01T11:49:03.834-0400 [DEBUG] [org.gradle.cache.internal.DefaultFileLockManager] Lock acquired on daemon addresses registry.
2024-10-01T11:49:03.834-0400 [DEBUG] [org.gradle.cache.internal.DefaultFileLockManager] Releasing lock on daemon addresses registry.
2024-10-01T11:49:03.836-0400 [DEBUG] [org.gradle.cache.internal.DefaultFileLockManager] Waiting to acquire shared lock on daemon addresses registry.
2024-10-01T11:49:03.836-0400 [DEBUG] [org.gradle.cache.internal.DefaultFileLockManager] Lock acquired on daemon addresses registry.
2024-10-01T11:49:03.836-0400 [DEBUG] [org.gradle.cache.internal.DefaultFileLockManager] Releasing lock on daemon addresses registry.
2024-10-01T11:49:06.327-0400 [DEBUG] [org.gradle.process.internal.health.memory.DefaultMemoryManager] 1684925644 physical memory requested, 896389120 free
2024-10-01T11:49:06.328-0400 [DEBUG] [org.gradle.workers.internal.WorkerDaemonExpiration] Will attempt to release 1606 of memory
2024-10-01T11:49:06.329-0400 [DEBUG] [org.gradle.process.internal.health.memory.DefaultMemoryManager] 1684925644 physical memory requested, 0 released, 896389120 free
2024-10-01T11:49:11.322-0400 [DEBUG] [org.gradle.process.internal.health.memory.DefaultMemoryManager] 1684925644 physical memory requested, 925347840 free
2024-10-01T11:49:11.322-0400 [DEBUG] [org.gradle.workers.internal.WorkerDaemonExpiration] Will attempt to release 1606 of memory
2024-10-01T11:49:11.322-0400 [DEBUG] [org.gradle.process.internal.health.memory.DefaultMemoryManager] 1684925644 physical memory requested, 0 released, 925347840 free
2024-10-01T11:49:13.830-0400 [DEBUG] [org.gradle.cache.internal.DefaultFileLockManager] Waiting to acquire shared lock on daemon addresses registry.
2024-10-01T11:49:13.830-0400 [DEBUG] [org.gradle.cache.internal.DefaultFileLockManager] Lock acquired on daemon addresses registry.
2024-10-01T11:49:13.831-0400 [DEBUG] [org.gradle.cache.internal.DefaultFileLockManager] Releasing lock on daemon addresses registry.
2024-10-01T11:49:13.833-0400 [DEBUG] [org.gradle.cache.internal.DefaultFileLockManager] Waiting to acquire shared lock on daemon addresses registry.
2024-10-01T11:49:13.833-0400 [DEBUG] [org.gradle.cache.internal.DefaultFileLockManager] Lock acquired on daemon addresses registry.
2024-10-01T11:49:13.834-0400 [DEBUG] [org.gradle.cache.internal.DefaultFileLockManager] Releasing lock on daemon addresses registry.
2024-10-01T11:49:13.836-0400 [DEBUG] [org.gradle.cache.internal.DefaultFileLockManager] Waiting to acquire shared lock on daemon addresses registry.
2024-10-01T11:49:13.836-0400 [DEBUG] [org.gradle.cache.internal.DefaultFileLockManager] Lock acquired on daemon addresses registry.
2024-10-01T11:49:13.836-0400 [DEBUG] [org.gradle.cache.internal.DefaultFileLockManager] Releasing lock on daemon addresses registry.
2024-10-01T11:49:16.339-0400 [DEBUG] [org.gradle.process.internal.health.memory.DefaultMemoryManager] 1684925644 physical memory requested, 955019264 free
2024-10-01T11:49:16.342-0400 [DEBUG] [org.gradle.workers.internal.WorkerDaemonExpiration] Will attempt to release 1606 of memory
2024-10-01T11:49:16.342-0400 [DEBUG] [org.gradle.process.internal.health.memory.DefaultMemoryManager] 1684925644 physical memory requested, 0 released, 955019264 free
2024-10-01T11:49:21.321-0400 [DEBUG] [org.gradle.process.internal.health.memory.DefaultMemoryManager] 1684925644 physical memory requested, 1003995136 free
2024-10-01T11:49:21.321-0400 [DEBUG] [org.gradle.workers.internal.WorkerDaemonExpiration] Will attempt to release 1606 of memory
2024-10-01T11:49:21.321-0400 [DEBUG] [org.gradle.process.internal.health.memory.DefaultMemoryManager] 1684925644 physical memory requested, 0 released, 1003995136 free
2024-10-01T11:49:23.829-0400 [DEBUG] [org.gradle.cache.internal.DefaultFileLockManager] Waiting to acquire shared lock on daemon addresses registry.
2024-10-01T11:49:23.829-0400 [DEBUG] [org.gradle.cache.internal.DefaultFileLockManager] Lock acquired on daemon addresses registry.
2024-10-01T11:49:23.830-0400 [DEBUG] [org.gradle.cache.internal.DefaultFileLockManager] Releasing lock on daemon addresses registry.
2024-10-01T11:49:23.832-0400 [DEBUG] [org.gradle.cache.internal.DefaultFileLockManager] Waiting to acquire shared lock on daemon addresses registry.
2024-10-01T11:49:23.832-0400 [DEBUG] [org.gradle.cache.internal.DefaultFileLockManager] Lock acquired on daemon addresses registry.
2024-10-01T11:49:23.833-0400 [DEBUG] [org.gradle.cache.internal.DefaultFileLockManager] Releasing lock on daemon addresses registry.
2024-10-01T11:49:23.834-0400 [DEBUG] [org.gradle.cache.internal.DefaultFileLockManager] Waiting to acquire shared lock on daemon addresses registry.
2024-10-01T11:49:23.835-0400 [DEBUG] [org.gradle.cache.internal.DefaultFileLockManager] Lock acquired on daemon addresses registry.
2024-10-01T11:49:23.835-0400 [DEBUG] [org.gradle.cache.internal.DefaultFileLockManager] Releasing lock on daemon addresses registry.
2024-10-01T11:49:26.323-0400 [DEBUG] [org.gradle.process.internal.health.memory.DefaultMemoryManager] 1684925644 physical memory requested, 1001218048 free
2024-10-01T11:49:26.323-0400 [DEBUG] [org.gradle.workers.internal.WorkerDaemonExpiration] Will attempt to release 1606 of memory
2024-10-01T11:49:26.323-0400 [DEBUG] [org.gradle.process.internal.health.memory.DefaultMemoryManager] 1684925644 physical memory requested, 0 released, 1001218048 free
2024-10-01T11:49:31.321-0400 [DEBUG] [org.gradle.process.internal.health.memory.DefaultMemoryManager] 1684925644 physical memory requested, 1119834112 free
2024-10-01T11:49:31.321-0400 [DEBUG] [org.gradle.workers.internal.WorkerDaemonExpiration] Will attempt to release 1606 of memory
2024-10-01T11:49:31.321-0400 [DEBUG] [org.gradle.process.internal.health.memory.DefaultMemoryManager] 1684925644 physical memory requested, 0 released, 1119834112 free
2024-10-01T11:49:33.828-0400 [DEBUG] [org.gradle.cache.internal.DefaultFileLockManager] Waiting to acquire shared lock on daemon addresses registry.
2024-10-01T11:49:33.828-0400 [DEBUG] [org.gradle.cache.internal.DefaultFileLockManager] Lock acquired on daemon addresses registry.
2024-10-01T11:49:33.828-0400 [DEBUG] [org.gradle.cache.internal.DefaultFileLockManager] Releasing lock on daemon addresses registry.
2024-10-01T11:49:33.830-0400 [DEBUG] [org.gradle.cache.internal.DefaultFileLockManager] Waiting to acquire shared lock on daemon addresses registry.
2024-10-01T11:49:33.830-0400 [DEBUG] [org.gradle.cache.internal.DefaultFileLockManager] Lock acquired on daemon addresses registry.
2024-10-01T11:49:33.830-0400 [DEBUG] [org.gradle.cache.internal.DefaultFileLockManager] Releasing lock on daemon addresses registry.
2024-10-01T11:49:33.832-0400 [DEBUG] [org.gradle.cache.internal.DefaultFileLockManager] Waiting to acquire shared lock on daemon addresses registry.
2024-10-01T11:49:33.832-0400 [DEBUG] [org.gradle.cache.internal.DefaultFileLockManager] Lock acquired on daemon addresses registry.
2024-10-01T11:49:33.832-0400 [DEBUG] [org.gradle.cache.internal.DefaultFileLockManager] Releasing lock on daemon addresses registry.
2024-10-01T11:49:36.318-0400 [DEBUG] [org.gradle.process.internal.health.memory.DefaultMemoryManager] 1684925644 physical memory requested, 1069060096 free
2024-10-01T11:49:36.318-0400 [DEBUG] [org.gradle.workers.internal.WorkerDaemonExpiration] Will attempt to release 1606 of memory
2024-10-01T11:49:36.318-0400 [DEBUG] [org.gradle.process.internal.health.memory.DefaultMemoryManager] 1684925644 physical memory requested, 0 released, 1069060096 free
2024-10-01T11:49:41.324-0400 [DEBUG] [org.gradle.process.internal.health.memory.DefaultMemoryManager] 1684925644 physical memory requested, 1058856960 free
2024-10-01T11:49:41.324-0400 [DEBUG] [org.gradle.workers.internal.WorkerDaemonExpiration] Will attempt to release 1606 of memory
2024-10-01T11:49:41.324-0400 [DEBUG] [org.gradle.process.internal.health.memory.DefaultMemoryManager] 1684925644 physical memory requested, 0 released, 1058856960 free
2024-10-01T11:49:43.832-0400 [DEBUG] [org.gradle.cache.internal.DefaultFileLockManager] Waiting to acquire shared lock on daemon addresses registry.
2024-10-01T11:49:43.833-0400 [DEBUG] [org.gradle.cache.internal.DefaultFileLockManager] Lock acquired on daemon addresses registry.
2024-10-01T11:49:43.835-0400 [DEBUG] [org.gradle.cache.internal.DefaultFileLockManager] Releasing lock on daemon addresses registry.
2024-10-01T11:49:43.839-0400 [DEBUG] [org.gradle.cache.internal.DefaultFileLockManager] Waiting to acquire shared lock on daemon addresses registry.
2024-10-01T11:49:43.839-0400 [DEBUG] [org.gradle.cache.internal.DefaultFileLockManager] Lock acquired on daemon addresses registry.
2024-10-01T11:49:43.840-0400 [DEBUG] [org.gradle.cache.internal.DefaultFileLockManager] Releasing lock on daemon addresses registry.
2024-10-01T11:49:43.842-0400 [DEBUG] [org.gradle.cache.internal.DefaultFileLockManager] Waiting to acquire shared lock on daemon addresses registry.
2024-10-01T11:49:43.843-0400 [DEBUG] [org.gradle.cache.internal.DefaultFileLockManager] Lock acquired on daemon addresses registry.
2024-10-01T11:49:43.843-0400 [DEBUG] [org.gradle.cache.internal.DefaultFileLockManager] Releasing lock on daemon addresses registry.
2024-10-01T11:49:46.324-0400 [DEBUG] [org.gradle.process.internal.health.memory.DefaultMemoryManager] 1684925644 physical memory requested, 1290788864 free
2024-10-01T11:49:46.324-0400 [DEBUG] [org.gradle.workers.internal.WorkerDaemonExpiration] Will attempt to release 1606 of memory
2024-10-01T11:49:46.324-0400 [DEBUG] [org.gradle.process.internal.health.memory.DefaultMemoryManager] 1684925644 physical memory requested, 0 released, 1290788864 free
2024-10-01T11:49:51.319-0400 [DEBUG] [org.gradle.process.internal.health.memory.DefaultMemoryManager] 1684925644 physical memory requested, 1107156992 free
2024-10-01T11:49:51.319-0400 [DEBUG] [org.gradle.workers.internal.WorkerDaemonExpiration] Will attempt to release 1606 of memory
2024-10-01T11:49:51.319-0400 [DEBUG] [org.gradle.process.internal.health.memory.DefaultMemoryManager] 1684925644 physical memory requested, 0 released, 1107156992 free
2024-10-01T11:49:53.830-0400 [DEBUG] [org.gradle.cache.internal.DefaultFileLockManager] Waiting to acquire shared lock on daemon addresses registry.
2024-10-01T11:49:53.831-0400 [DEBUG] [org.gradle.cache.internal.DefaultFileLockManager] Lock acquired on daemon addresses registry.
2024-10-01T11:49:53.831-0400 [DEBUG] [org.gradle.cache.internal.DefaultFileLockManager] Releasing lock on daemon addresses registry.
2024-10-01T11:49:53.833-0400 [DEBUG] [org.gradle.cache.internal.DefaultFileLockManager] Waiting to acquire shared lock on daemon addresses registry.
2024-10-01T11:49:53.833-0400 [DEBUG] [org.gradle.cache.internal.DefaultFileLockManager] Lock acquired on daemon addresses registry.
2024-10-01T11:49:53.833-0400 [DEBUG] [org.gradle.cache.internal.DefaultFileLockManager] Releasing lock on daemon addresses registry.
2024-10-01T11:49:53.835-0400 [DEBUG] [org.gradle.cache.internal.DefaultFileLockManager] Waiting to acquire shared lock on daemon addresses registry.
2024-10-01T11:49:53.835-0400 [DEBUG] [org.gradle.cache.internal.DefaultFileLockManager] Lock acquired on daemon addresses registry.
2024-10-01T11:49:53.835-0400 [DEBUG] [org.gradle.cache.internal.DefaultFileLockManager] Releasing lock on daemon addresses registry.
2024-10-01T11:49:56.325-0400 [DEBUG] [org.gradle.process.internal.health.memory.DefaultMemoryManager] 1684925644 physical memory requested, 1100185600 free
2024-10-01T11:49:56.325-0400 [DEBUG] [org.gradle.workers.internal.WorkerDaemonExpiration] Will attempt to release 1606 of memory
2024-10-01T11:49:56.325-0400 [DEBUG] [org.gradle.process.internal.health.memory.DefaultMemoryManager] 1684925644 physical memory requested, 0 released, 1100185600 free
2024-10-01T11:50:01.328-0400 [DEBUG] [org.gradle.process.internal.health.memory.DefaultMemoryManager] 1684925644 physical memory requested, 1132232704 free
2024-10-01T11:50:01.328-0400 [DEBUG] [org.gradle.workers.internal.WorkerDaemonExpiration] Will attempt to release 1606 of memory
2024-10-01T11:50:01.328-0400 [DEBUG] [org.gradle.process.internal.health.memory.DefaultMemoryManager] 1684925644 physical memory requested, 0 released, 1132232704 free
2024-10-01T11:50:03.829-0400 [DEBUG] [org.gradle.cache.internal.DefaultFileLockManager] Waiting to acquire shared lock on daemon addresses registry.
2024-10-01T11:50:03.830-0400 [DEBUG] [org.gradle.cache.internal.DefaultFileLockManager] Lock acquired on daemon addresses registry.
2024-10-01T11:50:03.830-0400 [DEBUG] [org.gradle.cache.internal.DefaultFileLockManager] Releasing lock on daemon addresses registry.
2024-10-01T11:50:03.832-0400 [DEBUG] [org.gradle.cache.internal.DefaultFileLockManager] Waiting to acquire shared lock on daemon addresses registry.
2024-10-01T11:50:03.832-0400 [DEBUG] [org.gradle.cache.internal.DefaultFileLockManager] Lock acquired on daemon addresses registry.
2024-10-01T11:50:03.833-0400 [DEBUG] [org.gradle.cache.internal.DefaultFileLockManager] Releasing lock on daemon addresses registry.
2024-10-01T11:50:03.835-0400 [DEBUG] [org.gradle.cache.internal.DefaultFileLockManager] Waiting to acquire shared lock on daemon addresses registry.
2024-10-01T11:50:03.835-0400 [DEBUG] [org.gradle.cache.internal.DefaultFileLockManager] Lock acquired on daemon addresses registry.
2024-10-01T11:50:03.836-0400 [DEBUG] [org.gradle.cache.internal.DefaultFileLockManager] Releasing lock on daemon addresses registry.
2024-10-01T11:50:06.323-0400 [DEBUG] [org.gradle.process.internal.health.memory.DefaultMemoryManager] 1684925644 physical memory requested, 1072832512 free
2024-10-01T11:50:06.323-0400 [DEBUG] [org.gradle.workers.internal.WorkerDaemonExpiration] Will attempt to release 1606 of memory
2024-10-01T11:50:06.323-0400 [DEBUG] [org.gradle.process.internal.health.memory.DefaultMemoryManager] 1684925644 physical memory requested, 0 released, 1072832512 free
2024-10-01T11:50:11.316-0400 [DEBUG] [org.gradle.process.internal.health.memory.DefaultMemoryManager] 1684925644 physical memory requested, 1121615872 free
2024-10-01T11:50:11.317-0400 [DEBUG] [org.gradle.workers.internal.WorkerDaemonExpiration] Will attempt to release 1606 of memory
2024-10-01T11:50:11.317-0400 [DEBUG] [org.gradle.process.internal.health.memory.DefaultMemoryManager] 1684925644 physical memory requested, 0 released, 1121615872 free
2024-10-01T11:50:13.832-0400 [DEBUG] [org.gradle.cache.internal.DefaultFileLockManager] Waiting to acquire shared lock on daemon addresses registry.
2024-10-01T11:50:13.833-0400 [DEBUG] [org.gradle.cache.internal.DefaultFileLockManager] Lock acquired on daemon addresses registry.
2024-10-01T11:50:13.834-0400 [DEBUG] [org.gradle.cache.internal.DefaultFileLockManager] Releasing lock on daemon addresses registry.
2024-10-01T11:50:13.839-0400 [DEBUG] [org.gradle.cache.internal.DefaultFileLockManager] Waiting to acquire shared lock on daemon addresses registry.
2024-10-01T11:50:13.840-0400 [DEBUG] [org.gradle.cache.internal.DefaultFileLockManager] Lock acquired on daemon addresses registry.
2024-10-01T11:50:13.841-0400 [DEBUG] [org.gradle.cache.internal.DefaultFileLockManager] Releasing lock on daemon addresses registry.
2024-10-01T11:50:13.859-0400 [DEBUG] [org.gradle.cache.internal.DefaultFileLockManager] Waiting to acquire shared lock on daemon addresses registry.
2024-10-01T11:50:13.860-0400 [DEBUG] [org.gradle.cache.internal.DefaultFileLockManager] Lock acquired on daemon addresses registry.
2024-10-01T11:50:13.862-0400 [DEBUG] [org.gradle.cache.internal.DefaultFileLockManager] Releasing lock on daemon addresses registry.
2024-10-01T11:50:16.318-0400 [DEBUG] [org.gradle.process.internal.health.memory.DefaultMemoryManager] 1684925644 physical memory requested, 1071480832 free
2024-10-01T11:50:16.318-0400 [DEBUG] [org.gradle.workers.internal.WorkerDaemonExpiration] Will attempt to release 1606 of memory
2024-10-01T11:50:16.318-0400 [DEBUG] [org.gradle.process.internal.health.memory.DefaultMemoryManager] 1684925644 physical memory requested, 0 released, 1071480832 free
2024-10-01T11:50:21.335-0400 [DEBUG] [org.gradle.process.internal.health.memory.DefaultMemoryManager] 1684925644 physical memory requested, 1171845120 free
2024-10-01T11:50:21.336-0400 [DEBUG] [org.gradle.workers.internal.WorkerDaemonExpiration] Will attempt to release 1606 of memory
2024-10-01T11:50:21.336-0400 [DEBUG] [org.gradle.process.internal.health.memory.DefaultMemoryManager] 1684925644 physical memory requested, 0 released, 1171845120 free
2024-10-01T11:50:23.831-0400 [DEBUG] [org.gradle.cache.internal.DefaultFileLockManager] Waiting to acquire shared lock on daemon addresses registry.
2024-10-01T11:50:23.831-0400 [DEBUG] [org.gradle.cache.internal.DefaultFileLockManager] Lock acquired on daemon addresses registry.
2024-10-01T11:50:23.832-0400 [DEBUG] [org.gradle.cache.internal.DefaultFileLockManager] Releasing lock on daemon addresses registry.
2024-10-01T11:50:23.835-0400 [DEBUG] [org.gradle.cache.internal.DefaultFileLockManager] Waiting to acquire shared lock on daemon addresses registry.
2024-10-01T11:50:23.835-0400 [DEBUG] [org.gradle.cache.internal.DefaultFileLockManager] Lock acquired on daemon addresses registry.
2024-10-01T11:50:23.836-0400 [DEBUG] [org.gradle.cache.internal.DefaultFileLockManager] Releasing lock on daemon addresses registry.
2024-10-01T11:50:23.837-0400 [DEBUG] [org.gradle.cache.internal.DefaultFileLockManager] Waiting to acquire shared lock on daemon addresses registry.
2024-10-01T11:50:23.837-0400 [DEBUG] [org.gradle.cache.internal.DefaultFileLockManager] Lock acquired on daemon addresses registry.
2024-10-01T11:50:23.837-0400 [DEBUG] [org.gradle.cache.internal.DefaultFileLockManager] Releasing lock on daemon addresses registry.
2024-10-01T11:50:26.318-0400 [DEBUG] [org.gradle.process.internal.health.memory.DefaultMemoryManager] 1684925644 physical memory requested, 1214812160 free
2024-10-01T11:50:26.318-0400 [DEBUG] [org.gradle.workers.internal.WorkerDaemonExpiration] Will attempt to release 1606 of memory
2024-10-01T11:50:26.319-0400 [DEBUG] [org.gradle.process.internal.health.memory.DefaultMemoryManager] 1684925644 physical memory requested, 0 released, 1214812160 free
2024-10-01T11:50:31.322-0400 [DEBUG] [org.gradle.process.internal.health.memory.DefaultMemoryManager] 1684925644 physical memory requested, 1226489856 free
2024-10-01T11:50:31.322-0400 [DEBUG] [org.gradle.workers.internal.WorkerDaemonExpiration] Will attempt to release 1606 of memory
2024-10-01T11:50:31.322-0400 [DEBUG] [org.gradle.process.internal.health.memory.DefaultMemoryManager] 1684925644 physical memory requested, 0 released, 1226489856 free
2024-10-01T11:50:33.829-0400 [DEBUG] [org.gradle.cache.internal.DefaultFileLockManager] Waiting to acquire shared lock on daemon addresses registry.
2024-10-01T11:50:33.829-0400 [DEBUG] [org.gradle.cache.internal.DefaultFileLockManager] Lock acquired on daemon addresses registry.
2024-10-01T11:50:33.829-0400 [DEBUG] [org.gradle.cache.internal.DefaultFileLockManager] Releasing lock on daemon addresses registry.
2024-10-01T11:50:33.830-0400 [DEBUG] [org.gradle.cache.internal.DefaultFileLockManager] Waiting to acquire shared lock on daemon addresses registry.
2024-10-01T11:50:33.831-0400 [DEBUG] [org.gradle.cache.internal.DefaultFileLockManager] Lock acquired on daemon addresses registry.
2024-10-01T11:50:33.831-0400 [DEBUG] [org.gradle.cache.internal.DefaultFileLockManager] Releasing lock on daemon addresses registry.
2024-10-01T11:50:33.832-0400 [DEBUG] [org.gradle.cache.internal.DefaultFileLockManager] Waiting to acquire shared lock on daemon addresses registry.
2024-10-01T11:50:33.832-0400 [DEBUG] [org.gradle.cache.internal.DefaultFileLockManager] Lock acquired on daemon addresses registry.
2024-10-01T11:50:33.832-0400 [DEBUG] [org.gradle.cache.internal.DefaultFileLockManager] Releasing lock on daemon addresses registry.
2024-10-01T11:50:36.323-0400 [DEBUG] [org.gradle.process.internal.health.memory.DefaultMemoryManager] 1684925644 physical memory requested, 1212444672 free
2024-10-01T11:50:36.323-0400 [DEBUG] [org.gradle.workers.internal.WorkerDaemonExpiration] Will attempt to release 1606 of memory
2024-10-01T11:50:36.323-0400 [DEBUG] [org.gradle.process.internal.health.memory.DefaultMemoryManager] 1684925644 physical memory requested, 0 released, 1212444672 free
2024-10-01T11:50:41.324-0400 [DEBUG] [org.gradle.process.internal.health.memory.DefaultMemoryManager] 1684925644 physical memory requested, 1215705088 free
2024-10-01T11:50:41.324-0400 [DEBUG] [org.gradle.workers.internal.WorkerDaemonExpiration] Will attempt to release 1606 of memory
2024-10-01T11:50:41.324-0400 [DEBUG] [org.gradle.process.internal.health.memory.DefaultMemoryManager] 1684925644 physical memory requested, 0 released, 1215705088 free
2024-10-01T11:50:43.206-0400 [DEBUG] [sun.rmi.transport.tcp] RMI TCP Connection(4)-127.0.0.1: accepted socket from [127.0.0.1:64875]
2024-10-01T11:50:43.209-0400 [DEBUG] [sun.rmi.transport.tcp] RMI TCP Connection(4)-127.0.0.1: (port 63653) op = 80
2024-10-01T11:50:43.210-0400 [DEBUG] [sun.rmi.loader] RMI TCP Connection(4)-127.0.0.1: name = "[Ljava.rmi.server.ObjID;", codebase = "", defaultLoader = jdk.internal.loader.ClassLoaders$PlatformClassLoader@4b80dbe7
2024-10-01T11:50:43.210-0400 [DEBUG] [sun.rmi.loader] RMI TCP Connection(4)-127.0.0.1: name = "java.rmi.dgc.Lease", codebase = "", defaultLoader = jdk.internal.loader.ClassLoaders$PlatformClassLoader@4b80dbe7
2024-10-01T11:50:43.211-0400 [DEBUG] [sun.rmi.loader] RMI TCP Connection(4)-127.0.0.1: name = "java.rmi.dgc.VMID", codebase = "", defaultLoader = jdk.internal.loader.ClassLoaders$PlatformClassLoader@4b80dbe7
2024-10-01T11:50:43.211-0400 [DEBUG] [sun.rmi.loader] RMI TCP Connection(4)-127.0.0.1: name = "[B", codebase = "", defaultLoader = jdk.internal.loader.ClassLoaders$PlatformClassLoader@4b80dbe7
2024-10-01T11:50:43.212-0400 [DEBUG] [sun.rmi.loader] RMI TCP Connection(4)-127.0.0.1: name = "java.rmi.server.UID", codebase = "", defaultLoader = jdk.internal.loader.ClassLoaders$PlatformClassLoader@4b80dbe7
2024-10-01T11:50:43.829-0400 [DEBUG] [org.gradle.cache.internal.DefaultFileLockManager] Waiting to acquire shared lock on daemon addresses registry.
2024-10-01T11:50:43.829-0400 [DEBUG] [org.gradle.cache.internal.DefaultFileLockManager] Lock acquired on daemon addresses registry.
2024-10-01T11:50:43.830-0400 [DEBUG] [org.gradle.cache.internal.DefaultFileLockManager] Releasing lock on daemon addresses registry.
2024-10-01T11:50:43.832-0400 [DEBUG] [org.gradle.cache.internal.DefaultFileLockManager] Waiting to acquire shared lock on daemon addresses registry.
2024-10-01T11:50:43.833-0400 [DEBUG] [org.gradle.cache.internal.DefaultFileLockManager] Lock acquired on daemon addresses registry.
2024-10-01T11:50:43.833-0400 [DEBUG] [org.gradle.cache.internal.DefaultFileLockManager] Releasing lock on daemon addresses registry.
2024-10-01T11:50:43.835-0400 [DEBUG] [org.gradle.cache.internal.DefaultFileLockManager] Waiting to acquire shared lock on daemon addresses registry.
2024-10-01T11:50:43.835-0400 [DEBUG] [org.gradle.cache.internal.DefaultFileLockManager] Lock acquired on daemon addresses registry.
2024-10-01T11:50:43.835-0400 [DEBUG] [org.gradle.cache.internal.DefaultFileLockManager] Releasing lock on daemon addresses registry.
2024-10-01T11:50:46.318-0400 [DEBUG] [org.gradle.process.internal.health.memory.DefaultMemoryManager] 1684925644 physical memory requested, 1270824960 free
2024-10-01T11:50:46.318-0400 [DEBUG] [org.gradle.workers.internal.WorkerDaemonExpiration] Will attempt to release 1606 of memory
2024-10-01T11:50:46.318-0400 [DEBUG] [org.gradle.process.internal.health.memory.DefaultMemoryManager] 1684925644 physical memory requested, 0 released, 1270824960 free
2024-10-01T11:50:51.319-0400 [DEBUG] [org.gradle.process.internal.health.memory.DefaultMemoryManager] 1684925644 physical memory requested, 1234923520 free
2024-10-01T11:50:51.319-0400 [DEBUG] [org.gradle.workers.internal.WorkerDaemonExpiration] Will attempt to release 1606 of memory
2024-10-01T11:50:51.319-0400 [DEBUG] [org.gradle.process.internal.health.memory.DefaultMemoryManager] 1684925644 physical memory requested, 0 released, 1234923520 free
2024-10-01T11:50:53.828-0400 [DEBUG] [org.gradle.cache.internal.DefaultFileLockManager] Waiting to acquire shared lock on daemon addresses registry.
2024-10-01T11:50:53.829-0400 [DEBUG] [org.gradle.cache.internal.DefaultFileLockManager] Lock acquired on daemon addresses registry.
2024-10-01T11:50:53.829-0400 [DEBUG] [org.gradle.cache.internal.DefaultFileLockManager] Releasing lock on daemon addresses registry.
2024-10-01T11:50:53.829-0400 [DEBUG] [org.gradle.cache.internal.DefaultFileLockManager] Waiting to acquire shared lock on daemon addresses registry.
2024-10-01T11:50:53.830-0400 [DEBUG] [org.gradle.cache.internal.DefaultFileLockManager] Lock acquired on daemon addresses registry.
2024-10-01T11:50:53.830-0400 [DEBUG] [org.gradle.cache.internal.DefaultFileLockManager] Releasing lock on daemon addresses registry.
2024-10-01T11:50:53.830-0400 [DEBUG] [org.gradle.cache.internal.DefaultFileLockManager] Waiting to acquire shared lock on daemon addresses registry.
2024-10-01T11:50:53.830-0400 [DEBUG] [org.gradle.cache.internal.DefaultFileLockManager] Lock acquired on daemon addresses registry.
2024-10-01T11:50:53.830-0400 [DEBUG] [org.gradle.cache.internal.DefaultFileLockManager] Releasing lock on daemon addresses registry.
2024-10-01T11:50:56.322-0400 [DEBUG] [org.gradle.process.internal.health.memory.DefaultMemoryManager] 1684925644 physical memory requested, 1071284224 free
2024-10-01T11:50:56.322-0400 [DEBUG] [org.gradle.workers.internal.WorkerDaemonExpiration] Will attempt to release 1606 of memory
2024-10-01T11:50:56.322-0400 [DEBUG] [org.gradle.process.internal.health.memory.DefaultMemoryManager] 1684925644 physical memory requested, 0 released, 1071284224 free
2024-10-01T11:50:58.216-0400 [DEBUG] [sun.rmi.transport.tcp] RMI TCP Connection(4)-127.0.0.1: (port 63653) connection closed
2024-10-01T11:50:58.216-0400 [DEBUG] [sun.rmi.transport.tcp] RMI TCP Connection(4)-127.0.0.1: close connection, socket: Socket[addr=/127.0.0.1,port=64875,localport=63653]
2024-10-01T11:50:58.217-0400 [DEBUG] [sun.rmi.transport.tcp] RMI TCP Connection(4)-127.0.0.1: socket close: Socket[addr=/127.0.0.1,port=64875,localport=63653]
2024-10-01T11:51:01.329-0400 [DEBUG] [org.gradle.process.internal.health.memory.DefaultMemoryManager] 1684925644 physical memory requested, 1067802624 free
2024-10-01T11:51:01.333-0400 [DEBUG] [org.gradle.workers.internal.WorkerDaemonExpiration] Will attempt to release 1606 of memory
2024-10-01T11:51:01.334-0400 [DEBUG] [org.gradle.process.internal.health.memory.DefaultMemoryManager] 1684925644 physical memory requested, 0 released, 1067802624 free
2024-10-01T11:51:03.831-0400 [DEBUG] [org.gradle.cache.internal.DefaultFileLockManager] Waiting to acquire shared lock on daemon addresses registry.
2024-10-01T11:51:03.832-0400 [DEBUG] [org.gradle.cache.internal.DefaultFileLockManager] Lock acquired on daemon addresses registry.
2024-10-01T11:51:03.833-0400 [DEBUG] [org.gradle.cache.internal.DefaultFileLockManager] Releasing lock on daemon addresses registry.
2024-10-01T11:51:03.836-0400 [DEBUG] [org.gradle.cache.internal.DefaultFileLockManager] Waiting to acquire shared lock on daemon addresses registry.
2024-10-01T11:51:03.837-0400 [DEBUG] [org.gradle.cache.internal.DefaultFileLockManager] Lock acquired on daemon addresses registry.
2024-10-01T11:51:03.838-0400 [DEBUG] [org.gradle.cache.internal.DefaultFileLockManager] Releasing lock on daemon addresses registry.
2024-10-01T11:51:03.841-0400 [DEBUG] [org.gradle.cache.internal.DefaultFileLockManager] Waiting to acquire shared lock on daemon addresses registry.
2024-10-01T11:51:03.842-0400 [DEBUG] [org.gradle.cache.internal.DefaultFileLockManager] Lock acquired on daemon addresses registry.
2024-10-01T11:51:03.843-0400 [DEBUG] [org.gradle.cache.internal.DefaultFileLockManager] Releasing lock on daemon addresses registry.
2024-10-01T11:51:06.324-0400 [DEBUG] [org.gradle.process.internal.health.memory.DefaultMemoryManager] 1684925644 physical memory requested, 1046831104 free
2024-10-01T11:51:06.324-0400 [DEBUG] [org.gradle.workers.internal.WorkerDaemonExpiration] Will attempt to release 1606 of memory
2024-10-01T11:51:06.324-0400 [DEBUG] [org.gradle.process.internal.health.memory.DefaultMemoryManager] 1684925644 physical memory requested, 0 released, 1046831104 free
2024-10-01T11:51:11.332-0400 [DEBUG] [org.gradle.process.internal.health.memory.DefaultMemoryManager] 1684925644 physical memory requested, 1041727488 free
2024-10-01T11:51:11.332-0400 [DEBUG] [org.gradle.workers.internal.WorkerDaemonExpiration] Will attempt to release 1606 of memory
2024-10-01T11:51:11.333-0400 [DEBUG] [org.gradle.process.internal.health.memory.DefaultMemoryManager] 1684925644 physical memory requested, 0 released, 1041727488 free
2024-10-01T11:51:13.830-0400 [DEBUG] [org.gradle.cache.internal.DefaultFileLockManager] Waiting to acquire shared lock on daemon addresses registry.
2024-10-01T11:51:13.831-0400 [DEBUG] [org.gradle.cache.internal.DefaultFileLockManager] Lock acquired on daemon addresses registry.
2024-10-01T11:51:13.831-0400 [DEBUG] [org.gradle.cache.internal.DefaultFileLockManager] Releasing lock on daemon addresses registry.
2024-10-01T11:51:13.878-0400 [DEBUG] [org.gradle.cache.internal.DefaultFileLockManager] Waiting to acquire shared lock on daemon addresses registry.
2024-10-01T11:51:13.878-0400 [DEBUG] [org.gradle.cache.internal.DefaultFileLockManager] Lock acquired on daemon addresses registry.
2024-10-01T11:51:13.881-0400 [DEBUG] [org.gradle.cache.internal.DefaultFileLockManager] Releasing lock on daemon addresses registry.
2024-10-01T11:51:13.884-0400 [DEBUG] [org.gradle.cache.internal.DefaultFileLockManager] Waiting to acquire shared lock on daemon addresses registry.
2024-10-01T11:51:13.885-0400 [DEBUG] [org.gradle.cache.internal.DefaultFileLockManager] Lock acquired on daemon addresses registry.
2024-10-01T11:51:13.885-0400 [DEBUG] [org.gradle.cache.internal.DefaultFileLockManager] Releasing lock on daemon addresses registry.
2024-10-01T11:51:16.324-0400 [DEBUG] [org.gradle.process.internal.health.memory.DefaultMemoryManager] 1684925644 physical memory requested, 1056632832 free
2024-10-01T11:51:16.324-0400 [DEBUG] [org.gradle.workers.internal.WorkerDaemonExpiration] Will attempt to release 1606 of memory
2024-10-01T11:51:16.324-0400 [DEBUG] [org.gradle.process.internal.health.memory.DefaultMemoryManager] 1684925644 physical memory requested, 0 released, 1056632832 free
2024-10-01T11:51:21.354-0400 [DEBUG] [org.gradle.process.internal.health.memory.DefaultMemoryManager] 1684925644 physical memory requested, 1035382784 free
2024-10-01T11:51:21.354-0400 [DEBUG] [org.gradle.workers.internal.WorkerDaemonExpiration] Will attempt to release 1606 of memory
2024-10-01T11:51:21.354-0400 [DEBUG] [org.gradle.process.internal.health.memory.DefaultMemoryManager] 1684925644 physical memory requested, 0 released, 1035382784 free
2024-10-01T11:51:23.828-0400 [DEBUG] [org.gradle.cache.internal.DefaultFileLockManager] Waiting to acquire shared lock on daemon addresses registry.
2024-10-01T11:51:23.829-0400 [DEBUG] [org.gradle.cache.internal.DefaultFileLockManager] Lock acquired on daemon addresses registry.
2024-10-01T11:51:23.829-0400 [DEBUG] [org.gradle.cache.internal.DefaultFileLockManager] Releasing lock on daemon addresses registry.
2024-10-01T11:51:23.831-0400 [DEBUG] [org.gradle.cache.internal.DefaultFileLockManager] Waiting to acquire shared lock on daemon addresses registry.
2024-10-01T11:51:23.832-0400 [DEBUG] [org.gradle.cache.internal.DefaultFileLockManager] Lock acquired on daemon addresses registry.
2024-10-01T11:51:23.832-0400 [DEBUG] [org.gradle.cache.internal.DefaultFileLockManager] Releasing lock on daemon addresses registry.
2024-10-01T11:51:23.834-0400 [DEBUG] [org.gradle.cache.internal.DefaultFileLockManager] Waiting to acquire shared lock on daemon addresses registry.
2024-10-01T11:51:23.834-0400 [DEBUG] [org.gradle.cache.internal.DefaultFileLockManager] Lock acquired on daemon addresses registry.
2024-10-01T11:51:23.835-0400 [DEBUG] [org.gradle.cache.internal.DefaultFileLockManager] Releasing lock on daemon addresses registry.
2024-10-01T11:51:26.324-0400 [DEBUG] [org.gradle.process.internal.health.memory.DefaultMemoryManager] 1684925644 physical memory requested, 1020579840 free
2024-10-01T11:51:26.325-0400 [DEBUG] [org.gradle.workers.internal.WorkerDaemonExpiration] Will attempt to release 1606 of memory
2024-10-01T11:51:26.325-0400 [DEBUG] [org.gradle.process.internal.health.memory.DefaultMemoryManager] 1684925644 physical memory requested, 0 released, 1020579840 free
2024-10-01T11:51:31.321-0400 [DEBUG] [org.gradle.process.internal.health.memory.DefaultMemoryManager] 1684925644 physical memory requested, 990097408 free
2024-10-01T11:51:31.321-0400 [DEBUG] [org.gradle.workers.internal.WorkerDaemonExpiration] Will attempt to release 1606 of memory
2024-10-01T11:51:31.321-0400 [DEBUG] [org.gradle.process.internal.health.memory.DefaultMemoryManager] 1684925644 physical memory requested, 0 released, 990097408 free
2024-10-01T11:51:33.831-0400 [DEBUG] [org.gradle.cache.internal.DefaultFileLockManager] Waiting to acquire shared lock on daemon addresses registry.
2024-10-01T11:51:33.831-0400 [DEBUG] [org.gradle.cache.internal.DefaultFileLockManager] Lock acquired on daemon addresses registry.
2024-10-01T11:51:33.831-0400 [DEBUG] [org.gradle.cache.internal.DefaultFileLockManager] Releasing lock on daemon addresses registry.
2024-10-01T11:51:33.833-0400 [DEBUG] [org.gradle.cache.internal.DefaultFileLockManager] Waiting to acquire shared lock on daemon addresses registry.
2024-10-01T11:51:33.834-0400 [DEBUG] [org.gradle.cache.internal.DefaultFileLockManager] Lock acquired on daemon addresses registry.
2024-10-01T11:51:33.834-0400 [DEBUG] [org.gradle.cache.internal.DefaultFileLockManager] Releasing lock on daemon addresses registry.
2024-10-01T11:51:33.835-0400 [DEBUG] [org.gradle.cache.internal.DefaultFileLockManager] Waiting to acquire shared lock on daemon addresses registry.
2024-10-01T11:51:33.836-0400 [DEBUG] [org.gradle.cache.internal.DefaultFileLockManager] Lock acquired on daemon addresses registry.
2024-10-01T11:51:33.836-0400 [DEBUG] [org.gradle.cache.internal.DefaultFileLockManager] Releasing lock on daemon addresses registry.
2024-10-01T11:51:36.326-0400 [DEBUG] [org.gradle.process.internal.health.memory.DefaultMemoryManager] 1684925644 physical memory requested, 1023479808 free
2024-10-01T11:51:36.327-0400 [DEBUG] [org.gradle.workers.internal.WorkerDaemonExpiration] Will attempt to release 1606 of memory
2024-10-01T11:51:36.327-0400 [DEBUG] [org.gradle.process.internal.health.memory.DefaultMemoryManager] 1684925644 physical memory requested, 0 released, 1023479808 free
2024-10-01T11:51:41.323-0400 [DEBUG] [org.gradle.process.internal.health.memory.DefaultMemoryManager] 1684925644 physical memory requested, 998105088 free
2024-10-01T11:51:41.323-0400 [DEBUG] [org.gradle.workers.internal.WorkerDaemonExpiration] Will attempt to release 1606 of memory
2024-10-01T11:51:41.323-0400 [DEBUG] [org.gradle.process.internal.health.memory.DefaultMemoryManager] 1684925644 physical memory requested, 0 released, 998105088 free
2024-10-01T11:51:43.828-0400 [DEBUG] [org.gradle.cache.internal.DefaultFileLockManager] Waiting to acquire shared lock on daemon addresses registry.
2024-10-01T11:51:43.828-0400 [DEBUG] [org.gradle.cache.internal.DefaultFileLockManager] Lock acquired on daemon addresses registry.
2024-10-01T11:51:43.829-0400 [DEBUG] [org.gradle.cache.internal.DefaultFileLockManager] Releasing lock on daemon addresses registry.
2024-10-01T11:51:43.829-0400 [DEBUG] [org.gradle.cache.internal.DefaultFileLockManager] Waiting to acquire shared lock on daemon addresses registry.
2024-10-01T11:51:43.829-0400 [DEBUG] [org.gradle.cache.internal.DefaultFileLockManager] Lock acquired on daemon addresses registry.
2024-10-01T11:51:43.829-0400 [DEBUG] [org.gradle.cache.internal.DefaultFileLockManager] Releasing lock on daemon addresses registry.
2024-10-01T11:51:43.830-0400 [DEBUG] [org.gradle.cache.internal.DefaultFileLockManager] Waiting to acquire shared lock on daemon addresses registry.
2024-10-01T11:51:43.830-0400 [DEBUG] [org.gradle.cache.internal.DefaultFileLockManager] Lock acquired on daemon addresses registry.
2024-10-01T11:51:43.830-0400 [DEBUG] [org.gradle.cache.internal.DefaultFileLockManager] Releasing lock on daemon addresses registry.
2024-10-01T11:51:46.404-0400 [DEBUG] [org.gradle.process.internal.health.memory.DefaultMemoryManager] 1684925644 physical memory requested, 1048707072 free
2024-10-01T11:51:46.404-0400 [DEBUG] [org.gradle.workers.internal.WorkerDaemonExpiration] Will attempt to release 1606 of memory
2024-10-01T11:51:46.405-0400 [DEBUG] [org.gradle.process.internal.health.memory.DefaultMemoryManager] 1684925644 physical memory requested, 0 released, 1048707072 free
2024-10-01T11:51:51.321-0400 [DEBUG] [org.gradle.process.internal.health.memory.DefaultMemoryManager] 1684925644 physical memory requested, 1057304576 free
2024-10-01T11:51:51.321-0400 [DEBUG] [org.gradle.workers.internal.WorkerDaemonExpiration] Will attempt to release 1606 of memory
2024-10-01T11:51:51.322-0400 [DEBUG] [org.gradle.process.internal.health.memory.DefaultMemoryManager] 1684925644 physical memory requested, 0 released, 1057304576 free
2024-10-01T11:51:53.830-0400 [DEBUG] [org.gradle.cache.internal.DefaultFileLockManager] Waiting to acquire shared lock on daemon addresses registry.
2024-10-01T11:51:53.830-0400 [DEBUG] [org.gradle.cache.internal.DefaultFileLockManager] Lock acquired on daemon addresses registry.
2024-10-01T11:51:53.830-0400 [DEBUG] [org.gradle.cache.internal.DefaultFileLockManager] Releasing lock on daemon addresses registry.
2024-10-01T11:51:53.832-0400 [DEBUG] [org.gradle.cache.internal.DefaultFileLockManager] Waiting to acquire shared lock on daemon addresses registry.
2024-10-01T11:51:53.832-0400 [DEBUG] [org.gradle.cache.internal.DefaultFileLockManager] Lock acquired on daemon addresses registry.
2024-10-01T11:51:53.833-0400 [DEBUG] [org.gradle.cache.internal.DefaultFileLockManager] Releasing lock on daemon addresses registry.
2024-10-01T11:51:53.834-0400 [DEBUG] [org.gradle.cache.internal.DefaultFileLockManager] Waiting to acquire shared lock on daemon addresses registry.
2024-10-01T11:51:53.834-0400 [DEBUG] [org.gradle.cache.internal.DefaultFileLockManager] Lock acquired on daemon addresses registry.
2024-10-01T11:51:53.835-0400 [DEBUG] [org.gradle.cache.internal.DefaultFileLockManager] Releasing lock on daemon addresses registry.
2024-10-01T11:51:56.321-0400 [DEBUG] [org.gradle.process.internal.health.memory.DefaultMemoryManager] 1684925644 physical memory requested, 1043152896 free
2024-10-01T11:51:56.321-0400 [DEBUG] [org.gradle.workers.internal.WorkerDaemonExpiration] Will attempt to release 1606 of memory
2024-10-01T11:51:56.321-0400 [DEBUG] [org.gradle.process.internal.health.memory.DefaultMemoryManager] 1684925644 physical memory requested, 0 released, 1043152896 free
2024-10-01T11:52:01.323-0400 [DEBUG] [org.gradle.process.internal.health.memory.DefaultMemoryManager] 1684925644 physical memory requested, 984190976 free
2024-10-01T11:52:01.323-0400 [DEBUG] [org.gradle.workers.internal.WorkerDaemonExpiration] Will attempt to release 1606 of memory
2024-10-01T11:52:01.323-0400 [DEBUG] [org.gradle.process.internal.health.memory.DefaultMemoryManager] 1684925644 physical memory requested, 0 released, 984190976 free
2024-10-01T11:52:03.829-0400 [DEBUG] [org.gradle.cache.internal.DefaultFileLockManager] Waiting to acquire shared lock on daemon addresses registry.
2024-10-01T11:52:03.829-0400 [DEBUG] [org.gradle.cache.internal.DefaultFileLockManager] Lock acquired on daemon addresses registry.
2024-10-01T11:52:03.830-0400 [DEBUG] [org.gradle.cache.internal.DefaultFileLockManager] Releasing lock on daemon addresses registry.
2024-10-01T11:52:03.832-0400 [DEBUG] [org.gradle.cache.internal.DefaultFileLockManager] Waiting to acquire shared lock on daemon addresses registry.
2024-10-01T11:52:03.832-0400 [DEBUG] [org.gradle.cache.internal.DefaultFileLockManager] Lock acquired on daemon addresses registry.
2024-10-01T11:52:03.832-0400 [DEBUG] [org.gradle.cache.internal.DefaultFileLockManager] Releasing lock on daemon addresses registry.
2024-10-01T11:52:03.834-0400 [DEBUG] [org.gradle.cache.internal.DefaultFileLockManager] Waiting to acquire shared lock on daemon addresses registry.
2024-10-01T11:52:03.834-0400 [DEBUG] [org.gradle.cache.internal.DefaultFileLockManager] Lock acquired on daemon addresses registry.
2024-10-01T11:52:03.835-0400 [DEBUG] [org.gradle.cache.internal.DefaultFileLockManager] Releasing lock on daemon addresses registry.
2024-10-01T11:52:06.346-0400 [DEBUG] [org.gradle.process.internal.health.memory.DefaultMemoryManager] 1684925644 physical memory requested, 1028788224 free
2024-10-01T11:52:06.346-0400 [DEBUG] [org.gradle.workers.internal.WorkerDaemonExpiration] Will attempt to release 1606 of memory
2024-10-01T11:52:06.346-0400 [DEBUG] [org.gradle.process.internal.health.memory.DefaultMemoryManager] 1684925644 physical memory requested, 0 released, 1028788224 free
2024-10-01T11:52:11.325-0400 [DEBUG] [org.gradle.process.internal.health.memory.DefaultMemoryManager] 1684925644 physical memory requested, 968818688 free
2024-10-01T11:52:11.325-0400 [DEBUG] [org.gradle.workers.internal.WorkerDaemonExpiration] Will attempt to release 1606 of memory
2024-10-01T11:52:11.325-0400 [DEBUG] [org.gradle.process.internal.health.memory.DefaultMemoryManager] 1684925644 physical memory requested, 0 released, 968818688 free
2024-10-01T11:52:13.829-0400 [DEBUG] [org.gradle.cache.internal.DefaultFileLockManager] Waiting to acquire shared lock on daemon addresses registry.
2024-10-01T11:52:13.829-0400 [DEBUG] [org.gradle.cache.internal.DefaultFileLockManager] Lock acquired on daemon addresses registry.
2024-10-01T11:52:13.830-0400 [DEBUG] [org.gradle.cache.internal.DefaultFileLockManager] Releasing lock on daemon addresses registry.
2024-10-01T11:52:13.832-0400 [DEBUG] [org.gradle.cache.internal.DefaultFileLockManager] Waiting to acquire shared lock on daemon addresses registry.
2024-10-01T11:52:13.832-0400 [DEBUG] [org.gradle.cache.internal.DefaultFileLockManager] Lock acquired on daemon addresses registry.
2024-10-01T11:52:13.833-0400 [DEBUG] [org.gradle.cache.internal.DefaultFileLockManager] Releasing lock on daemon addresses registry.
2024-10-01T11:52:13.834-0400 [DEBUG] [org.gradle.cache.internal.DefaultFileLockManager] Waiting to acquire shared lock on daemon addresses registry.
2024-10-01T11:52:13.835-0400 [DEBUG] [org.gradle.cache.internal.DefaultFileLockManager] Lock acquired on daemon addresses registry.
2024-10-01T11:52:13.835-0400 [DEBUG] [org.gradle.cache.internal.DefaultFileLockManager] Releasing lock on daemon addresses registry.
2024-10-01T11:52:16.324-0400 [DEBUG] [org.gradle.process.internal.health.memory.DefaultMemoryManager] 1684925644 physical memory requested, 948625408 free
2024-10-01T11:52:16.324-0400 [DEBUG] [org.gradle.workers.internal.WorkerDaemonExpiration] Will attempt to release 1606 of memory
2024-10-01T11:52:16.324-0400 [DEBUG] [org.gradle.process.internal.health.memory.DefaultMemoryManager] 1684925644 physical memory requested, 0 released, 948625408 free
2024-10-01T11:52:21.331-0400 [DEBUG] [org.gradle.process.internal.health.memory.DefaultMemoryManager] 1684925644 physical memory requested, 962985984 free
2024-10-01T11:52:21.331-0400 [DEBUG] [org.gradle.workers.internal.WorkerDaemonExpiration] Will attempt to release 1606 of memory
2024-10-01T11:52:21.331-0400 [DEBUG] [org.gradle.process.internal.health.memory.DefaultMemoryManager] 1684925644 physical memory requested, 0 released, 962985984 free
2024-10-01T11:52:23.829-0400 [DEBUG] [org.gradle.cache.internal.DefaultFileLockManager] Waiting to acquire shared lock on daemon addresses registry.
2024-10-01T11:52:23.829-0400 [DEBUG] [org.gradle.cache.internal.DefaultFileLockManager] Lock acquired on daemon addresses registry.
2024-10-01T11:52:23.830-0400 [DEBUG] [org.gradle.cache.internal.DefaultFileLockManager] Releasing lock on daemon addresses registry.
2024-10-01T11:52:23.832-0400 [DEBUG] [org.gradle.cache.internal.DefaultFileLockManager] Waiting to acquire shared lock on daemon addresses registry.
2024-10-01T11:52:23.832-0400 [DEBUG] [org.gradle.cache.internal.DefaultFileLockManager] Lock acquired on daemon addresses registry.
2024-10-01T11:52:23.833-0400 [DEBUG] [org.gradle.cache.internal.DefaultFileLockManager] Releasing lock on daemon addresses registry.
2024-10-01T11:52:23.834-0400 [DEBUG] [org.gradle.cache.internal.DefaultFileLockManager] Waiting to acquire shared lock on daemon addresses registry.
2024-10-01T11:52:23.835-0400 [DEBUG] [org.gradle.cache.internal.DefaultFileLockManager] Lock acquired on daemon addresses registry.
2024-10-01T11:52:23.835-0400 [DEBUG] [org.gradle.cache.internal.DefaultFileLockManager] Releasing lock on daemon addresses registry.
2024-10-01T11:52:26.334-0400 [DEBUG] [org.gradle.process.internal.health.memory.DefaultMemoryManager] 1684925644 physical memory requested, 1031106560 free
2024-10-01T11:52:26.334-0400 [DEBUG] [org.gradle.workers.internal.WorkerDaemonExpiration] Will attempt to release 1606 of memory
2024-10-01T11:52:26.334-0400 [DEBUG] [org.gradle.process.internal.health.memory.DefaultMemoryManager] 1684925644 physical memory requested, 0 released, 1031106560 free
2024-10-01T11:52:31.321-0400 [DEBUG] [org.gradle.process.internal.health.memory.DefaultMemoryManager] 1684925644 physical memory requested, 1013919744 free
2024-10-01T11:52:31.321-0400 [DEBUG] [org.gradle.workers.internal.WorkerDaemonExpiration] Will attempt to release 1606 of memory
2024-10-01T11:52:31.321-0400 [DEBUG] [org.gradle.process.internal.health.memory.DefaultMemoryManager] 1684925644 physical memory requested, 0 released, 1013919744 free
2024-10-01T11:52:33.828-0400 [DEBUG] [org.gradle.cache.internal.DefaultFileLockManager] Waiting to acquire shared lock on daemon addresses registry.
2024-10-01T11:52:33.828-0400 [DEBUG] [org.gradle.cache.internal.DefaultFileLockManager] Lock acquired on daemon addresses registry.
2024-10-01T11:52:33.829-0400 [DEBUG] [org.gradle.cache.internal.DefaultFileLockManager] Releasing lock on daemon addresses registry.
2024-10-01T11:52:33.830-0400 [DEBUG] [org.gradle.cache.internal.DefaultFileLockManager] Waiting to acquire shared lock on daemon addresses registry.
2024-10-01T11:52:33.831-0400 [DEBUG] [org.gradle.cache.internal.DefaultFileLockManager] Lock acquired on daemon addresses registry.
2024-10-01T11:52:33.831-0400 [DEBUG] [org.gradle.cache.internal.DefaultFileLockManager] Releasing lock on daemon addresses registry.
2024-10-01T11:52:33.832-0400 [DEBUG] [org.gradle.cache.internal.DefaultFileLockManager] Waiting to acquire shared lock on daemon addresses registry.
2024-10-01T11:52:33.833-0400 [DEBUG] [org.gradle.cache.internal.DefaultFileLockManager] Lock acquired on daemon addresses registry.
2024-10-01T11:52:33.833-0400 [DEBUG] [org.gradle.cache.internal.DefaultFileLockManager] Releasing lock on daemon addresses registry.
2024-10-01T11:52:36.320-0400 [DEBUG] [org.gradle.process.internal.health.memory.DefaultMemoryManager] 1684925644 physical memory requested, 985407488 free
2024-10-01T11:52:36.320-0400 [DEBUG] [org.gradle.workers.internal.WorkerDaemonExpiration] Will attempt to release 1606 of memory
2024-10-01T11:52:36.320-0400 [DEBUG] [org.gradle.process.internal.health.memory.DefaultMemoryManager] 1684925644 physical memory requested, 0 released, 985407488 free
2024-10-01T11:52:41.320-0400 [DEBUG] [org.gradle.process.internal.health.memory.DefaultMemoryManager] 1684925644 physical memory requested, 1040736256 free
2024-10-01T11:52:41.321-0400 [DEBUG] [org.gradle.workers.internal.WorkerDaemonExpiration] Will attempt to release 1606 of memory
2024-10-01T11:52:41.321-0400 [DEBUG] [org.gradle.process.internal.health.memory.DefaultMemoryManager] 1684925644 physical memory requested, 0 released, 1040736256 free
2024-10-01T11:52:43.830-0400 [DEBUG] [org.gradle.cache.internal.DefaultFileLockManager] Waiting to acquire shared lock on daemon addresses registry.
2024-10-01T11:52:43.830-0400 [DEBUG] [org.gradle.cache.internal.DefaultFileLockManager] Lock acquired on daemon addresses registry.
2024-10-01T11:52:43.830-0400 [DEBUG] [org.gradle.cache.internal.DefaultFileLockManager] Releasing lock on daemon addresses registry.
2024-10-01T11:52:43.832-0400 [DEBUG] [org.gradle.cache.internal.DefaultFileLockManager] Waiting to acquire shared lock on daemon addresses registry.
2024-10-01T11:52:43.832-0400 [DEBUG] [org.gradle.cache.internal.DefaultFileLockManager] Lock acquired on daemon addresses registry.
2024-10-01T11:52:43.833-0400 [DEBUG] [org.gradle.cache.internal.DefaultFileLockManager] Releasing lock on daemon addresses registry.
2024-10-01T11:52:43.834-0400 [DEBUG] [org.gradle.cache.internal.DefaultFileLockManager] Waiting to acquire shared lock on daemon addresses registry.
2024-10-01T11:52:43.835-0400 [DEBUG] [org.gradle.cache.internal.DefaultFileLockManager] Lock acquired on daemon addresses registry.
2024-10-01T11:52:43.835-0400 [DEBUG] [org.gradle.cache.internal.DefaultFileLockManager] Releasing lock on daemon addresses registry.
2024-10-01T11:52:46.336-0400 [DEBUG] [org.gradle.process.internal.health.memory.DefaultMemoryManager] 1684925644 physical memory requested, 1060483072 free
2024-10-01T11:52:46.336-0400 [DEBUG] [org.gradle.workers.internal.WorkerDaemonExpiration] Will attempt to release 1606 of memory
2024-10-01T11:52:46.336-0400 [DEBUG] [org.gradle.process.internal.health.memory.DefaultMemoryManager] 1684925644 physical memory requested, 0 released, 1060483072 free
2024-10-01T11:52:51.322-0400 [DEBUG] [org.gradle.process.internal.health.memory.DefaultMemoryManager] 1684925644 physical memory requested, 1051254784 free
2024-10-01T11:52:51.322-0400 [DEBUG] [org.gradle.workers.internal.WorkerDaemonExpiration] Will attempt to release 1606 of memory
2024-10-01T11:52:51.323-0400 [DEBUG] [org.gradle.process.internal.health.memory.DefaultMemoryManager] 1684925644 physical memory requested, 0 released, 1051254784 free
2024-10-01T11:52:53.830-0400 [DEBUG] [org.gradle.cache.internal.DefaultFileLockManager] Waiting to acquire shared lock on daemon addresses registry.
2024-10-01T11:52:53.831-0400 [DEBUG] [org.gradle.cache.internal.DefaultFileLockManager] Lock acquired on daemon addresses registry.
2024-10-01T11:52:53.832-0400 [DEBUG] [org.gradle.cache.internal.DefaultFileLockManager] Releasing lock on daemon addresses registry.
2024-10-01T11:52:53.835-0400 [DEBUG] [org.gradle.cache.internal.DefaultFileLockManager] Waiting to acquire shared lock on daemon addresses registry.
2024-10-01T11:52:53.835-0400 [DEBUG] [org.gradle.cache.internal.DefaultFileLockManager] Lock acquired on daemon addresses registry.
2024-10-01T11:52:53.836-0400 [DEBUG] [org.gradle.cache.internal.DefaultFileLockManager] Releasing lock on daemon addresses registry.
2024-10-01T11:52:53.839-0400 [DEBUG] [org.gradle.cache.internal.DefaultFileLockManager] Waiting to acquire shared lock on daemon addresses registry.
2024-10-01T11:52:53.840-0400 [DEBUG] [org.gradle.cache.internal.DefaultFileLockManager] Lock acquired on daemon addresses registry.
2024-10-01T11:52:53.840-0400 [DEBUG] [org.gradle.cache.internal.DefaultFileLockManager] Releasing lock on daemon addresses registry.
2024-10-01T11:52:56.326-0400 [DEBUG] [org.gradle.process.internal.health.memory.DefaultMemoryManager] 1684925644 physical memory requested, 1075400704 free
2024-10-01T11:52:56.327-0400 [DEBUG] [org.gradle.workers.internal.WorkerDaemonExpiration] Will attempt to release 1606 of memory
2024-10-01T11:52:56.327-0400 [DEBUG] [org.gradle.process.internal.health.memory.DefaultMemoryManager] 1684925644 physical memory requested, 0 released, 1075400704 free
2024-10-01T11:53:01.327-0400 [DEBUG] [org.gradle.process.internal.health.memory.DefaultMemoryManager] 1684925644 physical memory requested, 1174245376 free
2024-10-01T11:53:01.328-0400 [DEBUG] [org.gradle.workers.internal.WorkerDaemonExpiration] Will attempt to release 1606 of memory
2024-10-01T11:53:01.328-0400 [DEBUG] [org.gradle.process.internal.health.memory.DefaultMemoryManager] 1684925644 physical memory requested, 0 released, 1174245376 free
2024-10-01T11:53:03.830-0400 [DEBUG] [org.gradle.cache.internal.DefaultFileLockManager] Waiting to acquire shared lock on daemon addresses registry.
2024-10-01T11:53:03.830-0400 [DEBUG] [org.gradle.cache.internal.DefaultFileLockManager] Lock acquired on daemon addresses registry.
2024-10-01T11:53:03.830-0400 [DEBUG] [org.gradle.cache.internal.DefaultFileLockManager] Releasing lock on daemon addresses registry.
2024-10-01T11:53:03.831-0400 [DEBUG] [org.gradle.cache.internal.DefaultFileLockManager] Waiting to acquire shared lock on daemon addresses registry.
2024-10-01T11:53:03.831-0400 [DEBUG] [org.gradle.cache.internal.DefaultFileLockManager] Lock acquired on daemon addresses registry.
2024-10-01T11:53:03.831-0400 [DEBUG] [org.gradle.cache.internal.DefaultFileLockManager] Releasing lock on daemon addresses registry.
2024-10-01T11:53:03.832-0400 [DEBUG] [org.gradle.cache.internal.DefaultFileLockManager] Waiting to acquire shared lock on daemon addresses registry.
2024-10-01T11:53:03.832-0400 [DEBUG] [org.gradle.cache.internal.DefaultFileLockManager] Lock acquired on daemon addresses registry.
2024-10-01T11:53:03.832-0400 [DEBUG] [org.gradle.cache.internal.DefaultFileLockManager] Releasing lock on daemon addresses registry.
2024-10-01T11:53:06.321-0400 [DEBUG] [org.gradle.process.internal.health.memory.DefaultMemoryManager] 1684925644 physical memory requested, 1109970944 free
2024-10-01T11:53:06.321-0400 [DEBUG] [org.gradle.workers.internal.WorkerDaemonExpiration] Will attempt to release 1606 of memory
2024-10-01T11:53:06.322-0400 [DEBUG] [org.gradle.process.internal.health.memory.DefaultMemoryManager] 1684925644 physical memory requested, 0 released, 1109970944 free
2024-10-01T11:53:11.318-0400 [DEBUG] [org.gradle.process.internal.health.memory.DefaultMemoryManager] 1684925644 physical memory requested, 954765312 free
2024-10-01T11:53:11.318-0400 [DEBUG] [org.gradle.workers.internal.WorkerDaemonExpiration] Will attempt to release 1606 of memory
2024-10-01T11:53:11.318-0400 [DEBUG] [org.gradle.process.internal.health.memory.DefaultMemoryManager] 1684925644 physical memory requested, 0 released, 954765312 free
2024-10-01T11:53:13.830-0400 [DEBUG] [org.gradle.cache.internal.DefaultFileLockManager] Waiting to acquire shared lock on daemon addresses registry.
2024-10-01T11:53:13.830-0400 [DEBUG] [org.gradle.cache.internal.DefaultFileLockManager] Lock acquired on daemon addresses registry.
2024-10-01T11:53:13.830-0400 [DEBUG] [org.gradle.cache.internal.DefaultFileLockManager] Releasing lock on daemon addresses registry.
2024-10-01T11:53:13.832-0400 [DEBUG] [org.gradle.cache.internal.DefaultFileLockManager] Waiting to acquire shared lock on daemon addresses registry.
2024-10-01T11:53:13.833-0400 [DEBUG] [org.gradle.cache.internal.DefaultFileLockManager] Lock acquired on daemon addresses registry.
2024-10-01T11:53:13.833-0400 [DEBUG] [org.gradle.cache.internal.DefaultFileLockManager] Releasing lock on daemon addresses registry.
2024-10-01T11:53:13.835-0400 [DEBUG] [org.gradle.cache.internal.DefaultFileLockManager] Waiting to acquire shared lock on daemon addresses registry.
2024-10-01T11:53:13.835-0400 [DEBUG] [org.gradle.cache.internal.DefaultFileLockManager] Lock acquired on daemon addresses registry.
2024-10-01T11:53:13.835-0400 [DEBUG] [org.gradle.cache.internal.DefaultFileLockManager] Releasing lock on daemon addresses registry.
2024-10-01T11:53:16.322-0400 [DEBUG] [org.gradle.process.internal.health.memory.DefaultMemoryManager] 1684925644 physical memory requested, 958345216 free
2024-10-01T11:53:16.323-0400 [DEBUG] [org.gradle.workers.internal.WorkerDaemonExpiration] Will attempt to release 1606 of memory
2024-10-01T11:53:16.323-0400 [DEBUG] [org.gradle.process.internal.health.memory.DefaultMemoryManager] 1684925644 physical memory requested, 0 released, 958345216 free
2024-10-01T11:53:21.329-0400 [DEBUG] [org.gradle.process.internal.health.memory.DefaultMemoryManager] 1684925644 physical memory requested, 965263360 free
2024-10-01T11:53:21.329-0400 [DEBUG] [org.gradle.workers.internal.WorkerDaemonExpiration] Will attempt to release 1606 of memory
2024-10-01T11:53:21.329-0400 [DEBUG] [org.gradle.process.internal.health.memory.DefaultMemoryManager] 1684925644 physical memory requested, 0 released, 965263360 free
2024-10-01T11:53:23.831-0400 [DEBUG] [org.gradle.cache.internal.DefaultFileLockManager] Waiting to acquire shared lock on daemon addresses registry.
2024-10-01T11:53:23.832-0400 [DEBUG] [org.gradle.cache.internal.DefaultFileLockManager] Lock acquired on daemon addresses registry.
2024-10-01T11:53:23.832-0400 [DEBUG] [org.gradle.cache.internal.DefaultFileLockManager] Releasing lock on daemon addresses registry.
2024-10-01T11:53:23.834-0400 [DEBUG] [org.gradle.cache.internal.DefaultFileLockManager] Waiting to acquire shared lock on daemon addresses registry.
2024-10-01T11:53:23.835-0400 [DEBUG] [org.gradle.cache.internal.DefaultFileLockManager] Lock acquired on daemon addresses registry.
2024-10-01T11:53:23.835-0400 [DEBUG] [org.gradle.cache.internal.DefaultFileLockManager] Releasing lock on daemon addresses registry.
2024-10-01T11:53:23.837-0400 [DEBUG] [org.gradle.cache.internal.DefaultFileLockManager] Waiting to acquire shared lock on daemon addresses registry.
2024-10-01T11:53:23.837-0400 [DEBUG] [org.gradle.cache.internal.DefaultFileLockManager] Lock acquired on daemon addresses registry.
2024-10-01T11:53:23.837-0400 [DEBUG] [org.gradle.cache.internal.DefaultFileLockManager] Releasing lock on daemon addresses registry.
2024-10-01T11:53:26.323-0400 [DEBUG] [org.gradle.process.internal.health.memory.DefaultMemoryManager] 1684925644 physical memory requested, 945811456 free
2024-10-01T11:53:26.323-0400 [DEBUG] [org.gradle.workers.internal.WorkerDaemonExpiration] Will attempt to release 1606 of memory
2024-10-01T11:53:26.323-0400 [DEBUG] [org.gradle.process.internal.health.memory.DefaultMemoryManager] 1684925644 physical memory requested, 0 released, 945811456 free
2024-10-01T11:53:31.320-0400 [DEBUG] [org.gradle.process.internal.health.memory.DefaultMemoryManager] 1684925644 physical memory requested, 1039482880 free
2024-10-01T11:53:31.320-0400 [DEBUG] [org.gradle.workers.internal.WorkerDaemonExpiration] Will attempt to release 1606 of memory
2024-10-01T11:53:31.320-0400 [DEBUG] [org.gradle.process.internal.health.memory.DefaultMemoryManager] 1684925644 physical memory requested, 0 released, 1039482880 free
2024-10-01T11:53:33.829-0400 [DEBUG] [org.gradle.cache.internal.DefaultFileLockManager] Waiting to acquire shared lock on daemon addresses registry.
2024-10-01T11:53:33.829-0400 [DEBUG] [org.gradle.cache.internal.DefaultFileLockManager] Lock acquired on daemon addresses registry.
2024-10-01T11:53:33.830-0400 [DEBUG] [org.gradle.cache.internal.DefaultFileLockManager] Releasing lock on daemon addresses registry.
2024-10-01T11:53:33.831-0400 [DEBUG] [org.gradle.cache.internal.DefaultFileLockManager] Waiting to acquire shared lock on daemon addresses registry.
2024-10-01T11:53:33.832-0400 [DEBUG] [org.gradle.cache.internal.DefaultFileLockManager] Lock acquired on daemon addresses registry.
2024-10-01T11:53:33.832-0400 [DEBUG] [org.gradle.cache.internal.DefaultFileLockManager] Releasing lock on daemon addresses registry.
2024-10-01T11:53:33.834-0400 [DEBUG] [org.gradle.cache.internal.DefaultFileLockManager] Waiting to acquire shared lock on daemon addresses registry.
2024-10-01T11:53:33.834-0400 [DEBUG] [org.gradle.cache.internal.DefaultFileLockManager] Lock acquired on daemon addresses registry.
2024-10-01T11:53:33.834-0400 [DEBUG] [org.gradle.cache.internal.DefaultFileLockManager] Releasing lock on daemon addresses registry.
2024-10-01T11:53:36.325-0400 [DEBUG] [org.gradle.process.internal.health.memory.DefaultMemoryManager] 1684925644 physical memory requested, 1047343104 free
2024-10-01T11:53:36.325-0400 [DEBUG] [org.gradle.workers.internal.WorkerDaemonExpiration] Will attempt to release 1606 of memory
2024-10-01T11:53:36.325-0400 [DEBUG] [org.gradle.process.internal.health.memory.DefaultMemoryManager] 1684925644 physical memory requested, 0 released, 1047343104 free
2024-10-01T11:53:41.323-0400 [DEBUG] [org.gradle.process.internal.health.memory.DefaultMemoryManager] 1684925644 physical memory requested, 1157697536 free
2024-10-01T11:53:41.323-0400 [DEBUG] [org.gradle.workers.internal.WorkerDaemonExpiration] Will attempt to release 1606 of memory
2024-10-01T11:53:41.323-0400 [DEBUG] [org.gradle.process.internal.health.memory.DefaultMemoryManager] 1684925644 physical memory requested, 0 released, 1157697536 free
2024-10-01T11:53:43.829-0400 [DEBUG] [org.gradle.cache.internal.DefaultFileLockManager] Waiting to acquire shared lock on daemon addresses registry.
2024-10-01T11:53:43.829-0400 [DEBUG] [org.gradle.cache.internal.DefaultFileLockManager] Lock acquired on daemon addresses registry.
2024-10-01T11:53:43.830-0400 [DEBUG] [org.gradle.cache.internal.DefaultFileLockManager] Releasing lock on daemon addresses registry.
2024-10-01T11:53:43.832-0400 [DEBUG] [org.gradle.cache.internal.DefaultFileLockManager] Waiting to acquire shared lock on daemon addresses registry.
2024-10-01T11:53:43.832-0400 [DEBUG] [org.gradle.cache.internal.DefaultFileLockManager] Lock acquired on daemon addresses registry.
2024-10-01T11:53:43.832-0400 [DEBUG] [org.gradle.cache.internal.DefaultFileLockManager] Releasing lock on daemon addresses registry.
2024-10-01T11:53:43.834-0400 [DEBUG] [org.gradle.cache.internal.DefaultFileLockManager] Waiting to acquire shared lock on daemon addresses registry.
2024-10-01T11:53:43.834-0400 [DEBUG] [org.gradle.cache.internal.DefaultFileLockManager] Lock acquired on daemon addresses registry.
2024-10-01T11:53:43.834-0400 [DEBUG] [org.gradle.cache.internal.DefaultFileLockManager] Releasing lock on daemon addresses registry.
2024-10-01T11:53:46.397-0400 [DEBUG] [org.gradle.process.internal.health.memory.DefaultMemoryManager] 1684925644 physical memory requested, 1215131648 free
2024-10-01T11:53:46.397-0400 [DEBUG] [org.gradle.workers.internal.WorkerDaemonExpiration] Will attempt to release 1606 of memory
2024-10-01T11:53:46.398-0400 [DEBUG] [org.gradle.process.internal.health.memory.DefaultMemoryManager] 1684925644 physical memory requested, 0 released, 1215131648 free
2024-10-01T11:53:51.323-0400 [DEBUG] [org.gradle.process.internal.health.memory.DefaultMemoryManager] 1684925644 physical memory requested, 1192210432 free
2024-10-01T11:53:51.323-0400 [DEBUG] [org.gradle.workers.internal.WorkerDaemonExpiration] Will attempt to release 1606 of memory
2024-10-01T11:53:51.323-0400 [DEBUG] [org.gradle.process.internal.health.memory.DefaultMemoryManager] 1684925644 physical memory requested, 0 released, 1192210432 free
2024-10-01T11:53:53.828-0400 [DEBUG] [org.gradle.cache.internal.DefaultFileLockManager] Waiting to acquire shared lock on daemon addresses registry.
2024-10-01T11:53:53.828-0400 [DEBUG] [org.gradle.cache.internal.DefaultFileLockManager] Lock acquired on daemon addresses registry.
2024-10-01T11:53:53.828-0400 [DEBUG] [org.gradle.cache.internal.DefaultFileLockManager] Releasing lock on daemon addresses registry.
2024-10-01T11:53:53.830-0400 [DEBUG] [org.gradle.cache.internal.DefaultFileLockManager] Waiting to acquire shared lock on daemon addresses registry.
2024-10-01T11:53:53.831-0400 [DEBUG] [org.gradle.cache.internal.DefaultFileLockManager] Lock acquired on daemon addresses registry.
2024-10-01T11:53:53.831-0400 [DEBUG] [org.gradle.cache.internal.DefaultFileLockManager] Releasing lock on daemon addresses registry.
2024-10-01T11:53:53.833-0400 [DEBUG] [org.gradle.cache.internal.DefaultFileLockManager] Waiting to acquire shared lock on daemon addresses registry.
2024-10-01T11:53:53.833-0400 [DEBUG] [org.gradle.cache.internal.DefaultFileLockManager] Lock acquired on daemon addresses registry.
2024-10-01T11:53:53.834-0400 [DEBUG] [org.gradle.cache.internal.DefaultFileLockManager] Releasing lock on daemon addresses registry.
2024-10-01T11:53:56.319-0400 [DEBUG] [org.gradle.process.internal.health.memory.DefaultMemoryManager] 1684925644 physical memory requested, 1242042368 free
2024-10-01T11:53:56.319-0400 [DEBUG] [org.gradle.workers.internal.WorkerDaemonExpiration] Will attempt to release 1606 of memory
2024-10-01T11:53:56.319-0400 [DEBUG] [org.gradle.process.internal.health.memory.DefaultMemoryManager] 1684925644 physical memory requested, 0 released, 1242042368 free
2024-10-01T11:54:01.321-0400 [DEBUG] [org.gradle.process.internal.health.memory.DefaultMemoryManager] 1684925644 physical memory requested, 1276690432 free
2024-10-01T11:54:01.321-0400 [DEBUG] [org.gradle.workers.internal.WorkerDaemonExpiration] Will attempt to release 1606 of memory
2024-10-01T11:54:01.321-0400 [DEBUG] [org.gradle.process.internal.health.memory.DefaultMemoryManager] 1684925644 physical memory requested, 0 released, 1276690432 free
2024-10-01T11:54:03.828-0400 [DEBUG] [org.gradle.cache.internal.DefaultFileLockManager] Waiting to acquire shared lock on daemon addresses registry.
2024-10-01T11:54:03.828-0400 [DEBUG] [org.gradle.cache.internal.DefaultFileLockManager] Lock acquired on daemon addresses registry.
2024-10-01T11:54:03.828-0400 [DEBUG] [org.gradle.cache.internal.DefaultFileLockManager] Releasing lock on daemon addresses registry.
2024-10-01T11:54:03.830-0400 [DEBUG] [org.gradle.cache.internal.DefaultFileLockManager] Waiting to acquire shared lock on daemon addresses registry.
2024-10-01T11:54:03.830-0400 [DEBUG] [org.gradle.cache.internal.DefaultFileLockManager] Lock acquired on daemon addresses registry.
2024-10-01T11:54:03.830-0400 [DEBUG] [org.gradle.cache.internal.DefaultFileLockManager] Releasing lock on daemon addresses registry.
2024-10-01T11:54:03.831-0400 [DEBUG] [org.gradle.cache.internal.DefaultFileLockManager] Waiting to acquire shared lock on daemon addresses registry.
2024-10-01T11:54:03.831-0400 [DEBUG] [org.gradle.cache.internal.DefaultFileLockManager] Lock acquired on daemon addresses registry.
2024-10-01T11:54:03.831-0400 [DEBUG] [org.gradle.cache.internal.DefaultFileLockManager] Releasing lock on daemon addresses registry.
2024-10-01T11:54:06.322-0400 [DEBUG] [org.gradle.process.internal.health.memory.DefaultMemoryManager] 1684925644 physical memory requested, 1266094080 free
2024-10-01T11:54:06.323-0400 [DEBUG] [org.gradle.workers.internal.WorkerDaemonExpiration] Will attempt to release 1606 of memory
2024-10-01T11:54:06.323-0400 [DEBUG] [org.gradle.process.internal.health.memory.DefaultMemoryManager] 1684925644 physical memory requested, 0 released, 1266094080 free
2024-10-01T11:54:11.324-0400 [DEBUG] [org.gradle.process.internal.health.memory.DefaultMemoryManager] 1684925644 physical memory requested, 1268588544 free
2024-10-01T11:54:11.324-0400 [DEBUG] [org.gradle.workers.internal.WorkerDaemonExpiration] Will attempt to release 1606 of memory
2024-10-01T11:54:11.324-0400 [DEBUG] [org.gradle.process.internal.health.memory.DefaultMemoryManager] 1684925644 physical memory requested, 0 released, 1268588544 free
2024-10-01T11:54:13.828-0400 [DEBUG] [org.gradle.cache.internal.DefaultFileLockManager] Waiting to acquire shared lock on daemon addresses registry.
2024-10-01T11:54:13.829-0400 [DEBUG] [org.gradle.cache.internal.DefaultFileLockManager] Lock acquired on daemon addresses registry.
2024-10-01T11:54:13.830-0400 [DEBUG] [org.gradle.cache.internal.DefaultFileLockManager] Releasing lock on daemon addresses registry.
2024-10-01T11:54:13.831-0400 [DEBUG] [org.gradle.cache.internal.DefaultFileLockManager] Waiting to acquire shared lock on daemon addresses registry.
2024-10-01T11:54:13.831-0400 [DEBUG] [org.gradle.cache.internal.DefaultFileLockManager] Lock acquired on daemon addresses registry.
2024-10-01T11:54:13.832-0400 [DEBUG] [org.gradle.cache.internal.DefaultFileLockManager] Releasing lock on daemon addresses registry.
2024-10-01T11:54:13.833-0400 [DEBUG] [org.gradle.cache.internal.DefaultFileLockManager] Waiting to acquire shared lock on daemon addresses registry.
2024-10-01T11:54:13.834-0400 [DEBUG] [org.gradle.cache.internal.DefaultFileLockManager] Lock acquired on daemon addresses registry.
2024-10-01T11:54:13.834-0400 [DEBUG] [org.gradle.cache.internal.DefaultFileLockManager] Releasing lock on daemon addresses registry.
2024-10-01T11:54:16.323-0400 [DEBUG] [org.gradle.process.internal.health.memory.DefaultMemoryManager] 1684925644 physical memory requested, 1221910528 free
2024-10-01T11:54:16.323-0400 [DEBUG] [org.gradle.workers.internal.WorkerDaemonExpiration] Will attempt to release 1606 of memory
2024-10-01T11:54:16.324-0400 [DEBUG] [org.gradle.process.internal.health.memory.DefaultMemoryManager] 1684925644 physical memory requested, 0 released, 1221910528 free
2024-10-01T11:54:21.321-0400 [DEBUG] [org.gradle.process.internal.health.memory.DefaultMemoryManager] 1684925644 physical memory requested, 1243660288 free
2024-10-01T11:54:21.322-0400 [DEBUG] [org.gradle.workers.internal.WorkerDaemonExpiration] Will attempt to release 1606 of memory
2024-10-01T11:54:21.322-0400 [DEBUG] [org.gradle.process.internal.health.memory.DefaultMemoryManager] 1684925644 physical memory requested, 0 released, 1243660288 free
2024-10-01T11:54:23.830-0400 [DEBUG] [org.gradle.cache.internal.DefaultFileLockManager] Waiting to acquire shared lock on daemon addresses registry.
2024-10-01T11:54:23.831-0400 [DEBUG] [org.gradle.cache.internal.DefaultFileLockManager] Lock acquired on daemon addresses registry.
2024-10-01T11:54:23.832-0400 [DEBUG] [org.gradle.cache.internal.DefaultFileLockManager] Releasing lock on daemon addresses registry.
2024-10-01T11:54:23.834-0400 [DEBUG] [org.gradle.cache.internal.DefaultFileLockManager] Waiting to acquire shared lock on daemon addresses registry.
2024-10-01T11:54:23.835-0400 [DEBUG] [org.gradle.cache.internal.DefaultFileLockManager] Lock acquired on daemon addresses registry.
2024-10-01T11:54:23.835-0400 [DEBUG] [org.gradle.cache.internal.DefaultFileLockManager] Releasing lock on daemon addresses registry.
2024-10-01T11:54:23.837-0400 [DEBUG] [org.gradle.cache.internal.DefaultFileLockManager] Waiting to acquire shared lock on daemon addresses registry.
2024-10-01T11:54:23.838-0400 [DEBUG] [org.gradle.cache.internal.DefaultFileLockManager] Lock acquired on daemon addresses registry.
2024-10-01T11:54:23.839-0400 [DEBUG] [org.gradle.cache.internal.DefaultFileLockManager] Releasing lock on daemon addresses registry.
2024-10-01T11:54:26.337-0400 [DEBUG] [org.gradle.process.internal.health.memory.DefaultMemoryManager] 1684925644 physical memory requested, 1212076032 free
2024-10-01T11:54:26.337-0400 [DEBUG] [org.gradle.workers.internal.WorkerDaemonExpiration] Will attempt to release 1606 of memory
2024-10-01T11:54:26.337-0400 [DEBUG] [org.gradle.process.internal.health.memory.DefaultMemoryManager] 1684925644 physical memory requested, 0 released, 1212076032 free
2024-10-01T11:54:31.333-0400 [DEBUG] [org.gradle.process.internal.health.memory.DefaultMemoryManager] 1684925644 physical memory requested, 1284689920 free
2024-10-01T11:54:31.333-0400 [DEBUG] [org.gradle.workers.internal.WorkerDaemonExpiration] Will attempt to release 1606 of memory
2024-10-01T11:54:31.333-0400 [DEBUG] [org.gradle.process.internal.health.memory.DefaultMemoryManager] 1684925644 physical memory requested, 0 released, 1284689920 free
2024-10-01T11:54:33.830-0400 [DEBUG] [org.gradle.cache.internal.DefaultFileLockManager] Waiting to acquire shared lock on daemon addresses registry.
2024-10-01T11:54:33.830-0400 [DEBUG] [org.gradle.cache.internal.DefaultFileLockManager] Lock acquired on daemon addresses registry.
2024-10-01T11:54:33.831-0400 [DEBUG] [org.gradle.cache.internal.DefaultFileLockManager] Releasing lock on daemon addresses registry.
2024-10-01T11:54:33.834-0400 [DEBUG] [org.gradle.cache.internal.DefaultFileLockManager] Waiting to acquire shared lock on daemon addresses registry.
2024-10-01T11:54:33.835-0400 [DEBUG] [org.gradle.cache.internal.DefaultFileLockManager] Lock acquired on daemon addresses registry.
2024-10-01T11:54:33.835-0400 [DEBUG] [org.gradle.cache.internal.DefaultFileLockManager] Releasing lock on daemon addresses registry.
2024-10-01T11:54:33.838-0400 [DEBUG] [org.gradle.cache.internal.DefaultFileLockManager] Waiting to acquire shared lock on daemon addresses registry.
2024-10-01T11:54:33.838-0400 [DEBUG] [org.gradle.cache.internal.DefaultFileLockManager] Lock acquired on daemon addresses registry.
2024-10-01T11:54:33.838-0400 [DEBUG] [org.gradle.cache.internal.DefaultFileLockManager] Releasing lock on daemon addresses registry.
2024-10-01T11:54:36.325-0400 [DEBUG] [org.gradle.process.internal.health.memory.DefaultMemoryManager] 1684925644 physical memory requested, 1068363776 free
2024-10-01T11:54:36.325-0400 [DEBUG] [org.gradle.workers.internal.WorkerDaemonExpiration] Will attempt to release 1606 of memory
2024-10-01T11:54:36.325-0400 [DEBUG] [org.gradle.process.internal.health.memory.DefaultMemoryManager] 1684925644 physical memory requested, 0 released, 1068363776 free
2024-10-01T11:54:41.323-0400 [DEBUG] [org.gradle.process.internal.health.memory.DefaultMemoryManager] 1684925644 physical memory requested, 1073901568 free
2024-10-01T11:54:41.323-0400 [DEBUG] [org.gradle.workers.internal.WorkerDaemonExpiration] Will attempt to release 1606 of memory
2024-10-01T11:54:41.323-0400 [DEBUG] [org.gradle.process.internal.health.memory.DefaultMemoryManager] 1684925644 physical memory requested, 0 released, 1073901568 free
2024-10-01T11:54:43.830-0400 [DEBUG] [org.gradle.cache.internal.DefaultFileLockManager] Waiting to acquire shared lock on daemon addresses registry.
2024-10-01T11:54:43.831-0400 [DEBUG] [org.gradle.cache.internal.DefaultFileLockManager] Lock acquired on daemon addresses registry.
2024-10-01T11:54:43.831-0400 [DEBUG] [org.gradle.cache.internal.DefaultFileLockManager] Releasing lock on daemon addresses registry.
2024-10-01T11:54:43.833-0400 [DEBUG] [org.gradle.cache.internal.DefaultFileLockManager] Waiting to acquire shared lock on daemon addresses registry.
2024-10-01T11:54:43.833-0400 [DEBUG] [org.gradle.cache.internal.DefaultFileLockManager] Lock acquired on daemon addresses registry.
2024-10-01T11:54:43.834-0400 [DEBUG] [org.gradle.cache.internal.DefaultFileLockManager] Releasing lock on daemon addresses registry.
2024-10-01T11:54:43.835-0400 [DEBUG] [org.gradle.cache.internal.DefaultFileLockManager] Waiting to acquire shared lock on daemon addresses registry.
2024-10-01T11:54:43.835-0400 [DEBUG] [org.gradle.cache.internal.DefaultFileLockManager] Lock acquired on daemon addresses registry.
2024-10-01T11:54:43.836-0400 [DEBUG] [org.gradle.cache.internal.DefaultFileLockManager] Releasing lock on daemon addresses registry.
2024-10-01T11:54:46.319-0400 [DEBUG] [org.gradle.process.internal.health.memory.DefaultMemoryManager] 1684925644 physical memory requested, 1106288640 free
2024-10-01T11:54:46.319-0400 [DEBUG] [org.gradle.workers.internal.WorkerDaemonExpiration] Will attempt to release 1606 of memory
2024-10-01T11:54:46.319-0400 [DEBUG] [org.gradle.process.internal.health.memory.DefaultMemoryManager] 1684925644 physical memory requested, 0 released, 1106288640 free
2024-10-01T11:54:51.319-0400 [DEBUG] [org.gradle.process.internal.health.memory.DefaultMemoryManager] 1684925644 physical memory requested, 1148289024 free
2024-10-01T11:54:51.319-0400 [DEBUG] [org.gradle.workers.internal.WorkerDaemonExpiration] Will attempt to release 1606 of memory
2024-10-01T11:54:51.319-0400 [DEBUG] [org.gradle.process.internal.health.memory.DefaultMemoryManager] 1684925644 physical memory requested, 0 released, 1148289024 free
2024-10-01T11:54:53.829-0400 [DEBUG] [org.gradle.cache.internal.DefaultFileLockManager] Waiting to acquire shared lock on daemon addresses registry.
2024-10-01T11:54:53.830-0400 [DEBUG] [org.gradle.cache.internal.DefaultFileLockManager] Lock acquired on daemon addresses registry.
2024-10-01T11:54:53.830-0400 [DEBUG] [org.gradle.cache.internal.DefaultFileLockManager] Releasing lock on daemon addresses registry.
2024-10-01T11:54:53.831-0400 [DEBUG] [org.gradle.cache.internal.DefaultFileLockManager] Waiting to acquire shared lock on daemon addresses registry.
2024-10-01T11:54:53.831-0400 [DEBUG] [org.gradle.cache.internal.DefaultFileLockManager] Lock acquired on daemon addresses registry.
2024-10-01T11:54:53.832-0400 [DEBUG] [org.gradle.cache.internal.DefaultFileLockManager] Releasing lock on daemon addresses registry.
2024-10-01T11:54:53.832-0400 [DEBUG] [org.gradle.cache.internal.DefaultFileLockManager] Waiting to acquire shared lock on daemon addresses registry.
2024-10-01T11:54:53.833-0400 [DEBUG] [org.gradle.cache.internal.DefaultFileLockManager] Lock acquired on daemon addresses registry.
2024-10-01T11:54:53.834-0400 [DEBUG] [org.gradle.cache.internal.DefaultFileLockManager] Releasing lock on daemon addresses registry.
2024-10-01T11:54:56.322-0400 [DEBUG] [org.gradle.process.internal.health.memory.DefaultMemoryManager] 1684925644 physical memory requested, 1143558144 free
2024-10-01T11:54:56.322-0400 [DEBUG] [org.gradle.workers.internal.WorkerDaemonExpiration] Will attempt to release 1606 of memory
2024-10-01T11:54:56.322-0400 [DEBUG] [org.gradle.process.internal.health.memory.DefaultMemoryManager] 1684925644 physical memory requested, 0 released, 1143558144 free
2024-10-01T11:55:01.338-0400 [DEBUG] [org.gradle.process.internal.health.memory.DefaultMemoryManager] 1684925644 physical memory requested, 1159700480 free
2024-10-01T11:55:01.339-0400 [DEBUG] [org.gradle.workers.internal.WorkerDaemonExpiration] Will attempt to release 1606 of memory
2024-10-01T11:55:01.339-0400 [DEBUG] [org.gradle.process.internal.health.memory.DefaultMemoryManager] 1684925644 physical memory requested, 0 released, 1159700480 free
2024-10-01T11:55:03.829-0400 [DEBUG] [org.gradle.cache.internal.DefaultFileLockManager] Waiting to acquire shared lock on daemon addresses registry.
2024-10-01T11:55:03.830-0400 [DEBUG] [org.gradle.cache.internal.DefaultFileLockManager] Lock acquired on daemon addresses registry.
2024-10-01T11:55:03.830-0400 [DEBUG] [org.gradle.cache.internal.DefaultFileLockManager] Releasing lock on daemon addresses registry.
2024-10-01T11:55:03.832-0400 [DEBUG] [org.gradle.cache.internal.DefaultFileLockManager] Waiting to acquire shared lock on daemon addresses registry.
2024-10-01T11:55:03.833-0400 [DEBUG] [org.gradle.cache.internal.DefaultFileLockManager] Lock acquired on daemon addresses registry.
2024-10-01T11:55:03.833-0400 [DEBUG] [org.gradle.cache.internal.DefaultFileLockManager] Releasing lock on daemon addresses registry.
2024-10-01T11:55:03.834-0400 [DEBUG] [org.gradle.cache.internal.DefaultFileLockManager] Waiting to acquire shared lock on daemon addresses registry.
2024-10-01T11:55:03.835-0400 [DEBUG] [org.gradle.cache.internal.DefaultFileLockManager] Lock acquired on daemon addresses registry.
2024-10-01T11:55:03.835-0400 [DEBUG] [org.gradle.cache.internal.DefaultFileLockManager] Releasing lock on daemon addresses registry.
2024-10-01T11:55:06.323-0400 [DEBUG] [org.gradle.process.internal.health.memory.DefaultMemoryManager] 1684925644 physical memory requested, 1300881408 free
2024-10-01T11:55:06.323-0400 [DEBUG] [org.gradle.workers.internal.WorkerDaemonExpiration] Will attempt to release 1606 of memory
2024-10-01T11:55:06.323-0400 [DEBUG] [org.gradle.process.internal.health.memory.DefaultMemoryManager] 1684925644 physical memory requested, 0 released, 1300881408 free
2024-10-01T11:55:11.321-0400 [DEBUG] [org.gradle.process.internal.health.memory.DefaultMemoryManager] 1684925644 physical memory requested, 1324027904 free
2024-10-01T11:55:11.322-0400 [DEBUG] [org.gradle.workers.internal.WorkerDaemonExpiration] Will attempt to release 1606 of memory
2024-10-01T11:55:11.322-0400 [DEBUG] [org.gradle.process.internal.health.memory.DefaultMemoryManager] 1684925644 physical memory requested, 0 released, 1324027904 free
2024-10-01T11:55:13.828-0400 [DEBUG] [org.gradle.cache.internal.DefaultFileLockManager] Waiting to acquire shared lock on daemon addresses registry.
2024-10-01T11:55:13.829-0400 [DEBUG] [org.gradle.cache.internal.DefaultFileLockManager] Lock acquired on daemon addresses registry.
2024-10-01T11:55:13.829-0400 [DEBUG] [org.gradle.cache.internal.DefaultFileLockManager] Releasing lock on daemon addresses registry.
2024-10-01T11:55:13.831-0400 [DEBUG] [org.gradle.cache.internal.DefaultFileLockManager] Waiting to acquire shared lock on daemon addresses registry.
2024-10-01T11:55:13.831-0400 [DEBUG] [org.gradle.cache.internal.DefaultFileLockManager] Lock acquired on daemon addresses registry.
2024-10-01T11:55:13.832-0400 [DEBUG] [org.gradle.cache.internal.DefaultFileLockManager] Releasing lock on daemon addresses registry.
2024-10-01T11:55:13.833-0400 [DEBUG] [org.gradle.cache.internal.DefaultFileLockManager] Waiting to acquire shared lock on daemon addresses registry.
2024-10-01T11:55:13.834-0400 [DEBUG] [org.gradle.cache.internal.DefaultFileLockManager] Lock acquired on daemon addresses registry.
2024-10-01T11:55:13.834-0400 [DEBUG] [org.gradle.cache.internal.DefaultFileLockManager] Releasing lock on daemon addresses registry.
2024-10-01T11:55:16.321-0400 [DEBUG] [org.gradle.process.internal.health.memory.DefaultMemoryManager] 1684925644 physical memory requested, 1328586752 free
2024-10-01T11:55:16.321-0400 [DEBUG] [org.gradle.workers.internal.WorkerDaemonExpiration] Will attempt to release 1606 of memory
2024-10-01T11:55:16.321-0400 [DEBUG] [org.gradle.process.internal.health.memory.DefaultMemoryManager] 1684925644 physical memory requested, 0 released, 1328586752 free
2024-10-01T11:55:21.320-0400 [DEBUG] [org.gradle.process.internal.health.memory.DefaultMemoryManager] 1684925644 physical memory requested, 1279361024 free
2024-10-01T11:55:21.320-0400 [DEBUG] [org.gradle.workers.internal.WorkerDaemonExpiration] Will attempt to release 1606 of memory
2024-10-01T11:55:21.320-0400 [DEBUG] [org.gradle.process.internal.health.memory.DefaultMemoryManager] 1684925644 physical memory requested, 0 released, 1279361024 free
2024-10-01T11:55:23.830-0400 [DEBUG] [org.gradle.cache.internal.DefaultFileLockManager] Waiting to acquire shared lock on daemon addresses registry.
2024-10-01T11:55:23.830-0400 [DEBUG] [org.gradle.cache.internal.DefaultFileLockManager] Lock acquired on daemon addresses registry.
2024-10-01T11:55:23.831-0400 [DEBUG] [org.gradle.cache.internal.DefaultFileLockManager] Releasing lock on daemon addresses registry.
2024-10-01T11:55:23.834-0400 [DEBUG] [org.gradle.cache.internal.DefaultFileLockManager] Waiting to acquire shared lock on daemon addresses registry.
2024-10-01T11:55:23.834-0400 [DEBUG] [org.gradle.cache.internal.DefaultFileLockManager] Lock acquired on daemon addresses registry.
2024-10-01T11:55:23.834-0400 [DEBUG] [org.gradle.cache.internal.DefaultFileLockManager] Releasing lock on daemon addresses registry.
2024-10-01T11:55:23.836-0400 [DEBUG] [org.gradle.cache.internal.DefaultFileLockManager] Waiting to acquire shared lock on daemon addresses registry.
2024-10-01T11:55:23.836-0400 [DEBUG] [org.gradle.cache.internal.DefaultFileLockManager] Lock acquired on daemon addresses registry.
2024-10-01T11:55:23.837-0400 [DEBUG] [org.gradle.cache.internal.DefaultFileLockManager] Releasing lock on daemon addresses registry.
2024-10-01T11:55:26.324-0400 [DEBUG] [org.gradle.process.internal.health.memory.DefaultMemoryManager] 1684925644 physical memory requested, 1266388992 free
2024-10-01T11:55:26.324-0400 [DEBUG] [org.gradle.workers.internal.WorkerDaemonExpiration] Will attempt to release 1606 of memory
2024-10-01T11:55:26.324-0400 [DEBUG] [org.gradle.process.internal.health.memory.DefaultMemoryManager] 1684925644 physical memory requested, 0 released, 1266388992 free
2024-10-01T11:55:31.323-0400 [DEBUG] [org.gradle.process.internal.health.memory.DefaultMemoryManager] 1684925644 physical memory requested, 1257803776 free
2024-10-01T11:55:31.323-0400 [DEBUG] [org.gradle.workers.internal.WorkerDaemonExpiration] Will attempt to release 1606 of memory
2024-10-01T11:55:31.323-0400 [DEBUG] [org.gradle.process.internal.health.memory.DefaultMemoryManager] 1684925644 physical memory requested, 0 released, 1257803776 free
2024-10-01T11:55:33.830-0400 [DEBUG] [org.gradle.cache.internal.DefaultFileLockManager] Waiting to acquire shared lock on daemon addresses registry.
2024-10-01T11:55:33.830-0400 [DEBUG] [org.gradle.cache.internal.DefaultFileLockManager] Lock acquired on daemon addresses registry.
2024-10-01T11:55:33.831-0400 [DEBUG] [org.gradle.cache.internal.DefaultFileLockManager] Releasing lock on daemon addresses registry.
2024-10-01T11:55:33.832-0400 [DEBUG] [org.gradle.cache.internal.DefaultFileLockManager] Waiting to acquire shared lock on daemon addresses registry.
2024-10-01T11:55:33.833-0400 [DEBUG] [org.gradle.cache.internal.DefaultFileLockManager] Lock acquired on daemon addresses registry.
2024-10-01T11:55:33.833-0400 [DEBUG] [org.gradle.cache.internal.DefaultFileLockManager] Releasing lock on daemon addresses registry.
2024-10-01T11:55:33.834-0400 [DEBUG] [org.gradle.cache.internal.DefaultFileLockManager] Waiting to acquire shared lock on daemon addresses registry.
2024-10-01T11:55:33.834-0400 [DEBUG] [org.gradle.cache.internal.DefaultFileLockManager] Lock acquired on daemon addresses registry.
2024-10-01T11:55:33.834-0400 [DEBUG] [org.gradle.cache.internal.DefaultFileLockManager] Releasing lock on daemon addresses registry.
2024-10-01T11:55:36.320-0400 [DEBUG] [org.gradle.process.internal.health.memory.DefaultMemoryManager] 1684925644 physical memory requested, 1317908480 free
2024-10-01T11:55:36.320-0400 [DEBUG] [org.gradle.workers.internal.WorkerDaemonExpiration] Will attempt to release 1606 of memory
2024-10-01T11:55:36.320-0400 [DEBUG] [org.gradle.process.internal.health.memory.DefaultMemoryManager] 1684925644 physical memory requested, 0 released, 1317908480 free
2024-10-01T11:55:41.320-0400 [DEBUG] [org.gradle.process.internal.health.memory.DefaultMemoryManager] 1684925644 physical memory requested, 1318854656 free
2024-10-01T11:55:41.321-0400 [DEBUG] [org.gradle.workers.internal.WorkerDaemonExpiration] Will attempt to release 1606 of memory
2024-10-01T11:55:41.321-0400 [DEBUG] [org.gradle.process.internal.health.memory.DefaultMemoryManager] 1684925644 physical memory requested, 0 released, 1318854656 free
2024-10-01T11:55:43.205-0400 [DEBUG] [sun.rmi.transport.tcp] RMI TCP Connection(5)-127.0.0.1: accepted socket from [127.0.0.1:65388]
2024-10-01T11:55:43.206-0400 [DEBUG] [sun.rmi.transport.tcp] RMI TCP Connection(5)-127.0.0.1: (port 63653) op = 80
2024-10-01T11:55:43.207-0400 [DEBUG] [sun.rmi.loader] RMI TCP Connection(5)-127.0.0.1: name = "[Ljava.rmi.server.ObjID;", codebase = "", defaultLoader = jdk.internal.loader.ClassLoaders$PlatformClassLoader@4b80dbe7
2024-10-01T11:55:43.207-0400 [DEBUG] [sun.rmi.loader] RMI TCP Connection(5)-127.0.0.1: name = "java.rmi.dgc.Lease", codebase = "", defaultLoader = jdk.internal.loader.ClassLoaders$PlatformClassLoader@4b80dbe7
2024-10-01T11:55:43.208-0400 [DEBUG] [sun.rmi.loader] RMI TCP Connection(5)-127.0.0.1: name = "java.rmi.dgc.VMID", codebase = "", defaultLoader = jdk.internal.loader.ClassLoaders$PlatformClassLoader@4b80dbe7
2024-10-01T11:55:43.208-0400 [DEBUG] [sun.rmi.loader] RMI TCP Connection(5)-127.0.0.1: name = "[B", codebase = "", defaultLoader = jdk.internal.loader.ClassLoaders$PlatformClassLoader@4b80dbe7
2024-10-01T11:55:43.208-0400 [DEBUG] [sun.rmi.loader] RMI TCP Connection(5)-127.0.0.1: name = "java.rmi.server.UID", codebase = "", defaultLoader = jdk.internal.loader.ClassLoaders$PlatformClassLoader@4b80dbe7
2024-10-01T11:55:43.828-0400 [DEBUG] [org.gradle.cache.internal.DefaultFileLockManager] Waiting to acquire shared lock on daemon addresses registry.
2024-10-01T11:55:43.829-0400 [DEBUG] [org.gradle.cache.internal.DefaultFileLockManager] Lock acquired on daemon addresses registry.
2024-10-01T11:55:43.829-0400 [DEBUG] [org.gradle.cache.internal.DefaultFileLockManager] Releasing lock on daemon addresses registry.
2024-10-01T11:55:43.831-0400 [DEBUG] [org.gradle.cache.internal.DefaultFileLockManager] Waiting to acquire shared lock on daemon addresses registry.
2024-10-01T11:55:43.832-0400 [DEBUG] [org.gradle.cache.internal.DefaultFileLockManager] Lock acquired on daemon addresses registry.
2024-10-01T11:55:43.832-0400 [DEBUG] [org.gradle.cache.internal.DefaultFileLockManager] Releasing lock on daemon addresses registry.
2024-10-01T11:55:43.834-0400 [DEBUG] [org.gradle.cache.internal.DefaultFileLockManager] Waiting to acquire shared lock on daemon addresses registry.
2024-10-01T11:55:43.834-0400 [DEBUG] [org.gradle.cache.internal.DefaultFileLockManager] Lock acquired on daemon addresses registry.
2024-10-01T11:55:43.835-0400 [DEBUG] [org.gradle.cache.internal.DefaultFileLockManager] Releasing lock on daemon addresses registry.
2024-10-01T11:55:46.322-0400 [DEBUG] [org.gradle.process.internal.health.memory.DefaultMemoryManager] 1684925644 physical memory requested, 1306087424 free
2024-10-01T11:55:46.322-0400 [DEBUG] [org.gradle.workers.internal.WorkerDaemonExpiration] Will attempt to release 1606 of memory
2024-10-01T11:55:46.322-0400 [DEBUG] [org.gradle.process.internal.health.memory.DefaultMemoryManager] 1684925644 physical memory requested, 0 released, 1306087424 free
2024-10-01T11:55:51.334-0400 [DEBUG] [org.gradle.process.internal.health.memory.DefaultMemoryManager] 1684925644 physical memory requested, 1306935296 free
2024-10-01T11:55:51.334-0400 [DEBUG] [org.gradle.workers.internal.WorkerDaemonExpiration] Will attempt to release 1606 of memory
2024-10-01T11:55:51.334-0400 [DEBUG] [org.gradle.process.internal.health.memory.DefaultMemoryManager] 1684925644 physical memory requested, 0 released, 1306935296 free
2024-10-01T11:55:53.827-0400 [DEBUG] [org.gradle.cache.internal.DefaultFileLockManager] Waiting to acquire shared lock on daemon addresses registry.
2024-10-01T11:55:53.828-0400 [DEBUG] [org.gradle.cache.internal.DefaultFileLockManager] Lock acquired on daemon addresses registry.
2024-10-01T11:55:53.828-0400 [DEBUG] [org.gradle.cache.internal.DefaultFileLockManager] Releasing lock on daemon addresses registry.
2024-10-01T11:55:53.829-0400 [DEBUG] [org.gradle.cache.internal.DefaultFileLockManager] Waiting to acquire shared lock on daemon addresses registry.
2024-10-01T11:55:53.829-0400 [DEBUG] [org.gradle.cache.internal.DefaultFileLockManager] Lock acquired on daemon addresses registry.
2024-10-01T11:55:53.829-0400 [DEBUG] [org.gradle.cache.internal.DefaultFileLockManager] Releasing lock on daemon addresses registry.
2024-10-01T11:55:53.829-0400 [DEBUG] [org.gradle.cache.internal.DefaultFileLockManager] Waiting to acquire shared lock on daemon addresses registry.
2024-10-01T11:55:53.829-0400 [DEBUG] [org.gradle.cache.internal.DefaultFileLockManager] Lock acquired on daemon addresses registry.
2024-10-01T11:55:53.829-0400 [DEBUG] [org.gradle.cache.internal.DefaultFileLockManager] Releasing lock on daemon addresses registry.
2024-10-01T11:55:56.319-0400 [DEBUG] [org.gradle.process.internal.health.memory.DefaultMemoryManager] 1684925644 physical memory requested, 1295851520 free
2024-10-01T11:55:56.319-0400 [DEBUG] [org.gradle.workers.internal.WorkerDaemonExpiration] Will attempt to release 1606 of memory
2024-10-01T11:55:56.319-0400 [DEBUG] [org.gradle.process.internal.health.memory.DefaultMemoryManager] 1684925644 physical memory requested, 0 released, 1295851520 free
2024-10-01T11:55:58.212-0400 [DEBUG] [sun.rmi.transport.tcp] RMI TCP Connection(5)-127.0.0.1: (port 63653) connection closed
2024-10-01T11:55:58.212-0400 [DEBUG] [sun.rmi.transport.tcp] RMI TCP Connection(5)-127.0.0.1: close connection, socket: Socket[addr=/127.0.0.1,port=65388,localport=63653]
2024-10-01T11:55:58.212-0400 [DEBUG] [sun.rmi.transport.tcp] RMI TCP Connection(5)-127.0.0.1: socket close: Socket[addr=/127.0.0.1,port=65388,localport=63653]
2024-10-01T11:56:01.324-0400 [DEBUG] [org.gradle.process.internal.health.memory.DefaultMemoryManager] 1684925644 physical memory requested, 1311535104 free
2024-10-01T11:56:01.324-0400 [DEBUG] [org.gradle.workers.internal.WorkerDaemonExpiration] Will attempt to release 1606 of memory
2024-10-01T11:56:01.324-0400 [DEBUG] [org.gradle.process.internal.health.memory.DefaultMemoryManager] 1684925644 physical memory requested, 0 released, 1311535104 free
2024-10-01T11:56:03.829-0400 [DEBUG] [org.gradle.cache.internal.DefaultFileLockManager] Waiting to acquire shared lock on daemon addresses registry.
2024-10-01T11:56:03.829-0400 [DEBUG] [org.gradle.cache.internal.DefaultFileLockManager] Lock acquired on daemon addresses registry.
2024-10-01T11:56:03.829-0400 [DEBUG] [org.gradle.cache.internal.DefaultFileLockManager] Releasing lock on daemon addresses registry.
2024-10-01T11:56:03.831-0400 [DEBUG] [org.gradle.cache.internal.DefaultFileLockManager] Waiting to acquire shared lock on daemon addresses registry.
2024-10-01T11:56:03.831-0400 [DEBUG] [org.gradle.cache.internal.DefaultFileLockManager] Lock acquired on daemon addresses registry.
2024-10-01T11:56:03.831-0400 [DEBUG] [org.gradle.cache.internal.DefaultFileLockManager] Releasing lock on daemon addresses registry.
2024-10-01T11:56:03.832-0400 [DEBUG] [org.gradle.cache.internal.DefaultFileLockManager] Waiting to acquire shared lock on daemon addresses registry.
2024-10-01T11:56:03.832-0400 [DEBUG] [org.gradle.cache.internal.DefaultFileLockManager] Lock acquired on daemon addresses registry.
2024-10-01T11:56:03.832-0400 [DEBUG] [org.gradle.cache.internal.DefaultFileLockManager] Releasing lock on daemon addresses registry.
2024-10-01T11:56:06.322-0400 [DEBUG] [org.gradle.process.internal.health.memory.DefaultMemoryManager] 1684925644 physical memory requested, 1113927680 free
2024-10-01T11:56:06.322-0400 [DEBUG] [org.gradle.workers.internal.WorkerDaemonExpiration] Will attempt to release 1606 of memory
2024-10-01T11:56:06.323-0400 [DEBUG] [org.gradle.process.internal.health.memory.DefaultMemoryManager] 1684925644 physical memory requested, 0 released, 1113927680 free
2024-10-01T11:56:11.331-0400 [DEBUG] [org.gradle.process.internal.health.memory.DefaultMemoryManager] 1684925644 physical memory requested, 1104666624 free
2024-10-01T11:56:11.331-0400 [DEBUG] [org.gradle.workers.internal.WorkerDaemonExpiration] Will attempt to release 1606 of memory
2024-10-01T11:56:11.332-0400 [DEBUG] [org.gradle.process.internal.health.memory.DefaultMemoryManager] 1684925644 physical memory requested, 0 released, 1104666624 free
2024-10-01T11:56:13.828-0400 [DEBUG] [org.gradle.cache.internal.DefaultFileLockManager] Waiting to acquire shared lock on daemon addresses registry.
2024-10-01T11:56:13.829-0400 [DEBUG] [org.gradle.cache.internal.DefaultFileLockManager] Lock acquired on daemon addresses registry.
2024-10-01T11:56:13.829-0400 [DEBUG] [org.gradle.cache.internal.DefaultFileLockManager] Releasing lock on daemon addresses registry.
2024-10-01T11:56:13.834-0400 [DEBUG] [org.gradle.cache.internal.DefaultFileLockManager] Waiting to acquire shared lock on daemon addresses registry.
2024-10-01T11:56:13.834-0400 [DEBUG] [org.gradle.cache.internal.DefaultFileLockManager] Lock acquired on daemon addresses registry.
2024-10-01T11:56:13.836-0400 [DEBUG] [org.gradle.cache.internal.DefaultFileLockManager] Releasing lock on daemon addresses registry.
2024-10-01T11:56:13.840-0400 [DEBUG] [org.gradle.cache.internal.DefaultFileLockManager] Waiting to acquire shared lock on daemon addresses registry.
2024-10-01T11:56:13.841-0400 [DEBUG] [org.gradle.cache.internal.DefaultFileLockManager] Lock acquired on daemon addresses registry.
2024-10-01T11:56:13.842-0400 [DEBUG] [org.gradle.cache.internal.DefaultFileLockManager] Releasing lock on daemon addresses registry.
2024-10-01T11:56:16.325-0400 [DEBUG] [org.gradle.process.internal.health.memory.DefaultMemoryManager] 1684925644 physical memory requested, 1105129472 free
2024-10-01T11:56:16.325-0400 [DEBUG] [org.gradle.workers.internal.WorkerDaemonExpiration] Will attempt to release 1606 of memory
2024-10-01T11:56:16.325-0400 [DEBUG] [org.gradle.process.internal.health.memory.DefaultMemoryManager] 1684925644 physical memory requested, 0 released, 1105129472 free
2024-10-01T11:56:21.322-0400 [DEBUG] [org.gradle.process.internal.health.memory.DefaultMemoryManager] 1684925644 physical memory requested, 1077067776 free
2024-10-01T11:56:21.322-0400 [DEBUG] [org.gradle.workers.internal.WorkerDaemonExpiration] Will attempt to release 1606 of memory
2024-10-01T11:56:21.322-0400 [DEBUG] [org.gradle.process.internal.health.memory.DefaultMemoryManager] 1684925644 physical memory requested, 0 released, 1077067776 free
2024-10-01T11:56:23.828-0400 [DEBUG] [org.gradle.cache.internal.DefaultFileLockManager] Waiting to acquire shared lock on daemon addresses registry.
2024-10-01T11:56:23.828-0400 [DEBUG] [org.gradle.cache.internal.DefaultFileLockManager] Lock acquired on daemon addresses registry.
2024-10-01T11:56:23.828-0400 [DEBUG] [org.gradle.cache.internal.DefaultFileLockManager] Releasing lock on daemon addresses registry.
2024-10-01T11:56:23.829-0400 [DEBUG] [org.gradle.cache.internal.DefaultFileLockManager] Waiting to acquire shared lock on daemon addresses registry.
2024-10-01T11:56:23.829-0400 [DEBUG] [org.gradle.cache.internal.DefaultFileLockManager] Lock acquired on daemon addresses registry.
2024-10-01T11:56:23.830-0400 [DEBUG] [org.gradle.cache.internal.DefaultFileLockManager] Releasing lock on daemon addresses registry.
2024-10-01T11:56:23.831-0400 [DEBUG] [org.gradle.cache.internal.DefaultFileLockManager] Waiting to acquire shared lock on daemon addresses registry.
2024-10-01T11:56:23.831-0400 [DEBUG] [org.gradle.cache.internal.DefaultFileLockManager] Lock acquired on daemon addresses registry.
2024-10-01T11:56:23.831-0400 [DEBUG] [org.gradle.cache.internal.DefaultFileLockManager] Releasing lock on daemon addresses registry.
2024-10-01T11:56:26.320-0400 [DEBUG] [org.gradle.process.internal.health.memory.DefaultMemoryManager] 1684925644 physical memory requested, 1064189952 free
2024-10-01T11:56:26.320-0400 [DEBUG] [org.gradle.workers.internal.WorkerDaemonExpiration] Will attempt to release 1606 of memory
2024-10-01T11:56:26.320-0400 [DEBUG] [org.gradle.process.internal.health.memory.DefaultMemoryManager] 1684925644 physical memory requested, 0 released, 1064189952 free
2024-10-01T11:56:31.324-0400 [DEBUG] [org.gradle.process.internal.health.memory.DefaultMemoryManager] 1684925644 physical memory requested, 1092464640 free
2024-10-01T11:56:31.324-0400 [DEBUG] [org.gradle.workers.internal.WorkerDaemonExpiration] Will attempt to release 1606 of memory
2024-10-01T11:56:31.324-0400 [DEBUG] [org.gradle.process.internal.health.memory.DefaultMemoryManager] 1684925644 physical memory requested, 0 released, 1092464640 free
2024-10-01T11:56:33.829-0400 [DEBUG] [org.gradle.cache.internal.DefaultFileLockManager] Waiting to acquire shared lock on daemon addresses registry.
2024-10-01T11:56:33.829-0400 [DEBUG] [org.gradle.cache.internal.DefaultFileLockManager] Lock acquired on daemon addresses registry.
2024-10-01T11:56:33.829-0400 [DEBUG] [org.gradle.cache.internal.DefaultFileLockManager] Releasing lock on daemon addresses registry.
2024-10-01T11:56:33.831-0400 [DEBUG] [org.gradle.cache.internal.DefaultFileLockManager] Waiting to acquire shared lock on daemon addresses registry.
2024-10-01T11:56:33.831-0400 [DEBUG] [org.gradle.cache.internal.DefaultFileLockManager] Lock acquired on daemon addresses registry.
2024-10-01T11:56:33.832-0400 [DEBUG] [org.gradle.cache.internal.DefaultFileLockManager] Releasing lock on daemon addresses registry.
2024-10-01T11:56:33.833-0400 [DEBUG] [org.gradle.cache.internal.DefaultFileLockManager] Waiting to acquire shared lock on daemon addresses registry.
2024-10-01T11:56:33.834-0400 [DEBUG] [org.gradle.cache.internal.DefaultFileLockManager] Lock acquired on daemon addresses registry.
2024-10-01T11:56:33.834-0400 [DEBUG] [org.gradle.cache.internal.DefaultFileLockManager] Releasing lock on daemon addresses registry.
2024-10-01T11:56:36.321-0400 [DEBUG] [org.gradle.process.internal.health.memory.DefaultMemoryManager] 1684925644 physical memory requested, 1119596544 free
2024-10-01T11:56:36.321-0400 [DEBUG] [org.gradle.workers.internal.WorkerDaemonExpiration] Will attempt to release 1606 of memory
2024-10-01T11:56:36.321-0400 [DEBUG] [org.gradle.process.internal.health.memory.DefaultMemoryManager] 1684925644 physical memory requested, 0 released, 1119596544 free
2024-10-01T11:56:41.324-0400 [DEBUG] [org.gradle.process.internal.health.memory.DefaultMemoryManager] 1684925644 physical memory requested, 1154555904 free
2024-10-01T11:56:41.324-0400 [DEBUG] [org.gradle.workers.internal.WorkerDaemonExpiration] Will attempt to release 1606 of memory
2024-10-01T11:56:41.324-0400 [DEBUG] [org.gradle.process.internal.health.memory.DefaultMemoryManager] 1684925644 physical memory requested, 0 released, 1154555904 free
2024-10-01T11:56:41.746-0400 [DEBUG] [org.gradle.internal.watch.vfs.impl.WatchingVirtualFileSystem] Handling VFS change MODIFIED C:\Users\baray\AndroidStudioProjects\CIS3515_Activity_Activity\app\src\main\java\edu\temple\activities\DisplayActivity.kt
2024-10-01T11:56:43.846-0400 [DEBUG] [org.gradle.cache.internal.DefaultFileLockManager] Waiting to acquire shared lock on daemon addresses registry.
2024-10-01T11:56:43.846-0400 [DEBUG] [org.gradle.cache.internal.DefaultFileLockManager] Lock acquired on daemon addresses registry.
2024-10-01T11:56:43.847-0400 [DEBUG] [org.gradle.cache.internal.DefaultFileLockManager] Releasing lock on daemon addresses registry.
2024-10-01T11:56:43.858-0400 [DEBUG] [org.gradle.cache.internal.DefaultFileLockManager] Waiting to acquire shared lock on daemon addresses registry.
2024-10-01T11:56:43.859-0400 [DEBUG] [org.gradle.cache.internal.DefaultFileLockManager] Lock acquired on daemon addresses registry.
2024-10-01T11:56:43.860-0400 [DEBUG] [org.gradle.cache.internal.DefaultFileLockManager] Releasing lock on daemon addresses registry.
2024-10-01T11:56:43.863-0400 [DEBUG] [org.gradle.cache.internal.DefaultFileLockManager] Waiting to acquire shared lock on daemon addresses registry.
2024-10-01T11:56:43.863-0400 [DEBUG] [org.gradle.cache.internal.DefaultFileLockManager] Lock acquired on daemon addresses registry.
2024-10-01T11:56:43.864-0400 [DEBUG] [org.gradle.cache.internal.DefaultFileLockManager] Releasing lock on daemon addresses registry.
2024-10-01T11:56:46.317-0400 [DEBUG] [org.gradle.process.internal.health.memory.DefaultMemoryManager] 1684925644 physical memory requested, 1039368192 free
2024-10-01T11:56:46.317-0400 [DEBUG] [org.gradle.workers.internal.WorkerDaemonExpiration] Will attempt to release 1606 of memory
2024-10-01T11:56:46.317-0400 [DEBUG] [org.gradle.process.internal.health.memory.DefaultMemoryManager] 1684925644 physical memory requested, 0 released, 1039368192 free
2024-10-01T11:56:51.321-0400 [DEBUG] [org.gradle.process.internal.health.memory.DefaultMemoryManager] 1684925644 physical memory requested, 1043353600 free
2024-10-01T11:56:51.321-0400 [DEBUG] [org.gradle.workers.internal.WorkerDaemonExpiration] Will attempt to release 1606 of memory
2024-10-01T11:56:51.321-0400 [DEBUG] [org.gradle.process.internal.health.memory.DefaultMemoryManager] 1684925644 physical memory requested, 0 released, 1043353600 free
2024-10-01T11:56:53.831-0400 [DEBUG] [org.gradle.cache.internal.DefaultFileLockManager] Waiting to acquire shared lock on daemon addresses registry.
2024-10-01T11:56:53.831-0400 [DEBUG] [org.gradle.cache.internal.DefaultFileLockManager] Lock acquired on daemon addresses registry.
2024-10-01T11:56:53.832-0400 [DEBUG] [org.gradle.cache.internal.DefaultFileLockManager] Releasing lock on daemon addresses registry.
2024-10-01T11:56:53.837-0400 [DEBUG] [org.gradle.cache.internal.DefaultFileLockManager] Waiting to acquire shared lock on daemon addresses registry.
2024-10-01T11:56:53.837-0400 [DEBUG] [org.gradle.cache.internal.DefaultFileLockManager] Lock acquired on daemon addresses registry.
2024-10-01T11:56:53.838-0400 [DEBUG] [org.gradle.cache.internal.DefaultFileLockManager] Releasing lock on daemon addresses registry.
2024-10-01T11:56:53.843-0400 [DEBUG] [org.gradle.cache.internal.DefaultFileLockManager] Waiting to acquire shared lock on daemon addresses registry.
2024-10-01T11:56:53.843-0400 [DEBUG] [org.gradle.cache.internal.DefaultFileLockManager] Lock acquired on daemon addresses registry.
2024-10-01T11:56:53.844-0400 [DEBUG] [org.gradle.cache.internal.DefaultFileLockManager] Releasing lock on daemon addresses registry.
2024-10-01T11:56:56.322-0400 [DEBUG] [org.gradle.process.internal.health.memory.DefaultMemoryManager] 1684925644 physical memory requested, 1047691264 free
2024-10-01T11:56:56.322-0400 [DEBUG] [org.gradle.workers.internal.WorkerDaemonExpiration] Will attempt to release 1606 of memory
2024-10-01T11:56:56.322-0400 [DEBUG] [org.gradle.process.internal.health.memory.DefaultMemoryManager] 1684925644 physical memory requested, 0 released, 1047691264 free
2024-10-01T11:57:01.321-0400 [DEBUG] [org.gradle.process.internal.health.memory.DefaultMemoryManager] 1684925644 physical memory requested, 1059618816 free
2024-10-01T11:57:01.322-0400 [DEBUG] [org.gradle.workers.internal.WorkerDaemonExpiration] Will attempt to release 1606 of memory
2024-10-01T11:57:01.322-0400 [DEBUG] [org.gradle.process.internal.health.memory.DefaultMemoryManager] 1684925644 physical memory requested, 0 released, 1059618816 free
2024-10-01T11:57:03.829-0400 [DEBUG] [org.gradle.cache.internal.DefaultFileLockManager] Waiting to acquire shared lock on daemon addresses registry.
2024-10-01T11:57:03.829-0400 [DEBUG] [org.gradle.cache.internal.DefaultFileLockManager] Lock acquired on daemon addresses registry.
2024-10-01T11:57:03.829-0400 [DEBUG] [org.gradle.cache.internal.DefaultFileLockManager] Releasing lock on daemon addresses registry.
2024-10-01T11:57:03.831-0400 [DEBUG] [org.gradle.cache.internal.DefaultFileLockManager] Waiting to acquire shared lock on daemon addresses registry.
2024-10-01T11:57:03.831-0400 [DEBUG] [org.gradle.cache.internal.DefaultFileLockManager] Lock acquired on daemon addresses registry.
2024-10-01T11:57:03.831-0400 [DEBUG] [org.gradle.cache.internal.DefaultFileLockManager] Releasing lock on daemon addresses registry.
2024-10-01T11:57:03.832-0400 [DEBUG] [org.gradle.cache.internal.DefaultFileLockManager] Waiting to acquire shared lock on daemon addresses registry.
2024-10-01T11:57:03.833-0400 [DEBUG] [org.gradle.cache.internal.DefaultFileLockManager] Lock acquired on daemon addresses registry.
2024-10-01T11:57:03.833-0400 [DEBUG] [org.gradle.cache.internal.DefaultFileLockManager] Releasing lock on daemon addresses registry.
2024-10-01T11:57:06.324-0400 [DEBUG] [org.gradle.process.internal.health.memory.DefaultMemoryManager] 1684925644 physical memory requested, 1105448960 free
2024-10-01T11:57:06.324-0400 [DEBUG] [org.gradle.workers.internal.WorkerDaemonExpiration] Will attempt to release 1606 of memory
2024-10-01T11:57:06.324-0400 [DEBUG] [org.gradle.process.internal.health.memory.DefaultMemoryManager] 1684925644 physical memory requested, 0 released, 1105448960 free
2024-10-01T11:57:11.323-0400 [DEBUG] [org.gradle.process.internal.health.memory.DefaultMemoryManager] 1684925644 physical memory requested, 1100288000 free
2024-10-01T11:57:11.323-0400 [DEBUG] [org.gradle.workers.internal.WorkerDaemonExpiration] Will attempt to release 1606 of memory
2024-10-01T11:57:11.323-0400 [DEBUG] [org.gradle.process.internal.health.memory.DefaultMemoryManager] 1684925644 physical memory requested, 0 released, 1100288000 free
2024-10-01T11:57:13.829-0400 [DEBUG] [org.gradle.cache.internal.DefaultFileLockManager] Waiting to acquire shared lock on daemon addresses registry.
2024-10-01T11:57:13.829-0400 [DEBUG] [org.gradle.cache.internal.DefaultFileLockManager] Lock acquired on daemon addresses registry.
2024-10-01T11:57:13.830-0400 [DEBUG] [org.gradle.cache.internal.DefaultFileLockManager] Releasing lock on daemon addresses registry.
2024-10-01T11:57:13.831-0400 [DEBUG] [org.gradle.cache.internal.DefaultFileLockManager] Waiting to acquire shared lock on daemon addresses registry.
2024-10-01T11:57:13.831-0400 [DEBUG] [org.gradle.cache.internal.DefaultFileLockManager] Lock acquired on daemon addresses registry.
2024-10-01T11:57:13.831-0400 [DEBUG] [org.gradle.cache.internal.DefaultFileLockManager] Releasing lock on daemon addresses registry.
2024-10-01T11:57:13.832-0400 [DEBUG] [org.gradle.cache.internal.DefaultFileLockManager] Waiting to acquire shared lock on daemon addresses registry.
2024-10-01T11:57:13.832-0400 [DEBUG] [org.gradle.cache.internal.DefaultFileLockManager] Lock acquired on daemon addresses registry.
2024-10-01T11:57:13.832-0400 [DEBUG] [org.gradle.cache.internal.DefaultFileLockManager] Releasing lock on daemon addresses registry.
2024-10-01T11:57:16.331-0400 [DEBUG] [org.gradle.process.internal.health.memory.DefaultMemoryManager] 1684925644 physical memory requested, 1104003072 free
2024-10-01T11:57:16.331-0400 [DEBUG] [org.gradle.workers.internal.WorkerDaemonExpiration] Will attempt to release 1606 of memory
2024-10-01T11:57:16.331-0400 [DEBUG] [org.gradle.process.internal.health.memory.DefaultMemoryManager] 1684925644 physical memory requested, 0 released, 1104003072 free
2024-10-01T11:57:21.320-0400 [DEBUG] [org.gradle.process.internal.health.memory.DefaultMemoryManager] 1684925644 physical memory requested, 1237192704 free
2024-10-01T11:57:21.320-0400 [DEBUG] [org.gradle.workers.internal.WorkerDaemonExpiration] Will attempt to release 1606 of memory
2024-10-01T11:57:21.320-0400 [DEBUG] [org.gradle.process.internal.health.memory.DefaultMemoryManager] 1684925644 physical memory requested, 0 released, 1237192704 free
2024-10-01T11:57:23.829-0400 [DEBUG] [org.gradle.cache.internal.DefaultFileLockManager] Waiting to acquire shared lock on daemon addresses registry.
2024-10-01T11:57:23.829-0400 [DEBUG] [org.gradle.cache.internal.DefaultFileLockManager] Lock acquired on daemon addresses registry.
2024-10-01T11:57:23.830-0400 [DEBUG] [org.gradle.cache.internal.DefaultFileLockManager] Releasing lock on daemon addresses registry.
2024-10-01T11:57:23.831-0400 [DEBUG] [org.gradle.cache.internal.DefaultFileLockManager] Waiting to acquire shared lock on daemon addresses registry.
2024-10-01T11:57:23.831-0400 [DEBUG] [org.gradle.cache.internal.DefaultFileLockManager] Lock acquired on daemon addresses registry.
2024-10-01T11:57:23.831-0400 [DEBUG] [org.gradle.cache.internal.DefaultFileLockManager] Releasing lock on daemon addresses registry.
2024-10-01T11:57:23.833-0400 [DEBUG] [org.gradle.cache.internal.DefaultFileLockManager] Waiting to acquire shared lock on daemon addresses registry.
2024-10-01T11:57:23.833-0400 [DEBUG] [org.gradle.cache.internal.DefaultFileLockManager] Lock acquired on daemon addresses registry.
2024-10-01T11:57:23.833-0400 [DEBUG] [org.gradle.cache.internal.DefaultFileLockManager] Releasing lock on daemon addresses registry.
2024-10-01T11:57:26.320-0400 [DEBUG] [org.gradle.process.internal.health.memory.DefaultMemoryManager] 1684925644 physical memory requested, 1035247616 free
2024-10-01T11:57:26.320-0400 [DEBUG] [org.gradle.workers.internal.WorkerDaemonExpiration] Will attempt to release 1606 of memory
2024-10-01T11:57:26.320-0400 [DEBUG] [org.gradle.process.internal.health.memory.DefaultMemoryManager] 1684925644 physical memory requested, 0 released, 1035247616 free
2024-10-01T11:57:31.321-0400 [DEBUG] [org.gradle.process.internal.health.memory.DefaultMemoryManager] 1684925644 physical memory requested, 1038770176 free
2024-10-01T11:57:31.322-0400 [DEBUG] [org.gradle.workers.internal.WorkerDaemonExpiration] Will attempt to release 1606 of memory
2024-10-01T11:57:31.322-0400 [DEBUG] [org.gradle.process.internal.health.memory.DefaultMemoryManager] 1684925644 physical memory requested, 0 released, 1038770176 free
2024-10-01T11:57:33.831-0400 [DEBUG] [org.gradle.cache.internal.DefaultFileLockManager] Waiting to acquire shared lock on daemon addresses registry.
2024-10-01T11:57:33.831-0400 [DEBUG] [org.gradle.cache.internal.DefaultFileLockManager] Lock acquired on daemon addresses registry.
2024-10-01T11:57:33.832-0400 [DEBUG] [org.gradle.cache.internal.DefaultFileLockManager] Releasing lock on daemon addresses registry.
2024-10-01T11:57:33.834-0400 [DEBUG] [org.gradle.cache.internal.DefaultFileLockManager] Waiting to acquire shared lock on daemon addresses registry.
2024-10-01T11:57:33.834-0400 [DEBUG] [org.gradle.cache.internal.DefaultFileLockManager] Lock acquired on daemon addresses registry.
2024-10-01T11:57:33.834-0400 [DEBUG] [org.gradle.cache.internal.DefaultFileLockManager] Releasing lock on daemon addresses registry.
2024-10-01T11:57:33.837-0400 [DEBUG] [org.gradle.cache.internal.DefaultFileLockManager] Waiting to acquire shared lock on daemon addresses registry.
2024-10-01T11:57:33.837-0400 [DEBUG] [org.gradle.cache.internal.DefaultFileLockManager] Lock acquired on daemon addresses registry.
2024-10-01T11:57:33.838-0400 [DEBUG] [org.gradle.cache.internal.DefaultFileLockManager] Releasing lock on daemon addresses registry.
2024-10-01T11:57:36.322-0400 [DEBUG] [org.gradle.process.internal.health.memory.DefaultMemoryManager] 1684925644 physical memory requested, 1011167232 free
2024-10-01T11:57:36.322-0400 [DEBUG] [org.gradle.workers.internal.WorkerDaemonExpiration] Will attempt to release 1606 of memory
2024-10-01T11:57:36.323-0400 [DEBUG] [org.gradle.process.internal.health.memory.DefaultMemoryManager] 1684925644 physical memory requested, 0 released, 1011167232 free
2024-10-01T11:57:41.323-0400 [DEBUG] [org.gradle.process.internal.health.memory.DefaultMemoryManager] 1684925644 physical memory requested, 1043230720 free
2024-10-01T11:57:41.323-0400 [DEBUG] [org.gradle.workers.internal.WorkerDaemonExpiration] Will attempt to release 1606 of memory
2024-10-01T11:57:41.323-0400 [DEBUG] [org.gradle.process.internal.health.memory.DefaultMemoryManager] 1684925644 physical memory requested, 0 released, 1043230720 free
2024-10-01T11:57:43.829-0400 [DEBUG] [org.gradle.cache.internal.DefaultFileLockManager] Waiting to acquire shared lock on daemon addresses registry.
2024-10-01T11:57:43.830-0400 [DEBUG] [org.gradle.cache.internal.DefaultFileLockManager] Lock acquired on daemon addresses registry.
2024-10-01T11:57:43.831-0400 [DEBUG] [org.gradle.cache.internal.DefaultFileLockManager] Releasing lock on daemon addresses registry.
2024-10-01T11:57:43.834-0400 [DEBUG] [org.gradle.cache.internal.DefaultFileLockManager] Waiting to acquire shared lock on daemon addresses registry.
2024-10-01T11:57:43.834-0400 [DEBUG] [org.gradle.cache.internal.DefaultFileLockManager] Lock acquired on daemon addresses registry.
2024-10-01T11:57:43.834-0400 [DEBUG] [org.gradle.cache.internal.DefaultFileLockManager] Releasing lock on daemon addresses registry.
2024-10-01T11:57:43.836-0400 [DEBUG] [org.gradle.cache.internal.DefaultFileLockManager] Waiting to acquire shared lock on daemon addresses registry.
2024-10-01T11:57:43.836-0400 [DEBUG] [org.gradle.cache.internal.DefaultFileLockManager] Lock acquired on daemon addresses registry.
2024-10-01T11:57:43.837-0400 [DEBUG] [org.gradle.cache.internal.DefaultFileLockManager] Releasing lock on daemon addresses registry.
2024-10-01T11:57:46.321-0400 [DEBUG] [org.gradle.process.internal.health.memory.DefaultMemoryManager] 1684925644 physical memory requested, 1028722688 free
2024-10-01T11:57:46.322-0400 [DEBUG] [org.gradle.workers.internal.WorkerDaemonExpiration] Will attempt to release 1606 of memory
2024-10-01T11:57:46.322-0400 [DEBUG] [org.gradle.process.internal.health.memory.DefaultMemoryManager] 1684925644 physical memory requested, 0 released, 1028722688 free
2024-10-01T11:57:51.320-0400 [DEBUG] [org.gradle.process.internal.health.memory.DefaultMemoryManager] 1684925644 physical memory requested, 1064329216 free
2024-10-01T11:57:51.320-0400 [DEBUG] [org.gradle.workers.internal.WorkerDaemonExpiration] Will attempt to release 1606 of memory
2024-10-01T11:57:51.320-0400 [DEBUG] [org.gradle.process.internal.health.memory.DefaultMemoryManager] 1684925644 physical memory requested, 0 released, 1064329216 free
2024-10-01T11:57:53.828-0400 [DEBUG] [org.gradle.cache.internal.DefaultFileLockManager] Waiting to acquire shared lock on daemon addresses registry.
2024-10-01T11:57:53.828-0400 [DEBUG] [org.gradle.cache.internal.DefaultFileLockManager] Lock acquired on daemon addresses registry.
2024-10-01T11:57:53.829-0400 [DEBUG] [org.gradle.cache.internal.DefaultFileLockManager] Releasing lock on daemon addresses registry.
2024-10-01T11:57:53.830-0400 [DEBUG] [org.gradle.cache.internal.DefaultFileLockManager] Waiting to acquire shared lock on daemon addresses registry.
2024-10-01T11:57:53.830-0400 [DEBUG] [org.gradle.cache.internal.DefaultFileLockManager] Lock acquired on daemon addresses registry.
2024-10-01T11:57:53.830-0400 [DEBUG] [org.gradle.cache.internal.DefaultFileLockManager] Releasing lock on daemon addresses registry.
2024-10-01T11:57:53.831-0400 [DEBUG] [org.gradle.cache.internal.DefaultFileLockManager] Waiting to acquire shared lock on daemon addresses registry.
2024-10-01T11:57:53.831-0400 [DEBUG] [org.gradle.cache.internal.DefaultFileLockManager] Lock acquired on daemon addresses registry.
2024-10-01T11:57:53.831-0400 [DEBUG] [org.gradle.cache.internal.DefaultFileLockManager] Releasing lock on daemon addresses registry.
2024-10-01T11:57:56.320-0400 [DEBUG] [org.gradle.process.internal.health.memory.DefaultMemoryManager] 1684925644 physical memory requested, 1033576448 free
2024-10-01T11:57:56.320-0400 [DEBUG] [org.gradle.workers.internal.WorkerDaemonExpiration] Will attempt to release 1606 of memory
2024-10-01T11:57:56.320-0400 [DEBUG] [org.gradle.process.internal.health.memory.DefaultMemoryManager] 1684925644 physical memory requested, 0 released, 1033576448 free
2024-10-01T11:58:01.323-0400 [DEBUG] [org.gradle.process.internal.health.memory.DefaultMemoryManager] 1684925644 physical memory requested, 1119567872 free
2024-10-01T11:58:01.323-0400 [DEBUG] [org.gradle.workers.internal.WorkerDaemonExpiration] Will attempt to release 1606 of memory
2024-10-01T11:58:01.323-0400 [DEBUG] [org.gradle.process.internal.health.memory.DefaultMemoryManager] 1684925644 physical memory requested, 0 released, 1119567872 free
2024-10-01T11:58:03.830-0400 [DEBUG] [org.gradle.cache.internal.DefaultFileLockManager] Waiting to acquire shared lock on daemon addresses registry.
2024-10-01T11:58:03.830-0400 [DEBUG] [org.gradle.cache.internal.DefaultFileLockManager] Lock acquired on daemon addresses registry.
2024-10-01T11:58:03.830-0400 [DEBUG] [org.gradle.cache.internal.DefaultFileLockManager] Releasing lock on daemon addresses registry.
2024-10-01T11:58:03.831-0400 [DEBUG] [org.gradle.cache.internal.DefaultFileLockManager] Waiting to acquire shared lock on daemon addresses registry.
2024-10-01T11:58:03.832-0400 [DEBUG] [org.gradle.cache.internal.DefaultFileLockManager] Lock acquired on daemon addresses registry.
2024-10-01T11:58:03.832-0400 [DEBUG] [org.gradle.cache.internal.DefaultFileLockManager] Releasing lock on daemon addresses registry.
2024-10-01T11:58:03.832-0400 [DEBUG] [org.gradle.cache.internal.DefaultFileLockManager] Waiting to acquire shared lock on daemon addresses registry.
2024-10-01T11:58:03.832-0400 [DEBUG] [org.gradle.cache.internal.DefaultFileLockManager] Lock acquired on daemon addresses registry.
2024-10-01T11:58:03.833-0400 [DEBUG] [org.gradle.cache.internal.DefaultFileLockManager] Releasing lock on daemon addresses registry.
2024-10-01T11:58:06.322-0400 [DEBUG] [org.gradle.process.internal.health.memory.DefaultMemoryManager] 1684925644 physical memory requested, 1068011520 free
2024-10-01T11:58:06.322-0400 [DEBUG] [org.gradle.workers.internal.WorkerDaemonExpiration] Will attempt to release 1606 of memory
2024-10-01T11:58:06.322-0400 [DEBUG] [org.gradle.process.internal.health.memory.DefaultMemoryManager] 1684925644 physical memory requested, 0 released, 1068011520 free
2024-10-01T11:58:11.323-0400 [DEBUG] [org.gradle.process.internal.health.memory.DefaultMemoryManager] 1684925644 physical memory requested, 1103896576 free
2024-10-01T11:58:11.323-0400 [DEBUG] [org.gradle.workers.internal.WorkerDaemonExpiration] Will attempt to release 1606 of memory
2024-10-01T11:58:11.323-0400 [DEBUG] [org.gradle.process.internal.health.memory.DefaultMemoryManager] 1684925644 physical memory requested, 0 released, 1103896576 free
2024-10-01T11:58:13.829-0400 [DEBUG] [org.gradle.cache.internal.DefaultFileLockManager] Waiting to acquire shared lock on daemon addresses registry.
2024-10-01T11:58:13.829-0400 [DEBUG] [org.gradle.cache.internal.DefaultFileLockManager] Lock acquired on daemon addresses registry.
2024-10-01T11:58:13.829-0400 [DEBUG] [org.gradle.cache.internal.DefaultFileLockManager] Releasing lock on daemon addresses registry.
2024-10-01T11:58:13.831-0400 [DEBUG] [org.gradle.cache.internal.DefaultFileLockManager] Waiting to acquire shared lock on daemon addresses registry.
2024-10-01T11:58:13.831-0400 [DEBUG] [org.gradle.cache.internal.DefaultFileLockManager] Lock acquired on daemon addresses registry.
2024-10-01T11:58:13.832-0400 [DEBUG] [org.gradle.cache.internal.DefaultFileLockManager] Releasing lock on daemon addresses registry.
2024-10-01T11:58:13.833-0400 [DEBUG] [org.gradle.cache.internal.DefaultFileLockManager] Waiting to acquire shared lock on daemon addresses registry.
2024-10-01T11:58:13.833-0400 [DEBUG] [org.gradle.cache.internal.DefaultFileLockManager] Lock acquired on daemon addresses registry.
2024-10-01T11:58:13.833-0400 [DEBUG] [org.gradle.cache.internal.DefaultFileLockManager] Releasing lock on daemon addresses registry.
2024-10-01T11:58:16.323-0400 [DEBUG] [org.gradle.process.internal.health.memory.DefaultMemoryManager] 1684925644 physical memory requested, 1133760512 free
2024-10-01T11:58:16.323-0400 [DEBUG] [org.gradle.workers.internal.WorkerDaemonExpiration] Will attempt to release 1606 of memory
2024-10-01T11:58:16.324-0400 [DEBUG] [org.gradle.process.internal.health.memory.DefaultMemoryManager] 1684925644 physical memory requested, 0 released, 1133760512 free
2024-10-01T11:58:21.319-0400 [DEBUG] [org.gradle.process.internal.health.memory.DefaultMemoryManager] 1684925644 physical memory requested, 1147138048 free
2024-10-01T11:58:21.319-0400 [DEBUG] [org.gradle.workers.internal.WorkerDaemonExpiration] Will attempt to release 1606 of memory
2024-10-01T11:58:21.319-0400 [DEBUG] [org.gradle.process.internal.health.memory.DefaultMemoryManager] 1684925644 physical memory requested, 0 released, 1147138048 free
2024-10-01T11:58:23.829-0400 [DEBUG] [org.gradle.cache.internal.DefaultFileLockManager] Waiting to acquire shared lock on daemon addresses registry.
2024-10-01T11:58:23.829-0400 [DEBUG] [org.gradle.cache.internal.DefaultFileLockManager] Lock acquired on daemon addresses registry.
2024-10-01T11:58:23.829-0400 [DEBUG] [org.gradle.cache.internal.DefaultFileLockManager] Releasing lock on daemon addresses registry.
2024-10-01T11:58:23.830-0400 [DEBUG] [org.gradle.cache.internal.DefaultFileLockManager] Waiting to acquire shared lock on daemon addresses registry.
2024-10-01T11:58:23.830-0400 [DEBUG] [org.gradle.cache.internal.DefaultFileLockManager] Lock acquired on daemon addresses registry.
2024-10-01T11:58:23.830-0400 [DEBUG] [org.gradle.cache.internal.DefaultFileLockManager] Releasing lock on daemon addresses registry.
2024-10-01T11:58:23.832-0400 [DEBUG] [org.gradle.cache.internal.DefaultFileLockManager] Waiting to acquire shared lock on daemon addresses registry.
2024-10-01T11:58:23.832-0400 [DEBUG] [org.gradle.cache.internal.DefaultFileLockManager] Lock acquired on daemon addresses registry.
2024-10-01T11:58:23.832-0400 [DEBUG] [org.gradle.cache.internal.DefaultFileLockManager] Releasing lock on daemon addresses registry.
2024-10-01T11:58:26.315-0400 [DEBUG] [org.gradle.process.internal.health.memory.DefaultMemoryManager] 1684925644 physical memory requested, 1027969024 free
2024-10-01T11:58:26.315-0400 [DEBUG] [org.gradle.workers.internal.WorkerDaemonExpiration] Will attempt to release 1606 of memory
2024-10-01T11:58:26.315-0400 [DEBUG] [org.gradle.process.internal.health.memory.DefaultMemoryManager] 1684925644 physical memory requested, 0 released, 1027969024 free
2024-10-01T11:58:31.323-0400 [DEBUG] [org.gradle.process.internal.health.memory.DefaultMemoryManager] 1684925644 physical memory requested, 1071554560 free
2024-10-01T11:58:31.323-0400 [DEBUG] [org.gradle.workers.internal.WorkerDaemonExpiration] Will attempt to release 1606 of memory
2024-10-01T11:58:31.323-0400 [DEBUG] [org.gradle.process.internal.health.memory.DefaultMemoryManager] 1684925644 physical memory requested, 0 released, 1071554560 free
2024-10-01T11:58:33.830-0400 [DEBUG] [org.gradle.cache.internal.DefaultFileLockManager] Waiting to acquire shared lock on daemon addresses registry.
2024-10-01T11:58:33.830-0400 [DEBUG] [org.gradle.cache.internal.DefaultFileLockManager] Lock acquired on daemon addresses registry.
2024-10-01T11:58:33.831-0400 [DEBUG] [org.gradle.cache.internal.DefaultFileLockManager] Releasing lock on daemon addresses registry.
2024-10-01T11:58:33.834-0400 [DEBUG] [org.gradle.cache.internal.DefaultFileLockManager] Waiting to acquire shared lock on daemon addresses registry.
2024-10-01T11:58:33.834-0400 [DEBUG] [org.gradle.cache.internal.DefaultFileLockManager] Lock acquired on daemon addresses registry.
2024-10-01T11:58:33.835-0400 [DEBUG] [org.gradle.cache.internal.DefaultFileLockManager] Releasing lock on daemon addresses registry.
2024-10-01T11:58:33.836-0400 [DEBUG] [org.gradle.cache.internal.DefaultFileLockManager] Waiting to acquire shared lock on daemon addresses registry.
2024-10-01T11:58:33.837-0400 [DEBUG] [org.gradle.cache.internal.DefaultFileLockManager] Lock acquired on daemon addresses registry.
2024-10-01T11:58:33.837-0400 [DEBUG] [org.gradle.cache.internal.DefaultFileLockManager] Releasing lock on daemon addresses registry.
2024-10-01T11:58:36.323-0400 [DEBUG] [org.gradle.process.internal.health.memory.DefaultMemoryManager] 1684925644 physical memory requested, 1092976640 free
2024-10-01T11:58:36.323-0400 [DEBUG] [org.gradle.workers.internal.WorkerDaemonExpiration] Will attempt to release 1606 of memory
2024-10-01T11:58:36.323-0400 [DEBUG] [org.gradle.process.internal.health.memory.DefaultMemoryManager] 1684925644 physical memory requested, 0 released, 1092976640 free
2024-10-01T11:58:41.321-0400 [DEBUG] [org.gradle.process.internal.health.memory.DefaultMemoryManager] 1684925644 physical memory requested, 1088663552 free
2024-10-01T11:58:41.321-0400 [DEBUG] [org.gradle.workers.internal.WorkerDaemonExpiration] Will attempt to release 1606 of memory
2024-10-01T11:58:41.321-0400 [DEBUG] [org.gradle.process.internal.health.memory.DefaultMemoryManager] 1684925644 physical memory requested, 0 released, 1088663552 free
2024-10-01T11:58:43.830-0400 [DEBUG] [org.gradle.cache.internal.DefaultFileLockManager] Waiting to acquire shared lock on daemon addresses registry.
2024-10-01T11:58:43.830-0400 [DEBUG] [org.gradle.cache.internal.DefaultFileLockManager] Lock acquired on daemon addresses registry.
2024-10-01T11:58:43.830-0400 [DEBUG] [org.gradle.cache.internal.DefaultFileLockManager] Releasing lock on daemon addresses registry.
2024-10-01T11:58:43.833-0400 [DEBUG] [org.gradle.cache.internal.DefaultFileLockManager] Waiting to acquire shared lock on daemon addresses registry.
2024-10-01T11:58:43.833-0400 [DEBUG] [org.gradle.cache.internal.DefaultFileLockManager] Lock acquired on daemon addresses registry.
2024-10-01T11:58:43.834-0400 [DEBUG] [org.gradle.cache.internal.DefaultFileLockManager] Releasing lock on daemon addresses registry.
2024-10-01T11:58:43.835-0400 [DEBUG] [org.gradle.cache.internal.DefaultFileLockManager] Waiting to acquire shared lock on daemon addresses registry.
2024-10-01T11:58:43.836-0400 [DEBUG] [org.gradle.cache.internal.DefaultFileLockManager] Lock acquired on daemon addresses registry.
2024-10-01T11:58:43.836-0400 [DEBUG] [org.gradle.cache.internal.DefaultFileLockManager] Releasing lock on daemon addresses registry.
2024-10-01T11:58:46.322-0400 [DEBUG] [org.gradle.process.internal.health.memory.DefaultMemoryManager] 1684925644 physical memory requested, 1151455232 free
2024-10-01T11:58:46.322-0400 [DEBUG] [org.gradle.workers.internal.WorkerDaemonExpiration] Will attempt to release 1606 of memory
2024-10-01T11:58:46.322-0400 [DEBUG] [org.gradle.process.internal.health.memory.DefaultMemoryManager] 1684925644 physical memory requested, 0 released, 1151455232 free
2024-10-01T11:58:51.323-0400 [DEBUG] [org.gradle.process.internal.health.memory.DefaultMemoryManager] 1684925644 physical memory requested, 1145221120 free
2024-10-01T11:58:51.323-0400 [DEBUG] [org.gradle.workers.internal.WorkerDaemonExpiration] Will attempt to release 1606 of memory
2024-10-01T11:58:51.323-0400 [DEBUG] [org.gradle.process.internal.health.memory.DefaultMemoryManager] 1684925644 physical memory requested, 0 released, 1145221120 free
2024-10-01T11:58:53.829-0400 [DEBUG] [org.gradle.cache.internal.DefaultFileLockManager] Waiting to acquire shared lock on daemon addresses registry.
2024-10-01T11:58:53.829-0400 [DEBUG] [org.gradle.cache.internal.DefaultFileLockManager] Lock acquired on daemon addresses registry.
2024-10-01T11:58:53.830-0400 [DEBUG] [org.gradle.cache.internal.DefaultFileLockManager] Releasing lock on daemon addresses registry.
2024-10-01T11:58:53.832-0400 [DEBUG] [org.gradle.cache.internal.DefaultFileLockManager] Waiting to acquire shared lock on daemon addresses registry.
2024-10-01T11:58:53.832-0400 [DEBUG] [org.gradle.cache.internal.DefaultFileLockManager] Lock acquired on daemon addresses registry.
2024-10-01T11:58:53.832-0400 [DEBUG] [org.gradle.cache.internal.DefaultFileLockManager] Releasing lock on daemon addresses registry.
2024-10-01T11:58:53.834-0400 [DEBUG] [org.gradle.cache.internal.DefaultFileLockManager] Waiting to acquire shared lock on daemon addresses registry.
2024-10-01T11:58:53.834-0400 [DEBUG] [org.gradle.cache.internal.DefaultFileLockManager] Lock acquired on daemon addresses registry.
2024-10-01T11:58:53.834-0400 [DEBUG] [org.gradle.cache.internal.DefaultFileLockManager] Releasing lock on daemon addresses registry.
2024-10-01T11:58:56.321-0400 [DEBUG] [org.gradle.process.internal.health.memory.DefaultMemoryManager] 1684925644 physical memory requested, 1146953728 free
2024-10-01T11:58:56.322-0400 [DEBUG] [org.gradle.workers.internal.WorkerDaemonExpiration] Will attempt to release 1606 of memory
2024-10-01T11:58:56.322-0400 [DEBUG] [org.gradle.process.internal.health.memory.DefaultMemoryManager] 1684925644 physical memory requested, 0 released, 1146953728 free
2024-10-01T11:59:01.323-0400 [DEBUG] [org.gradle.process.internal.health.memory.DefaultMemoryManager] 1684925644 physical memory requested, 1145495552 free
2024-10-01T11:59:01.323-0400 [DEBUG] [org.gradle.workers.internal.WorkerDaemonExpiration] Will attempt to release 1606 of memory
2024-10-01T11:59:01.323-0400 [DEBUG] [org.gradle.process.internal.health.memory.DefaultMemoryManager] 1684925644 physical memory requested, 0 released, 1145495552 free
2024-10-01T11:59:03.829-0400 [DEBUG] [org.gradle.cache.internal.DefaultFileLockManager] Waiting to acquire shared lock on daemon addresses registry.
2024-10-01T11:59:03.830-0400 [DEBUG] [org.gradle.cache.internal.DefaultFileLockManager] Lock acquired on daemon addresses registry.
2024-10-01T11:59:03.830-0400 [DEBUG] [org.gradle.cache.internal.DefaultFileLockManager] Releasing lock on daemon addresses registry.
2024-10-01T11:59:03.833-0400 [DEBUG] [org.gradle.cache.internal.DefaultFileLockManager] Waiting to acquire shared lock on daemon addresses registry.
2024-10-01T11:59:03.833-0400 [DEBUG] [org.gradle.cache.internal.DefaultFileLockManager] Lock acquired on daemon addresses registry.
2024-10-01T11:59:03.833-0400 [DEBUG] [org.gradle.cache.internal.DefaultFileLockManager] Releasing lock on daemon addresses registry.
2024-10-01T11:59:03.835-0400 [DEBUG] [org.gradle.cache.internal.DefaultFileLockManager] Waiting to acquire shared lock on daemon addresses registry.
2024-10-01T11:59:03.835-0400 [DEBUG] [org.gradle.cache.internal.DefaultFileLockManager] Lock acquired on daemon addresses registry.
2024-10-01T11:59:03.836-0400 [DEBUG] [org.gradle.cache.internal.DefaultFileLockManager] Releasing lock on daemon addresses registry.
2024-10-01T11:59:06.324-0400 [DEBUG] [org.gradle.process.internal.health.memory.DefaultMemoryManager] 1684925644 physical memory requested, 1145585664 free
2024-10-01T11:59:06.324-0400 [DEBUG] [org.gradle.workers.internal.WorkerDaemonExpiration] Will attempt to release 1606 of memory
2024-10-01T11:59:06.324-0400 [DEBUG] [org.gradle.process.internal.health.memory.DefaultMemoryManager] 1684925644 physical memory requested, 0 released, 1145585664 free
2024-10-01T11:59:11.322-0400 [DEBUG] [org.gradle.process.internal.health.memory.DefaultMemoryManager] 1684925644 physical memory requested, 1146454016 free
2024-10-01T11:59:11.322-0400 [DEBUG] [org.gradle.workers.internal.WorkerDaemonExpiration] Will attempt to release 1606 of memory
2024-10-01T11:59:11.322-0400 [DEBUG] [org.gradle.process.internal.health.memory.DefaultMemoryManager] 1684925644 physical memory requested, 0 released, 1146454016 free
2024-10-01T11:59:13.829-0400 [DEBUG] [org.gradle.cache.internal.DefaultFileLockManager] Waiting to acquire shared lock on daemon addresses registry.
2024-10-01T11:59:13.830-0400 [DEBUG] [org.gradle.cache.internal.DefaultFileLockManager] Lock acquired on daemon addresses registry.
2024-10-01T11:59:13.830-0400 [DEBUG] [org.gradle.cache.internal.DefaultFileLockManager] Releasing lock on daemon addresses registry.
2024-10-01T11:59:13.831-0400 [DEBUG] [org.gradle.cache.internal.DefaultFileLockManager] Waiting to acquire shared lock on daemon addresses registry.
2024-10-01T11:59:13.832-0400 [DEBUG] [org.gradle.cache.internal.DefaultFileLockManager] Lock acquired on daemon addresses registry.
2024-10-01T11:59:13.832-0400 [DEBUG] [org.gradle.cache.internal.DefaultFileLockManager] Releasing lock on daemon addresses registry.
2024-10-01T11:59:13.833-0400 [DEBUG] [org.gradle.cache.internal.DefaultFileLockManager] Waiting to acquire shared lock on daemon addresses registry.
2024-10-01T11:59:13.833-0400 [DEBUG] [org.gradle.cache.internal.DefaultFileLockManager] Lock acquired on daemon addresses registry.
2024-10-01T11:59:13.834-0400 [DEBUG] [org.gradle.cache.internal.DefaultFileLockManager] Releasing lock on daemon addresses registry.
2024-10-01T11:59:16.321-0400 [DEBUG] [org.gradle.process.internal.health.memory.DefaultMemoryManager] 1684925644 physical memory requested, 1146011648 free
2024-10-01T11:59:16.321-0400 [DEBUG] [org.gradle.workers.internal.WorkerDaemonExpiration] Will attempt to release 1606 of memory
2024-10-01T11:59:16.321-0400 [DEBUG] [org.gradle.process.internal.health.memory.DefaultMemoryManager] 1684925644 physical memory requested, 0 released, 1146011648 free
2024-10-01T11:59:21.324-0400 [DEBUG] [org.gradle.process.internal.health.memory.DefaultMemoryManager] 1684925644 physical memory requested, 1157173248 free
2024-10-01T11:59:21.325-0400 [DEBUG] [org.gradle.workers.internal.WorkerDaemonExpiration] Will attempt to release 1606 of memory
2024-10-01T11:59:21.325-0400 [DEBUG] [org.gradle.process.internal.health.memory.DefaultMemoryManager] 1684925644 physical memory requested, 0 released, 1157173248 free
2024-10-01T11:59:23.828-0400 [DEBUG] [org.gradle.cache.internal.DefaultFileLockManager] Waiting to acquire shared lock on daemon addresses registry.
2024-10-01T11:59:23.828-0400 [DEBUG] [org.gradle.cache.internal.DefaultFileLockManager] Lock acquired on daemon addresses registry.
2024-10-01T11:59:23.829-0400 [DEBUG] [org.gradle.cache.internal.DefaultFileLockManager] Releasing lock on daemon addresses registry.
2024-10-01T11:59:23.831-0400 [DEBUG] [org.gradle.cache.internal.DefaultFileLockManager] Waiting to acquire shared lock on daemon addresses registry.
2024-10-01T11:59:23.831-0400 [DEBUG] [org.gradle.cache.internal.DefaultFileLockManager] Lock acquired on daemon addresses registry.
2024-10-01T11:59:23.832-0400 [DEBUG] [org.gradle.cache.internal.DefaultFileLockManager] Releasing lock on daemon addresses registry.
2024-10-01T11:59:23.833-0400 [DEBUG] [org.gradle.cache.internal.DefaultFileLockManager] Waiting to acquire shared lock on daemon addresses registry.
2024-10-01T11:59:23.834-0400 [DEBUG] [org.gradle.cache.internal.DefaultFileLockManager] Lock acquired on daemon addresses registry.
2024-10-01T11:59:23.834-0400 [DEBUG] [org.gradle.cache.internal.DefaultFileLockManager] Releasing lock on daemon addresses registry.
2024-10-01T11:59:26.321-0400 [DEBUG] [org.gradle.process.internal.health.memory.DefaultMemoryManager] 1684925644 physical memory requested, 1076609024 free
2024-10-01T11:59:26.321-0400 [DEBUG] [org.gradle.workers.internal.WorkerDaemonExpiration] Will attempt to release 1606 of memory
2024-10-01T11:59:26.322-0400 [DEBUG] [org.gradle.process.internal.health.memory.DefaultMemoryManager] 1684925644 physical memory requested, 0 released, 1076609024 free
2024-10-01T11:59:31.324-0400 [DEBUG] [org.gradle.process.internal.health.memory.DefaultMemoryManager] 1684925644 physical memory requested, 995905536 free
2024-10-01T11:59:31.324-0400 [DEBUG] [org.gradle.workers.internal.WorkerDaemonExpiration] Will attempt to release 1606 of memory
2024-10-01T11:59:31.324-0400 [DEBUG] [org.gradle.process.internal.health.memory.DefaultMemoryManager] 1684925644 physical memory requested, 0 released, 995905536 free
2024-10-01T11:59:33.830-0400 [DEBUG] [org.gradle.cache.internal.DefaultFileLockManager] Waiting to acquire shared lock on daemon addresses registry.
2024-10-01T11:59:33.830-0400 [DEBUG] [org.gradle.cache.internal.DefaultFileLockManager] Lock acquired on daemon addresses registry.
2024-10-01T11:59:33.831-0400 [DEBUG] [org.gradle.cache.internal.DefaultFileLockManager] Releasing lock on daemon addresses registry.
2024-10-01T11:59:33.833-0400 [DEBUG] [org.gradle.cache.internal.DefaultFileLockManager] Waiting to acquire shared lock on daemon addresses registry.
2024-10-01T11:59:33.833-0400 [DEBUG] [org.gradle.cache.internal.DefaultFileLockManager] Lock acquired on daemon addresses registry.
2024-10-01T11:59:33.833-0400 [DEBUG] [org.gradle.cache.internal.DefaultFileLockManager] Releasing lock on daemon addresses registry.
2024-10-01T11:59:33.835-0400 [DEBUG] [org.gradle.cache.internal.DefaultFileLockManager] Waiting to acquire shared lock on daemon addresses registry.
2024-10-01T11:59:33.835-0400 [DEBUG] [org.gradle.cache.internal.DefaultFileLockManager] Lock acquired on daemon addresses registry.
2024-10-01T11:59:33.835-0400 [DEBUG] [org.gradle.cache.internal.DefaultFileLockManager] Releasing lock on daemon addresses registry.
2024-10-01T11:59:36.321-0400 [DEBUG] [org.gradle.process.internal.health.memory.DefaultMemoryManager] 1684925644 physical memory requested, 1009655808 free
2024-10-01T11:59:36.321-0400 [DEBUG] [org.gradle.workers.internal.WorkerDaemonExpiration] Will attempt to release 1606 of memory
2024-10-01T11:59:36.321-0400 [DEBUG] [org.gradle.process.internal.health.memory.DefaultMemoryManager] 1684925644 physical memory requested, 0 released, 1009655808 free
2024-10-01T11:59:41.323-0400 [DEBUG] [org.gradle.process.internal.health.memory.DefaultMemoryManager] 1684925644 physical memory requested, 1000927232 free
2024-10-01T11:59:41.323-0400 [DEBUG] [org.gradle.workers.internal.WorkerDaemonExpiration] Will attempt to release 1606 of memory
2024-10-01T11:59:41.323-0400 [DEBUG] [org.gradle.process.internal.health.memory.DefaultMemoryManager] 1684925644 physical memory requested, 0 released, 1000927232 free
2024-10-01T11:59:43.828-0400 [DEBUG] [org.gradle.cache.internal.DefaultFileLockManager] Waiting to acquire shared lock on daemon addresses registry.
2024-10-01T11:59:43.828-0400 [DEBUG] [org.gradle.cache.internal.DefaultFileLockManager] Lock acquired on daemon addresses registry.
2024-10-01T11:59:43.828-0400 [DEBUG] [org.gradle.cache.internal.DefaultFileLockManager] Releasing lock on daemon addresses registry.
2024-10-01T11:59:43.830-0400 [DEBUG] [org.gradle.cache.internal.DefaultFileLockManager] Waiting to acquire shared lock on daemon addresses registry.
2024-10-01T11:59:43.830-0400 [DEBUG] [org.gradle.cache.internal.DefaultFileLockManager] Lock acquired on daemon addresses registry.
2024-10-01T11:59:43.831-0400 [DEBUG] [org.gradle.cache.internal.DefaultFileLockManager] Releasing lock on daemon addresses registry.
2024-10-01T11:59:43.832-0400 [DEBUG] [org.gradle.cache.internal.DefaultFileLockManager] Waiting to acquire shared lock on daemon addresses registry.
2024-10-01T11:59:43.832-0400 [DEBUG] [org.gradle.cache.internal.DefaultFileLockManager] Lock acquired on daemon addresses registry.
2024-10-01T11:59:43.833-0400 [DEBUG] [org.gradle.cache.internal.DefaultFileLockManager] Releasing lock on daemon addresses registry.
2024-10-01T11:59:46.316-0400 [DEBUG] [org.gradle.process.internal.health.memory.DefaultMemoryManager] 1684925644 physical memory requested, 1090691072 free
2024-10-01T11:59:46.316-0400 [DEBUG] [org.gradle.workers.internal.WorkerDaemonExpiration] Will attempt to release 1606 of memory
2024-10-01T11:59:46.316-0400 [DEBUG] [org.gradle.process.internal.health.memory.DefaultMemoryManager] 1684925644 physical memory requested, 0 released, 1090691072 free
2024-10-01T11:59:51.320-0400 [DEBUG] [org.gradle.process.internal.health.memory.DefaultMemoryManager] 1684925644 physical memory requested, 1189064704 free
2024-10-01T11:59:51.320-0400 [DEBUG] [org.gradle.workers.internal.WorkerDaemonExpiration] Will attempt to release 1606 of memory
2024-10-01T11:59:51.320-0400 [DEBUG] [org.gradle.process.internal.health.memory.DefaultMemoryManager] 1684925644 physical memory requested, 0 released, 1189064704 free
2024-10-01T11:59:53.827-0400 [DEBUG] [org.gradle.cache.internal.DefaultFileLockManager] Waiting to acquire shared lock on daemon addresses registry.
2024-10-01T11:59:53.827-0400 [DEBUG] [org.gradle.cache.internal.DefaultFileLockManager] Lock acquired on daemon addresses registry.
2024-10-01T11:59:53.827-0400 [DEBUG] [org.gradle.cache.internal.DefaultFileLockManager] Releasing lock on daemon addresses registry.
2024-10-01T11:59:53.828-0400 [DEBUG] [org.gradle.cache.internal.DefaultFileLockManager] Waiting to acquire shared lock on daemon addresses registry.
2024-10-01T11:59:53.828-0400 [DEBUG] [org.gradle.cache.internal.DefaultFileLockManager] Lock acquired on daemon addresses registry.
2024-10-01T11:59:53.828-0400 [DEBUG] [org.gradle.cache.internal.DefaultFileLockManager] Releasing lock on daemon addresses registry.
2024-10-01T11:59:53.828-0400 [DEBUG] [org.gradle.cache.internal.DefaultFileLockManager] Waiting to acquire shared lock on daemon addresses registry.
2024-10-01T11:59:53.828-0400 [DEBUG] [org.gradle.cache.internal.DefaultFileLockManager] Lock acquired on daemon addresses registry.
2024-10-01T11:59:53.828-0400 [DEBUG] [org.gradle.cache.internal.DefaultFileLockManager] Releasing lock on daemon addresses registry.
2024-10-01T11:59:56.318-0400 [DEBUG] [org.gradle.process.internal.health.memory.DefaultMemoryManager] 1684925644 physical memory requested, 1226485760 free
2024-10-01T11:59:56.318-0400 [DEBUG] [org.gradle.workers.internal.WorkerDaemonExpiration] Will attempt to release 1606 of memory
2024-10-01T11:59:56.319-0400 [DEBUG] [org.gradle.process.internal.health.memory.DefaultMemoryManager] 1684925644 physical memory requested, 0 released, 1226485760 free
2024-10-01T12:00:01.324-0400 [DEBUG] [org.gradle.process.internal.health.memory.DefaultMemoryManager] 1684925644 physical memory requested, 1447055360 free
2024-10-01T12:00:01.324-0400 [DEBUG] [org.gradle.workers.internal.WorkerDaemonExpiration] Will attempt to release 1606 of memory
2024-10-01T12:00:01.324-0400 [DEBUG] [org.gradle.process.internal.health.memory.DefaultMemoryManager] 1684925644 physical memory requested, 0 released, 1447055360 free
2024-10-01T12:00:03.828-0400 [DEBUG] [org.gradle.cache.internal.DefaultFileLockManager] Waiting to acquire shared lock on daemon addresses registry.
2024-10-01T12:00:03.828-0400 [DEBUG] [org.gradle.cache.internal.DefaultFileLockManager] Lock acquired on daemon addresses registry.
2024-10-01T12:00:03.829-0400 [DEBUG] [org.gradle.cache.internal.DefaultFileLockManager] Releasing lock on daemon addresses registry.
2024-10-01T12:00:03.831-0400 [DEBUG] [org.gradle.cache.internal.DefaultFileLockManager] Waiting to acquire shared lock on daemon addresses registry.
2024-10-01T12:00:03.831-0400 [DEBUG] [org.gradle.cache.internal.DefaultFileLockManager] Lock acquired on daemon addresses registry.
2024-10-01T12:00:03.831-0400 [DEBUG] [org.gradle.cache.internal.DefaultFileLockManager] Releasing lock on daemon addresses registry.
2024-10-01T12:00:03.833-0400 [DEBUG] [org.gradle.cache.internal.DefaultFileLockManager] Waiting to acquire shared lock on daemon addresses registry.
2024-10-01T12:00:03.833-0400 [DEBUG] [org.gradle.cache.internal.DefaultFileLockManager] Lock acquired on daemon addresses registry.
2024-10-01T12:00:03.834-0400 [DEBUG] [org.gradle.cache.internal.DefaultFileLockManager] Releasing lock on daemon addresses registry.
2024-10-01T12:00:06.323-0400 [DEBUG] [org.gradle.process.internal.health.memory.DefaultMemoryManager] 1684925644 physical memory requested, 1443024896 free
2024-10-01T12:00:06.323-0400 [DEBUG] [org.gradle.workers.internal.WorkerDaemonExpiration] Will attempt to release 1606 of memory
2024-10-01T12:00:06.323-0400 [DEBUG] [org.gradle.process.internal.health.memory.DefaultMemoryManager] 1684925644 physical memory requested, 0 released, 1443024896 free
2024-10-01T12:00:11.322-0400 [DEBUG] [org.gradle.process.internal.health.memory.DefaultMemoryManager] 1684925644 physical memory requested, 1450582016 free
2024-10-01T12:00:11.322-0400 [DEBUG] [org.gradle.workers.internal.WorkerDaemonExpiration] Will attempt to release 1606 of memory
2024-10-01T12:00:11.322-0400 [DEBUG] [org.gradle.process.internal.health.memory.DefaultMemoryManager] 1684925644 physical memory requested, 0 released, 1450582016 free
2024-10-01T12:00:13.828-0400 [DEBUG] [org.gradle.cache.internal.DefaultFileLockManager] Waiting to acquire shared lock on daemon addresses registry.
2024-10-01T12:00:13.829-0400 [DEBUG] [org.gradle.cache.internal.DefaultFileLockManager] Lock acquired on daemon addresses registry.
2024-10-01T12:00:13.829-0400 [DEBUG] [org.gradle.cache.internal.DefaultFileLockManager] Releasing lock on daemon addresses registry.
2024-10-01T12:00:13.831-0400 [DEBUG] [org.gradle.cache.internal.DefaultFileLockManager] Waiting to acquire shared lock on daemon addresses registry.
2024-10-01T12:00:13.831-0400 [DEBUG] [org.gradle.cache.internal.DefaultFileLockManager] Lock acquired on daemon addresses registry.
2024-10-01T12:00:13.832-0400 [DEBUG] [org.gradle.cache.internal.DefaultFileLockManager] Releasing lock on daemon addresses registry.
2024-10-01T12:00:13.833-0400 [DEBUG] [org.gradle.cache.internal.DefaultFileLockManager] Waiting to acquire shared lock on daemon addresses registry.
2024-10-01T12:00:13.833-0400 [DEBUG] [org.gradle.cache.internal.DefaultFileLockManager] Lock acquired on daemon addresses registry.
2024-10-01T12:00:13.833-0400 [DEBUG] [org.gradle.cache.internal.DefaultFileLockManager] Releasing lock on daemon addresses registry.
2024-10-01T12:00:16.326-0400 [DEBUG] [org.gradle.process.internal.health.memory.DefaultMemoryManager] 1684925644 physical memory requested, 1441366016 free
2024-10-01T12:00:16.326-0400 [DEBUG] [org.gradle.workers.internal.WorkerDaemonExpiration] Will attempt to release 1606 of memory
2024-10-01T12:00:16.326-0400 [DEBUG] [org.gradle.process.internal.health.memory.DefaultMemoryManager] 1684925644 physical memory requested, 0 released, 1441366016 free
2024-10-01T12:00:21.323-0400 [DEBUG] [org.gradle.process.internal.health.memory.DefaultMemoryManager] 1684925644 physical memory requested, 1464254464 free
2024-10-01T12:00:21.323-0400 [DEBUG] [org.gradle.workers.internal.WorkerDaemonExpiration] Will attempt to release 1606 of memory
2024-10-01T12:00:21.323-0400 [DEBUG] [org.gradle.process.internal.health.memory.DefaultMemoryManager] 1684925644 physical memory requested, 0 released, 1464254464 free
2024-10-01T12:00:23.828-0400 [DEBUG] [org.gradle.cache.internal.DefaultFileLockManager] Waiting to acquire shared lock on daemon addresses registry.
2024-10-01T12:00:23.828-0400 [DEBUG] [org.gradle.cache.internal.DefaultFileLockManager] Lock acquired on daemon addresses registry.
2024-10-01T12:00:23.829-0400 [DEBUG] [org.gradle.cache.internal.DefaultFileLockManager] Releasing lock on daemon addresses registry.
2024-10-01T12:00:23.830-0400 [DEBUG] [org.gradle.cache.internal.DefaultFileLockManager] Waiting to acquire shared lock on daemon addresses registry.
2024-10-01T12:00:23.831-0400 [DEBUG] [org.gradle.cache.internal.DefaultFileLockManager] Lock acquired on daemon addresses registry.
2024-10-01T12:00:23.831-0400 [DEBUG] [org.gradle.cache.internal.DefaultFileLockManager] Releasing lock on daemon addresses registry.
2024-10-01T12:00:23.833-0400 [DEBUG] [org.gradle.cache.internal.DefaultFileLockManager] Waiting to acquire shared lock on daemon addresses registry.
2024-10-01T12:00:23.833-0400 [DEBUG] [org.gradle.cache.internal.DefaultFileLockManager] Lock acquired on daemon addresses registry.
2024-10-01T12:00:23.833-0400 [DEBUG] [org.gradle.cache.internal.DefaultFileLockManager] Releasing lock on daemon addresses registry.
2024-10-01T12:00:26.324-0400 [DEBUG] [org.gradle.process.internal.health.memory.DefaultMemoryManager] 1684925644 physical memory requested, 1452802048 free
2024-10-01T12:00:26.324-0400 [DEBUG] [org.gradle.workers.internal.WorkerDaemonExpiration] Will attempt to release 1606 of memory
2024-10-01T12:00:26.324-0400 [DEBUG] [org.gradle.process.internal.health.memory.DefaultMemoryManager] 1684925644 physical memory requested, 0 released, 1452802048 free
2024-10-01T12:00:31.323-0400 [DEBUG] [org.gradle.process.internal.health.memory.DefaultMemoryManager] 1684925644 physical memory requested, 1449738240 free
2024-10-01T12:00:31.323-0400 [DEBUG] [org.gradle.workers.internal.WorkerDaemonExpiration] Will attempt to release 1606 of memory
2024-10-01T12:00:31.323-0400 [DEBUG] [org.gradle.process.internal.health.memory.DefaultMemoryManager] 1684925644 physical memory requested, 0 released, 1449738240 free
2024-10-01T12:00:33.829-0400 [DEBUG] [org.gradle.cache.internal.DefaultFileLockManager] Waiting to acquire shared lock on daemon addresses registry.
2024-10-01T12:00:33.829-0400 [DEBUG] [org.gradle.cache.internal.DefaultFileLockManager] Lock acquired on daemon addresses registry.
2024-10-01T12:00:33.830-0400 [DEBUG] [org.gradle.cache.internal.DefaultFileLockManager] Releasing lock on daemon addresses registry.
2024-10-01T12:00:33.832-0400 [DEBUG] [org.gradle.cache.internal.DefaultFileLockManager] Waiting to acquire shared lock on daemon addresses registry.
2024-10-01T12:00:33.832-0400 [DEBUG] [org.gradle.cache.internal.DefaultFileLockManager] Lock acquired on daemon addresses registry.
2024-10-01T12:00:33.833-0400 [DEBUG] [org.gradle.cache.internal.DefaultFileLockManager] Releasing lock on daemon addresses registry.
2024-10-01T12:00:33.835-0400 [DEBUG] [org.gradle.cache.internal.DefaultFileLockManager] Waiting to acquire shared lock on daemon addresses registry.
2024-10-01T12:00:33.835-0400 [DEBUG] [org.gradle.cache.internal.DefaultFileLockManager] Lock acquired on daemon addresses registry.
2024-10-01T12:00:33.835-0400 [DEBUG] [org.gradle.cache.internal.DefaultFileLockManager] Releasing lock on daemon addresses registry.
2024-10-01T12:00:36.323-0400 [DEBUG] [org.gradle.process.internal.health.memory.DefaultMemoryManager] 1684925644 physical memory requested, 1450475520 free
2024-10-01T12:00:36.323-0400 [DEBUG] [org.gradle.workers.internal.WorkerDaemonExpiration] Will attempt to release 1606 of memory
2024-10-01T12:00:36.323-0400 [DEBUG] [org.gradle.process.internal.health.memory.DefaultMemoryManager] 1684925644 physical memory requested, 0 released, 1450475520 free
2024-10-01T12:00:41.322-0400 [DEBUG] [org.gradle.process.internal.health.memory.DefaultMemoryManager] 1684925644 physical memory requested, 1450180608 free
2024-10-01T12:00:41.323-0400 [DEBUG] [org.gradle.workers.internal.WorkerDaemonExpiration] Will attempt to release 1606 of memory
2024-10-01T12:00:41.323-0400 [DEBUG] [org.gradle.process.internal.health.memory.DefaultMemoryManager] 1684925644 physical memory requested, 0 released, 1450180608 free
2024-10-01T12:00:43.208-0400 [DEBUG] [sun.rmi.transport.tcp] RMI TCP Connection(6)-127.0.0.1: accepted socket from [127.0.0.1:50411]
2024-10-01T12:00:43.209-0400 [DEBUG] [sun.rmi.transport.tcp] RMI TCP Connection(6)-127.0.0.1: (port 63653) op = 80
2024-10-01T12:00:43.210-0400 [DEBUG] [sun.rmi.loader] RMI TCP Connection(6)-127.0.0.1: name = "[Ljava.rmi.server.ObjID;", codebase = "", defaultLoader = jdk.internal.loader.ClassLoaders$PlatformClassLoader@4b80dbe7
2024-10-01T12:00:43.210-0400 [DEBUG] [sun.rmi.loader] RMI TCP Connection(6)-127.0.0.1: name = "java.rmi.dgc.Lease", codebase = "", defaultLoader = jdk.internal.loader.ClassLoaders$PlatformClassLoader@4b80dbe7
2024-10-01T12:00:43.210-0400 [DEBUG] [sun.rmi.loader] RMI TCP Connection(6)-127.0.0.1: name = "java.rmi.dgc.VMID", codebase = "", defaultLoader = jdk.internal.loader.ClassLoaders$PlatformClassLoader@4b80dbe7
2024-10-01T12:00:43.210-0400 [DEBUG] [sun.rmi.loader] RMI TCP Connection(6)-127.0.0.1: name = "[B", codebase = "", defaultLoader = jdk.internal.loader.ClassLoaders$PlatformClassLoader@4b80dbe7
2024-10-01T12:00:43.211-0400 [DEBUG] [sun.rmi.loader] RMI TCP Connection(6)-127.0.0.1: name = "java.rmi.server.UID", codebase = "", defaultLoader = jdk.internal.loader.ClassLoaders$PlatformClassLoader@4b80dbe7
2024-10-01T12:00:43.830-0400 [DEBUG] [org.gradle.cache.internal.DefaultFileLockManager] Waiting to acquire shared lock on daemon addresses registry.
2024-10-01T12:00:43.830-0400 [DEBUG] [org.gradle.cache.internal.DefaultFileLockManager] Lock acquired on daemon addresses registry.
2024-10-01T12:00:43.831-0400 [DEBUG] [org.gradle.cache.internal.DefaultFileLockManager] Releasing lock on daemon addresses registry.
2024-10-01T12:00:43.832-0400 [DEBUG] [org.gradle.cache.internal.DefaultFileLockManager] Waiting to acquire shared lock on daemon addresses registry.
2024-10-01T12:00:43.832-0400 [DEBUG] [org.gradle.cache.internal.DefaultFileLockManager] Lock acquired on daemon addresses registry.
2024-10-01T12:00:43.832-0400 [DEBUG] [org.gradle.cache.internal.DefaultFileLockManager] Releasing lock on daemon addresses registry.
2024-10-01T12:00:43.833-0400 [DEBUG] [org.gradle.cache.internal.DefaultFileLockManager] Waiting to acquire shared lock on daemon addresses registry.
2024-10-01T12:00:43.833-0400 [DEBUG] [org.gradle.cache.internal.DefaultFileLockManager] Lock acquired on daemon addresses registry.
2024-10-01T12:00:43.834-0400 [DEBUG] [org.gradle.cache.internal.DefaultFileLockManager] Releasing lock on daemon addresses registry.
2024-10-01T12:00:46.324-0400 [DEBUG] [org.gradle.process.internal.health.memory.DefaultMemoryManager] 1684925644 physical memory requested, 1451483136 free
2024-10-01T12:00:46.324-0400 [DEBUG] [org.gradle.workers.internal.WorkerDaemonExpiration] Will attempt to release 1606 of memory
2024-10-01T12:00:46.324-0400 [DEBUG] [org.gradle.process.internal.health.memory.DefaultMemoryManager] 1684925644 physical memory requested, 0 released, 1451483136 free
2024-10-01T12:00:51.318-0400 [DEBUG] [org.gradle.process.internal.health.memory.DefaultMemoryManager] 1684925644 physical memory requested, 1496125440 free
2024-10-01T12:00:51.319-0400 [DEBUG] [org.gradle.workers.internal.WorkerDaemonExpiration] Will attempt to release 1606 of memory
2024-10-01T12:00:51.319-0400 [DEBUG] [org.gradle.process.internal.health.memory.DefaultMemoryManager] 1684925644 physical memory requested, 0 released, 1496125440 free
2024-10-01T12:00:53.828-0400 [DEBUG] [org.gradle.cache.internal.DefaultFileLockManager] Waiting to acquire shared lock on daemon addresses registry.
2024-10-01T12:00:53.829-0400 [DEBUG] [org.gradle.cache.internal.DefaultFileLockManager] Lock acquired on daemon addresses registry.
2024-10-01T12:00:53.829-0400 [DEBUG] [org.gradle.cache.internal.DefaultFileLockManager] Releasing lock on daemon addresses registry.
2024-10-01T12:00:53.831-0400 [DEBUG] [org.gradle.cache.internal.DefaultFileLockManager] Waiting to acquire shared lock on daemon addresses registry.
2024-10-01T12:00:53.831-0400 [DEBUG] [org.gradle.cache.internal.DefaultFileLockManager] Lock acquired on daemon addresses registry.
2024-10-01T12:00:53.832-0400 [DEBUG] [org.gradle.cache.internal.DefaultFileLockManager] Releasing lock on daemon addresses registry.
2024-10-01T12:00:53.833-0400 [DEBUG] [org.gradle.cache.internal.DefaultFileLockManager] Waiting to acquire shared lock on daemon addresses registry.
2024-10-01T12:00:53.833-0400 [DEBUG] [org.gradle.cache.internal.DefaultFileLockManager] Lock acquired on daemon addresses registry.
2024-10-01T12:00:53.834-0400 [DEBUG] [org.gradle.cache.internal.DefaultFileLockManager] Releasing lock on daemon addresses registry.
2024-10-01T12:00:56.330-0400 [DEBUG] [org.gradle.process.internal.health.memory.DefaultMemoryManager] 1684925644 physical memory requested, 1498669056 free
2024-10-01T12:00:56.330-0400 [DEBUG] [org.gradle.workers.internal.WorkerDaemonExpiration] Will attempt to release 1606 of memory
2024-10-01T12:00:56.330-0400 [DEBUG] [org.gradle.process.internal.health.memory.DefaultMemoryManager] 1684925644 physical memory requested, 0 released, 1498669056 free
2024-10-01T12:00:58.213-0400 [DEBUG] [sun.rmi.transport.tcp] RMI TCP Connection(6)-127.0.0.1: (port 63653) connection closed
2024-10-01T12:00:58.213-0400 [DEBUG] [sun.rmi.transport.tcp] RMI TCP Connection(6)-127.0.0.1: close connection, socket: Socket[addr=/127.0.0.1,port=50411,localport=63653]
2024-10-01T12:00:58.213-0400 [DEBUG] [sun.rmi.transport.tcp] RMI TCP Connection(6)-127.0.0.1: socket close: Socket[addr=/127.0.0.1,port=50411,localport=63653]
2024-10-01T12:01:01.322-0400 [DEBUG] [org.gradle.process.internal.health.memory.DefaultMemoryManager] 1684925644 physical memory requested, 1503256576 free
2024-10-01T12:01:01.322-0400 [DEBUG] [org.gradle.workers.internal.WorkerDaemonExpiration] Will attempt to release 1606 of memory
2024-10-01T12:01:01.323-0400 [DEBUG] [org.gradle.process.internal.health.memory.DefaultMemoryManager] 1684925644 physical memory requested, 0 released, 1503256576 free
2024-10-01T12:01:03.830-0400 [DEBUG] [org.gradle.cache.internal.DefaultFileLockManager] Waiting to acquire shared lock on daemon addresses registry.
2024-10-01T12:01:03.830-0400 [DEBUG] [org.gradle.cache.internal.DefaultFileLockManager] Lock acquired on daemon addresses registry.
2024-10-01T12:01:03.831-0400 [DEBUG] [org.gradle.cache.internal.DefaultFileLockManager] Releasing lock on daemon addresses registry.
2024-10-01T12:01:03.833-0400 [DEBUG] [org.gradle.cache.internal.DefaultFileLockManager] Waiting to acquire shared lock on daemon addresses registry.
2024-10-01T12:01:03.833-0400 [DEBUG] [org.gradle.cache.internal.DefaultFileLockManager] Lock acquired on daemon addresses registry.
2024-10-01T12:01:03.834-0400 [DEBUG] [org.gradle.cache.internal.DefaultFileLockManager] Releasing lock on daemon addresses registry.
2024-10-01T12:01:03.835-0400 [DEBUG] [org.gradle.cache.internal.DefaultFileLockManager] Waiting to acquire shared lock on daemon addresses registry.
2024-10-01T12:01:03.836-0400 [DEBUG] [org.gradle.cache.internal.DefaultFileLockManager] Lock acquired on daemon addresses registry.
2024-10-01T12:01:03.836-0400 [DEBUG] [org.gradle.cache.internal.DefaultFileLockManager] Releasing lock on daemon addresses registry.
2024-10-01T12:01:06.336-0400 [DEBUG] [org.gradle.process.internal.health.memory.DefaultMemoryManager] 1684925644 physical memory requested, 1463910400 free
2024-10-01T12:01:06.336-0400 [DEBUG] [org.gradle.workers.internal.WorkerDaemonExpiration] Will attempt to release 1606 of memory
2024-10-01T12:01:06.336-0400 [DEBUG] [org.gradle.process.internal.health.memory.DefaultMemoryManager] 1684925644 physical memory requested, 0 released, 1463910400 free
2024-10-01T12:01:11.323-0400 [DEBUG] [org.gradle.process.internal.health.memory.DefaultMemoryManager] 1684925644 physical memory requested, 1457098752 free
2024-10-01T12:01:11.323-0400 [DEBUG] [org.gradle.workers.internal.WorkerDaemonExpiration] Will attempt to release 1606 of memory
2024-10-01T12:01:11.323-0400 [DEBUG] [org.gradle.process.internal.health.memory.DefaultMemoryManager] 1684925644 physical memory requested, 0 released, 1457098752 free
2024-10-01T12:01:13.829-0400 [DEBUG] [org.gradle.cache.internal.DefaultFileLockManager] Waiting to acquire shared lock on daemon addresses registry.
2024-10-01T12:01:13.830-0400 [DEBUG] [org.gradle.cache.internal.DefaultFileLockManager] Lock acquired on daemon addresses registry.
2024-10-01T12:01:13.830-0400 [DEBUG] [org.gradle.cache.internal.DefaultFileLockManager] Releasing lock on daemon addresses registry.
2024-10-01T12:01:13.832-0400 [DEBUG] [org.gradle.cache.internal.DefaultFileLockManager] Waiting to acquire shared lock on daemon addresses registry.
2024-10-01T12:01:13.832-0400 [DEBUG] [org.gradle.cache.internal.DefaultFileLockManager] Lock acquired on daemon addresses registry.
2024-10-01T12:01:13.833-0400 [DEBUG] [org.gradle.cache.internal.DefaultFileLockManager] Releasing lock on daemon addresses registry.
2024-10-01T12:01:13.835-0400 [DEBUG] [org.gradle.cache.internal.DefaultFileLockManager] Waiting to acquire shared lock on daemon addresses registry.
2024-10-01T12:01:13.835-0400 [DEBUG] [org.gradle.cache.internal.DefaultFileLockManager] Lock acquired on daemon addresses registry.
2024-10-01T12:01:13.835-0400 [DEBUG] [org.gradle.cache.internal.DefaultFileLockManager] Releasing lock on daemon addresses registry.
2024-10-01T12:01:16.323-0400 [DEBUG] [org.gradle.process.internal.health.memory.DefaultMemoryManager] 1684925644 physical memory requested, 1454968832 free
2024-10-01T12:01:16.323-0400 [DEBUG] [org.gradle.workers.internal.WorkerDaemonExpiration] Will attempt to release 1606 of memory
2024-10-01T12:01:16.323-0400 [DEBUG] [org.gradle.process.internal.health.memory.DefaultMemoryManager] 1684925644 physical memory requested, 0 released, 1454968832 free
2024-10-01T12:01:21.320-0400 [DEBUG] [org.gradle.process.internal.health.memory.DefaultMemoryManager] 1684925644 physical memory requested, 1466970112 free
2024-10-01T12:01:21.320-0400 [DEBUG] [org.gradle.workers.internal.WorkerDaemonExpiration] Will attempt to release 1606 of memory
2024-10-01T12:01:21.320-0400 [DEBUG] [org.gradle.process.internal.health.memory.DefaultMemoryManager] 1684925644 physical memory requested, 0 released, 1466970112 free
2024-10-01T12:01:23.829-0400 [DEBUG] [org.gradle.cache.internal.DefaultFileLockManager] Waiting to acquire shared lock on daemon addresses registry.
2024-10-01T12:01:23.829-0400 [DEBUG] [org.gradle.cache.internal.DefaultFileLockManager] Lock acquired on daemon addresses registry.
2024-10-01T12:01:23.829-0400 [DEBUG] [org.gradle.cache.internal.DefaultFileLockManager] Releasing lock on daemon addresses registry.
2024-10-01T12:01:23.831-0400 [DEBUG] [org.gradle.cache.internal.DefaultFileLockManager] Waiting to acquire shared lock on daemon addresses registry.
2024-10-01T12:01:23.832-0400 [DEBUG] [org.gradle.cache.internal.DefaultFileLockManager] Lock acquired on daemon addresses registry.
2024-10-01T12:01:23.832-0400 [DEBUG] [org.gradle.cache.internal.DefaultFileLockManager] Releasing lock on daemon addresses registry.
2024-10-01T12:01:23.833-0400 [DEBUG] [org.gradle.cache.internal.DefaultFileLockManager] Waiting to acquire shared lock on daemon addresses registry.
2024-10-01T12:01:23.834-0400 [DEBUG] [org.gradle.cache.internal.DefaultFileLockManager] Lock acquired on daemon addresses registry.
2024-10-01T12:01:23.834-0400 [DEBUG] [org.gradle.cache.internal.DefaultFileLockManager] Releasing lock on daemon addresses registry.
2024-10-01T12:01:26.322-0400 [DEBUG] [org.gradle.process.internal.health.memory.DefaultMemoryManager] 1684925644 physical memory requested, 1461649408 free
2024-10-01T12:01:26.322-0400 [DEBUG] [org.gradle.workers.internal.WorkerDaemonExpiration] Will attempt to release 1606 of memory
2024-10-01T12:01:26.323-0400 [DEBUG] [org.gradle.process.internal.health.memory.DefaultMemoryManager] 1684925644 physical memory requested, 0 released, 1461649408 free
2024-10-01T12:01:31.325-0400 [DEBUG] [org.gradle.process.internal.health.memory.DefaultMemoryManager] 1684925644 physical memory requested, 1462398976 free
2024-10-01T12:01:31.325-0400 [DEBUG] [org.gradle.workers.internal.WorkerDaemonExpiration] Will attempt to release 1606 of memory
2024-10-01T12:01:31.325-0400 [DEBUG] [org.gradle.process.internal.health.memory.DefaultMemoryManager] 1684925644 physical memory requested, 0 released, 1462398976 free
2024-10-01T12:01:33.831-0400 [DEBUG] [org.gradle.cache.internal.DefaultFileLockManager] Waiting to acquire shared lock on daemon addresses registry.
2024-10-01T12:01:33.831-0400 [DEBUG] [org.gradle.cache.internal.DefaultFileLockManager] Lock acquired on daemon addresses registry.
2024-10-01T12:01:33.832-0400 [DEBUG] [org.gradle.cache.internal.DefaultFileLockManager] Releasing lock on daemon addresses registry.
2024-10-01T12:01:33.834-0400 [DEBUG] [org.gradle.cache.internal.DefaultFileLockManager] Waiting to acquire shared lock on daemon addresses registry.
2024-10-01T12:01:33.834-0400 [DEBUG] [org.gradle.cache.internal.DefaultFileLockManager] Lock acquired on daemon addresses registry.
2024-10-01T12:01:33.835-0400 [DEBUG] [org.gradle.cache.internal.DefaultFileLockManager] Releasing lock on daemon addresses registry.
2024-10-01T12:01:33.837-0400 [DEBUG] [org.gradle.cache.internal.DefaultFileLockManager] Waiting to acquire shared lock on daemon addresses registry.
2024-10-01T12:01:33.837-0400 [DEBUG] [org.gradle.cache.internal.DefaultFileLockManager] Lock acquired on daemon addresses registry.
2024-10-01T12:01:33.837-0400 [DEBUG] [org.gradle.cache.internal.DefaultFileLockManager] Releasing lock on daemon addresses registry.
2024-10-01T12:01:36.320-0400 [DEBUG] [org.gradle.process.internal.health.memory.DefaultMemoryManager] 1684925644 physical memory requested, 1453727744 free
2024-10-01T12:01:36.320-0400 [DEBUG] [org.gradle.workers.internal.WorkerDaemonExpiration] Will attempt to release 1606 of memory
2024-10-01T12:01:36.320-0400 [DEBUG] [org.gradle.process.internal.health.memory.DefaultMemoryManager] 1684925644 physical memory requested, 0 released, 1453727744 free
2024-10-01T12:01:41.323-0400 [DEBUG] [org.gradle.process.internal.health.memory.DefaultMemoryManager] 1684925644 physical memory requested, 1450414080 free
2024-10-01T12:01:41.323-0400 [DEBUG] [org.gradle.workers.internal.WorkerDaemonExpiration] Will attempt to release 1606 of memory
2024-10-01T12:01:41.323-0400 [DEBUG] [org.gradle.process.internal.health.memory.DefaultMemoryManager] 1684925644 physical memory requested, 0 released, 1450414080 free
2024-10-01T12:01:43.829-0400 [DEBUG] [org.gradle.cache.internal.DefaultFileLockManager] Waiting to acquire shared lock on daemon addresses registry.
2024-10-01T12:01:43.829-0400 [DEBUG] [org.gradle.cache.internal.DefaultFileLockManager] Lock acquired on daemon addresses registry.
2024-10-01T12:01:43.829-0400 [DEBUG] [org.gradle.cache.internal.DefaultFileLockManager] Releasing lock on daemon addresses registry.
2024-10-01T12:01:43.831-0400 [DEBUG] [org.gradle.cache.internal.DefaultFileLockManager] Waiting to acquire shared lock on daemon addresses registry.
2024-10-01T12:01:43.831-0400 [DEBUG] [org.gradle.cache.internal.DefaultFileLockManager] Lock acquired on daemon addresses registry.
2024-10-01T12:01:43.832-0400 [DEBUG] [org.gradle.cache.internal.DefaultFileLockManager] Releasing lock on daemon addresses registry.
2024-10-01T12:01:43.833-0400 [DEBUG] [org.gradle.cache.internal.DefaultFileLockManager] Waiting to acquire shared lock on daemon addresses registry.
2024-10-01T12:01:43.833-0400 [DEBUG] [org.gradle.cache.internal.DefaultFileLockManager] Lock acquired on daemon addresses registry.
2024-10-01T12:01:43.834-0400 [DEBUG] [org.gradle.cache.internal.DefaultFileLockManager] Releasing lock on daemon addresses registry.
2024-10-01T12:01:46.322-0400 [DEBUG] [org.gradle.process.internal.health.memory.DefaultMemoryManager] 1684925644 physical memory requested, 1451667456 free
2024-10-01T12:01:46.322-0400 [DEBUG] [org.gradle.workers.internal.WorkerDaemonExpiration] Will attempt to release 1606 of memory
2024-10-01T12:01:46.322-0400 [DEBUG] [org.gradle.process.internal.health.memory.DefaultMemoryManager] 1684925644 physical memory requested, 0 released, 1451667456 free
2024-10-01T12:01:51.324-0400 [DEBUG] [org.gradle.process.internal.health.memory.DefaultMemoryManager] 1684925644 physical memory requested, 1340903424 free
2024-10-01T12:01:51.324-0400 [DEBUG] [org.gradle.workers.internal.WorkerDaemonExpiration] Will attempt to release 1606 of memory
2024-10-01T12:01:51.324-0400 [DEBUG] [org.gradle.process.internal.health.memory.DefaultMemoryManager] 1684925644 physical memory requested, 0 released, 1340903424 free
2024-10-01T12:01:53.828-0400 [DEBUG] [org.gradle.cache.internal.DefaultFileLockManager] Waiting to acquire shared lock on daemon addresses registry.
2024-10-01T12:01:53.829-0400 [DEBUG] [org.gradle.cache.internal.DefaultFileLockManager] Lock acquired on daemon addresses registry.
2024-10-01T12:01:53.829-0400 [DEBUG] [org.gradle.cache.internal.DefaultFileLockManager] Releasing lock on daemon addresses registry.
2024-10-01T12:01:53.831-0400 [DEBUG] [org.gradle.cache.internal.DefaultFileLockManager] Waiting to acquire shared lock on daemon addresses registry.
2024-10-01T12:01:53.831-0400 [DEBUG] [org.gradle.cache.internal.DefaultFileLockManager] Lock acquired on daemon addresses registry.
2024-10-01T12:01:53.832-0400 [DEBUG] [org.gradle.cache.internal.DefaultFileLockManager] Releasing lock on daemon addresses registry.
2024-10-01T12:01:53.833-0400 [DEBUG] [org.gradle.cache.internal.DefaultFileLockManager] Waiting to acquire shared lock on daemon addresses registry.
2024-10-01T12:01:53.834-0400 [DEBUG] [org.gradle.cache.internal.DefaultFileLockManager] Lock acquired on daemon addresses registry.
2024-10-01T12:01:53.834-0400 [DEBUG] [org.gradle.cache.internal.DefaultFileLockManager] Releasing lock on daemon addresses registry.
2024-10-01T12:01:56.324-0400 [DEBUG] [org.gradle.process.internal.health.memory.DefaultMemoryManager] 1684925644 physical memory requested, 1014366208 free
2024-10-01T12:01:56.324-0400 [DEBUG] [org.gradle.workers.internal.WorkerDaemonExpiration] Will attempt to release 1606 of memory
2024-10-01T12:01:56.324-0400 [DEBUG] [org.gradle.process.internal.health.memory.DefaultMemoryManager] 1684925644 physical memory requested, 0 released, 1014366208 free
2024-10-01T12:02:01.326-0400 [DEBUG] [org.gradle.process.internal.health.memory.DefaultMemoryManager] 1684925644 physical memory requested, 1026015232 free
2024-10-01T12:02:01.326-0400 [DEBUG] [org.gradle.workers.internal.WorkerDaemonExpiration] Will attempt to release 1606 of memory
2024-10-01T12:02:01.326-0400 [DEBUG] [org.gradle.process.internal.health.memory.DefaultMemoryManager] 1684925644 physical memory requested, 0 released, 1026015232 free
2024-10-01T12:02:03.830-0400 [DEBUG] [org.gradle.cache.internal.DefaultFileLockManager] Waiting to acquire shared lock on daemon addresses registry.
2024-10-01T12:02:03.830-0400 [DEBUG] [org.gradle.cache.internal.DefaultFileLockManager] Lock acquired on daemon addresses registry.
2024-10-01T12:02:03.831-0400 [DEBUG] [org.gradle.cache.internal.DefaultFileLockManager] Releasing lock on daemon addresses registry.
2024-10-01T12:02:03.833-0400 [DEBUG] [org.gradle.cache.internal.DefaultFileLockManager] Waiting to acquire shared lock on daemon addresses registry.
2024-10-01T12:02:03.833-0400 [DEBUG] [org.gradle.cache.internal.DefaultFileLockManager] Lock acquired on daemon addresses registry.
2024-10-01T12:02:03.833-0400 [DEBUG] [org.gradle.cache.internal.DefaultFileLockManager] Releasing lock on daemon addresses registry.
2024-10-01T12:02:03.835-0400 [DEBUG] [org.gradle.cache.internal.DefaultFileLockManager] Waiting to acquire shared lock on daemon addresses registry.
2024-10-01T12:02:03.835-0400 [DEBUG] [org.gradle.cache.internal.DefaultFileLockManager] Lock acquired on daemon addresses registry.
2024-10-01T12:02:03.835-0400 [DEBUG] [org.gradle.cache.internal.DefaultFileLockManager] Releasing lock on daemon addresses registry.
2024-10-01T12:02:06.319-0400 [DEBUG] [org.gradle.process.internal.health.memory.DefaultMemoryManager] 1684925644 physical memory requested, 1013305344 free
2024-10-01T12:02:06.319-0400 [DEBUG] [org.gradle.workers.internal.WorkerDaemonExpiration] Will attempt to release 1606 of memory
2024-10-01T12:02:06.319-0400 [DEBUG] [org.gradle.process.internal.health.memory.DefaultMemoryManager] 1684925644 physical memory requested, 0 released, 1013305344 free
2024-10-01T12:02:11.322-0400 [DEBUG] [org.gradle.process.internal.health.memory.DefaultMemoryManager] 1684925644 physical memory requested, 1047629824 free
2024-10-01T12:02:11.322-0400 [DEBUG] [org.gradle.workers.internal.WorkerDaemonExpiration] Will attempt to release 1606 of memory
2024-10-01T12:02:11.322-0400 [DEBUG] [org.gradle.process.internal.health.memory.DefaultMemoryManager] 1684925644 physical memory requested, 0 released, 1047629824 free
2024-10-01T12:02:13.828-0400 [DEBUG] [org.gradle.cache.internal.DefaultFileLockManager] Waiting to acquire shared lock on daemon addresses registry.
2024-10-01T12:02:13.829-0400 [DEBUG] [org.gradle.cache.internal.DefaultFileLockManager] Lock acquired on daemon addresses registry.
2024-10-01T12:02:13.829-0400 [DEBUG] [org.gradle.cache.internal.DefaultFileLockManager] Releasing lock on daemon addresses registry.
2024-10-01T12:02:13.829-0400 [DEBUG] [org.gradle.cache.internal.DefaultFileLockManager] Waiting to acquire shared lock on daemon addresses registry.
2024-10-01T12:02:13.830-0400 [DEBUG] [org.gradle.cache.internal.DefaultFileLockManager] Lock acquired on daemon addresses registry.
2024-10-01T12:02:13.830-0400 [DEBUG] [org.gradle.cache.internal.DefaultFileLockManager] Releasing lock on daemon addresses registry.
2024-10-01T12:02:13.830-0400 [DEBUG] [org.gradle.cache.internal.DefaultFileLockManager] Waiting to acquire shared lock on daemon addresses registry.
2024-10-01T12:02:13.830-0400 [DEBUG] [org.gradle.cache.internal.DefaultFileLockManager] Lock acquired on daemon addresses registry.
2024-10-01T12:02:13.830-0400 [DEBUG] [org.gradle.cache.internal.DefaultFileLockManager] Releasing lock on daemon addresses registry.
2024-10-01T12:02:16.322-0400 [DEBUG] [org.gradle.process.internal.health.memory.DefaultMemoryManager] 1684925644 physical memory requested, 1061224448 free
2024-10-01T12:02:16.322-0400 [DEBUG] [org.gradle.workers.internal.WorkerDaemonExpiration] Will attempt to release 1606 of memory
2024-10-01T12:02:16.323-0400 [DEBUG] [org.gradle.process.internal.health.memory.DefaultMemoryManager] 1684925644 physical memory requested, 0 released, 1061224448 free
2024-10-01T12:02:21.321-0400 [DEBUG] [org.gradle.process.internal.health.memory.DefaultMemoryManager] 1684925644 physical memory requested, 1087246336 free
2024-10-01T12:02:21.321-0400 [DEBUG] [org.gradle.workers.internal.WorkerDaemonExpiration] Will attempt to release 1606 of memory
2024-10-01T12:02:21.322-0400 [DEBUG] [org.gradle.process.internal.health.memory.DefaultMemoryManager] 1684925644 physical memory requested, 0 released, 1087246336 free
2024-10-01T12:02:23.829-0400 [DEBUG] [org.gradle.cache.internal.DefaultFileLockManager] Waiting to acquire shared lock on daemon addresses registry.
2024-10-01T12:02:23.829-0400 [DEBUG] [org.gradle.cache.internal.DefaultFileLockManager] Lock acquired on daemon addresses registry.
2024-10-01T12:02:23.829-0400 [DEBUG] [org.gradle.cache.internal.DefaultFileLockManager] Releasing lock on daemon addresses registry.
2024-10-01T12:02:23.831-0400 [DEBUG] [org.gradle.cache.internal.DefaultFileLockManager] Waiting to acquire shared lock on daemon addresses registry.
2024-10-01T12:02:23.831-0400 [DEBUG] [org.gradle.cache.internal.DefaultFileLockManager] Lock acquired on daemon addresses registry.
2024-10-01T12:02:23.831-0400 [DEBUG] [org.gradle.cache.internal.DefaultFileLockManager] Releasing lock on daemon addresses registry.
2024-10-01T12:02:23.833-0400 [DEBUG] [org.gradle.cache.internal.DefaultFileLockManager] Waiting to acquire shared lock on daemon addresses registry.
2024-10-01T12:02:23.833-0400 [DEBUG] [org.gradle.cache.internal.DefaultFileLockManager] Lock acquired on daemon addresses registry.
2024-10-01T12:02:23.833-0400 [DEBUG] [org.gradle.cache.internal.DefaultFileLockManager] Releasing lock on daemon addresses registry.
2024-10-01T12:02:26.320-0400 [DEBUG] [org.gradle.process.internal.health.memory.DefaultMemoryManager] 1684925644 physical memory requested, 1080442880 free
2024-10-01T12:02:26.320-0400 [DEBUG] [org.gradle.workers.internal.WorkerDaemonExpiration] Will attempt to release 1606 of memory
2024-10-01T12:02:26.321-0400 [DEBUG] [org.gradle.process.internal.health.memory.DefaultMemoryManager] 1684925644 physical memory requested, 0 released, 1080442880 free
2024-10-01T12:02:31.323-0400 [DEBUG] [org.gradle.process.internal.health.memory.DefaultMemoryManager] 1684925644 physical memory requested, 1096269824 free
2024-10-01T12:02:31.323-0400 [DEBUG] [org.gradle.workers.internal.WorkerDaemonExpiration] Will attempt to release 1606 of memory
2024-10-01T12:02:31.323-0400 [DEBUG] [org.gradle.process.internal.health.memory.DefaultMemoryManager] 1684925644 physical memory requested, 0 released, 1096269824 free
2024-10-01T12:02:33.829-0400 [DEBUG] [org.gradle.cache.internal.DefaultFileLockManager] Waiting to acquire shared lock on daemon addresses registry.
2024-10-01T12:02:33.829-0400 [DEBUG] [org.gradle.cache.internal.DefaultFileLockManager] Lock acquired on daemon addresses registry.
2024-10-01T12:02:33.829-0400 [DEBUG] [org.gradle.cache.internal.DefaultFileLockManager] Releasing lock on daemon addresses registry.
2024-10-01T12:02:33.831-0400 [DEBUG] [org.gradle.cache.internal.DefaultFileLockManager] Waiting to acquire shared lock on daemon addresses registry.
2024-10-01T12:02:33.831-0400 [DEBUG] [org.gradle.cache.internal.DefaultFileLockManager] Lock acquired on daemon addresses registry.
2024-10-01T12:02:33.831-0400 [DEBUG] [org.gradle.cache.internal.DefaultFileLockManager] Releasing lock on daemon addresses registry.
2024-10-01T12:02:33.832-0400 [DEBUG] [org.gradle.cache.internal.DefaultFileLockManager] Waiting to acquire shared lock on daemon addresses registry.
2024-10-01T12:02:33.832-0400 [DEBUG] [org.gradle.cache.internal.DefaultFileLockManager] Lock acquired on daemon addresses registry.
2024-10-01T12:02:33.833-0400 [DEBUG] [org.gradle.cache.internal.DefaultFileLockManager] Releasing lock on daemon addresses registry.
2024-10-01T12:02:36.323-0400 [DEBUG] [org.gradle.process.internal.health.memory.DefaultMemoryManager] 1684925644 physical memory requested, 1112764416 free
2024-10-01T12:02:36.323-0400 [DEBUG] [org.gradle.workers.internal.WorkerDaemonExpiration] Will attempt to release 1606 of memory
2024-10-01T12:02:36.324-0400 [DEBUG] [org.gradle.process.internal.health.memory.DefaultMemoryManager] 1684925644 physical memory requested, 0 released, 1112764416 free
2024-10-01T12:02:41.324-0400 [DEBUG] [org.gradle.process.internal.health.memory.DefaultMemoryManager] 1684925644 physical memory requested, 1167372288 free
2024-10-01T12:02:41.324-0400 [DEBUG] [org.gradle.workers.internal.WorkerDaemonExpiration] Will attempt to release 1606 of memory
2024-10-01T12:02:41.324-0400 [DEBUG] [org.gradle.process.internal.health.memory.DefaultMemoryManager] 1684925644 physical memory requested, 0 released, 1167372288 free
2024-10-01T12:02:43.829-0400 [DEBUG] [org.gradle.cache.internal.DefaultFileLockManager] Waiting to acquire shared lock on daemon addresses registry.
2024-10-01T12:02:43.829-0400 [DEBUG] [org.gradle.cache.internal.DefaultFileLockManager] Lock acquired on daemon addresses registry.
2024-10-01T12:02:43.830-0400 [DEBUG] [org.gradle.cache.internal.DefaultFileLockManager] Releasing lock on daemon addresses registry.
2024-10-01T12:02:43.831-0400 [DEBUG] [org.gradle.cache.internal.DefaultFileLockManager] Waiting to acquire shared lock on daemon addresses registry.
2024-10-01T12:02:43.831-0400 [DEBUG] [org.gradle.cache.internal.DefaultFileLockManager] Lock acquired on daemon addresses registry.
2024-10-01T12:02:43.832-0400 [DEBUG] [org.gradle.cache.internal.DefaultFileLockManager] Releasing lock on daemon addresses registry.
2024-10-01T12:02:43.833-0400 [DEBUG] [org.gradle.cache.internal.DefaultFileLockManager] Waiting to acquire shared lock on daemon addresses registry.
2024-10-01T12:02:43.833-0400 [DEBUG] [org.gradle.cache.internal.DefaultFileLockManager] Lock acquired on daemon addresses registry.
2024-10-01T12:02:43.834-0400 [DEBUG] [org.gradle.cache.internal.DefaultFileLockManager] Releasing lock on daemon addresses registry.
2024-10-01T12:02:46.322-0400 [DEBUG] [org.gradle.process.internal.health.memory.DefaultMemoryManager] 1684925644 physical memory requested, 1139458048 free
2024-10-01T12:02:46.322-0400 [DEBUG] [org.gradle.workers.internal.WorkerDaemonExpiration] Will attempt to release 1606 of memory
2024-10-01T12:02:46.322-0400 [DEBUG] [org.gradle.process.internal.health.memory.DefaultMemoryManager] 1684925644 physical memory requested, 0 released, 1139458048 free
2024-10-01T12:02:51.321-0400 [DEBUG] [org.gradle.process.internal.health.memory.DefaultMemoryManager] 1684925644 physical memory requested, 1136898048 free
2024-10-01T12:02:51.321-0400 [DEBUG] [org.gradle.workers.internal.WorkerDaemonExpiration] Will attempt to release 1606 of memory
2024-10-01T12:02:51.321-0400 [DEBUG] [org.gradle.process.internal.health.memory.DefaultMemoryManager] 1684925644 physical memory requested, 0 released, 1136898048 free
2024-10-01T12:02:53.830-0400 [DEBUG] [org.gradle.cache.internal.DefaultFileLockManager] Waiting to acquire shared lock on daemon addresses registry.
2024-10-01T12:02:53.830-0400 [DEBUG] [org.gradle.cache.internal.DefaultFileLockManager] Lock acquired on daemon addresses registry.
2024-10-01T12:02:53.830-0400 [DEBUG] [org.gradle.cache.internal.DefaultFileLockManager] Releasing lock on daemon addresses registry.
2024-10-01T12:02:53.832-0400 [DEBUG] [org.gradle.cache.internal.DefaultFileLockManager] Waiting to acquire shared lock on daemon addresses registry.
2024-10-01T12:02:53.833-0400 [DEBUG] [org.gradle.cache.internal.DefaultFileLockManager] Lock acquired on daemon addresses registry.
2024-10-01T12:02:53.833-0400 [DEBUG] [org.gradle.cache.internal.DefaultFileLockManager] Releasing lock on daemon addresses registry.
2024-10-01T12:02:53.834-0400 [DEBUG] [org.gradle.cache.internal.DefaultFileLockManager] Waiting to acquire shared lock on daemon addresses registry.
2024-10-01T12:02:53.835-0400 [DEBUG] [org.gradle.cache.internal.DefaultFileLockManager] Lock acquired on daemon addresses registry.
2024-10-01T12:02:53.835-0400 [DEBUG] [org.gradle.cache.internal.DefaultFileLockManager] Releasing lock on daemon addresses registry.
2024-10-01T12:02:56.324-0400 [DEBUG] [org.gradle.process.internal.health.memory.DefaultMemoryManager] 1684925644 physical memory requested, 1137819648 free
2024-10-01T12:02:56.324-0400 [DEBUG] [org.gradle.workers.internal.WorkerDaemonExpiration] Will attempt to release 1606 of memory
2024-10-01T12:02:56.324-0400 [DEBUG] [org.gradle.process.internal.health.memory.DefaultMemoryManager] 1684925644 physical memory requested, 0 released, 1137819648 free
2024-10-01T12:03:01.323-0400 [DEBUG] [org.gradle.process.internal.health.memory.DefaultMemoryManager] 1684925644 physical memory requested, 1140391936 free
2024-10-01T12:03:01.323-0400 [DEBUG] [org.gradle.workers.internal.WorkerDaemonExpiration] Will attempt to release 1606 of memory
2024-10-01T12:03:01.323-0400 [DEBUG] [org.gradle.process.internal.health.memory.DefaultMemoryManager] 1684925644 physical memory requested, 0 released, 1140391936 free
2024-10-01T12:03:03.829-0400 [DEBUG] [org.gradle.cache.internal.DefaultFileLockManager] Waiting to acquire shared lock on daemon addresses registry.
2024-10-01T12:03:03.829-0400 [DEBUG] [org.gradle.cache.internal.DefaultFileLockManager] Lock acquired on daemon addresses registry.
2024-10-01T12:03:03.830-0400 [DEBUG] [org.gradle.cache.internal.DefaultFileLockManager] Releasing lock on daemon addresses registry.
2024-10-01T12:03:03.832-0400 [DEBUG] [org.gradle.cache.internal.DefaultFileLockManager] Waiting to acquire shared lock on daemon addresses registry.
2024-10-01T12:03:03.832-0400 [DEBUG] [org.gradle.cache.internal.DefaultFileLockManager] Lock acquired on daemon addresses registry.
2024-10-01T12:03:03.832-0400 [DEBUG] [org.gradle.cache.internal.DefaultFileLockManager] Releasing lock on daemon addresses registry.
2024-10-01T12:03:03.834-0400 [DEBUG] [org.gradle.cache.internal.DefaultFileLockManager] Waiting to acquire shared lock on daemon addresses registry.
2024-10-01T12:03:03.834-0400 [DEBUG] [org.gradle.cache.internal.DefaultFileLockManager] Lock acquired on daemon addresses registry.
2024-10-01T12:03:03.834-0400 [DEBUG] [org.gradle.cache.internal.DefaultFileLockManager] Releasing lock on daemon addresses registry.
2024-10-01T12:03:06.323-0400 [DEBUG] [org.gradle.process.internal.health.memory.DefaultMemoryManager] 1684925644 physical memory requested, 1148764160 free
2024-10-01T12:03:06.323-0400 [DEBUG] [org.gradle.workers.internal.WorkerDaemonExpiration] Will attempt to release 1606 of memory
2024-10-01T12:03:06.323-0400 [DEBUG] [org.gradle.process.internal.health.memory.DefaultMemoryManager] 1684925644 physical memory requested, 0 released, 1148764160 free
2024-10-01T12:03:11.322-0400 [DEBUG] [org.gradle.process.internal.health.memory.DefaultMemoryManager] 1684925644 physical memory requested, 1156059136 free
2024-10-01T12:03:11.322-0400 [DEBUG] [org.gradle.workers.internal.WorkerDaemonExpiration] Will attempt to release 1606 of memory
2024-10-01T12:03:11.323-0400 [DEBUG] [org.gradle.process.internal.health.memory.DefaultMemoryManager] 1684925644 physical memory requested, 0 released, 1156059136 free
2024-10-01T12:03:13.830-0400 [DEBUG] [org.gradle.cache.internal.DefaultFileLockManager] Waiting to acquire shared lock on daemon addresses registry.
2024-10-01T12:03:13.830-0400 [DEBUG] [org.gradle.cache.internal.DefaultFileLockManager] Lock acquired on daemon addresses registry.
2024-10-01T12:03:13.830-0400 [DEBUG] [org.gradle.cache.internal.DefaultFileLockManager] Releasing lock on daemon addresses registry.
2024-10-01T12:03:13.831-0400 [DEBUG] [org.gradle.cache.internal.DefaultFileLockManager] Waiting to acquire shared lock on daemon addresses registry.
2024-10-01T12:03:13.831-0400 [DEBUG] [org.gradle.cache.internal.DefaultFileLockManager] Lock acquired on daemon addresses registry.
2024-10-01T12:03:13.831-0400 [DEBUG] [org.gradle.cache.internal.DefaultFileLockManager] Releasing lock on daemon addresses registry.
2024-10-01T12:03:13.832-0400 [DEBUG] [org.gradle.cache.internal.DefaultFileLockManager] Waiting to acquire shared lock on daemon addresses registry.
2024-10-01T12:03:13.833-0400 [DEBUG] [org.gradle.cache.internal.DefaultFileLockManager] Lock acquired on daemon addresses registry.
2024-10-01T12:03:13.833-0400 [DEBUG] [org.gradle.cache.internal.DefaultFileLockManager] Releasing lock on daemon addresses registry.
2024-10-01T12:03:16.321-0400 [DEBUG] [org.gradle.process.internal.health.memory.DefaultMemoryManager] 1684925644 physical memory requested, 1178828800 free
2024-10-01T12:03:16.322-0400 [DEBUG] [org.gradle.workers.internal.WorkerDaemonExpiration] Will attempt to release 1606 of memory
2024-10-01T12:03:16.322-0400 [DEBUG] [org.gradle.process.internal.health.memory.DefaultMemoryManager] 1684925644 physical memory requested, 0 released, 1178828800 free
2024-10-01T12:03:21.322-0400 [DEBUG] [org.gradle.process.internal.health.memory.DefaultMemoryManager] 1684925644 physical memory requested, 1193201664 free
2024-10-01T12:03:21.322-0400 [DEBUG] [org.gradle.workers.internal.WorkerDaemonExpiration] Will attempt to release 1606 of memory
2024-10-01T12:03:21.322-0400 [DEBUG] [org.gradle.process.internal.health.memory.DefaultMemoryManager] 1684925644 physical memory requested, 0 released, 1193201664 free
2024-10-01T12:03:23.828-0400 [DEBUG] [org.gradle.cache.internal.DefaultFileLockManager] Waiting to acquire shared lock on daemon addresses registry.
2024-10-01T12:03:23.828-0400 [DEBUG] [org.gradle.cache.internal.DefaultFileLockManager] Lock acquired on daemon addresses registry.
2024-10-01T12:03:23.828-0400 [DEBUG] [org.gradle.cache.internal.DefaultFileLockManager] Releasing lock on daemon addresses registry.
2024-10-01T12:03:23.830-0400 [DEBUG] [org.gradle.cache.internal.DefaultFileLockManager] Waiting to acquire shared lock on daemon addresses registry.
2024-10-01T12:03:23.830-0400 [DEBUG] [org.gradle.cache.internal.DefaultFileLockManager] Lock acquired on daemon addresses registry.
2024-10-01T12:03:23.831-0400 [DEBUG] [org.gradle.cache.internal.DefaultFileLockManager] Releasing lock on daemon addresses registry.
2024-10-01T12:03:23.832-0400 [DEBUG] [org.gradle.cache.internal.DefaultFileLockManager] Waiting to acquire shared lock on daemon addresses registry.
2024-10-01T12:03:23.832-0400 [DEBUG] [org.gradle.cache.internal.DefaultFileLockManager] Lock acquired on daemon addresses registry.
2024-10-01T12:03:23.832-0400 [DEBUG] [org.gradle.cache.internal.DefaultFileLockManager] Releasing lock on daemon addresses registry.
2024-10-01T12:03:26.317-0400 [DEBUG] [org.gradle.process.internal.health.memory.DefaultMemoryManager] 1684925644 physical memory requested, 1170329600 free
2024-10-01T12:03:26.317-0400 [DEBUG] [org.gradle.workers.internal.WorkerDaemonExpiration] Will attempt to release 1606 of memory
2024-10-01T12:03:26.317-0400 [DEBUG] [org.gradle.process.internal.health.memory.DefaultMemoryManager] 1684925644 physical memory requested, 0 released, 1170329600 free
2024-10-01T12:03:31.323-0400 [DEBUG] [org.gradle.process.internal.health.memory.DefaultMemoryManager] 1684925644 physical memory requested, 1166913536 free
2024-10-01T12:03:31.323-0400 [DEBUG] [org.gradle.workers.internal.WorkerDaemonExpiration] Will attempt to release 1606 of memory
2024-10-01T12:03:31.323-0400 [DEBUG] [org.gradle.process.internal.health.memory.DefaultMemoryManager] 1684925644 physical memory requested, 0 released, 1166913536 free
2024-10-01T12:03:33.830-0400 [DEBUG] [org.gradle.cache.internal.DefaultFileLockManager] Waiting to acquire shared lock on daemon addresses registry.
2024-10-01T12:03:33.830-0400 [DEBUG] [org.gradle.cache.internal.DefaultFileLockManager] Lock acquired on daemon addresses registry.
2024-10-01T12:03:33.831-0400 [DEBUG] [org.gradle.cache.internal.DefaultFileLockManager] Releasing lock on daemon addresses registry.
2024-10-01T12:03:33.833-0400 [DEBUG] [org.gradle.cache.internal.DefaultFileLockManager] Waiting to acquire shared lock on daemon addresses registry.
2024-10-01T12:03:33.833-0400 [DEBUG] [org.gradle.cache.internal.DefaultFileLockManager] Lock acquired on daemon addresses registry.
2024-10-01T12:03:33.833-0400 [DEBUG] [org.gradle.cache.internal.DefaultFileLockManager] Releasing lock on daemon addresses registry.
2024-10-01T12:03:33.835-0400 [DEBUG] [org.gradle.cache.internal.DefaultFileLockManager] Waiting to acquire shared lock on daemon addresses registry.
2024-10-01T12:03:33.835-0400 [DEBUG] [org.gradle.cache.internal.DefaultFileLockManager] Lock acquired on daemon addresses registry.
2024-10-01T12:03:33.835-0400 [DEBUG] [org.gradle.cache.internal.DefaultFileLockManager] Releasing lock on daemon addresses registry.
2024-10-01T12:03:36.324-0400 [DEBUG] [org.gradle.process.internal.health.memory.DefaultMemoryManager] 1684925644 physical memory requested, 1151123456 free
2024-10-01T12:03:36.324-0400 [DEBUG] [org.gradle.workers.internal.WorkerDaemonExpiration] Will attempt to release 1606 of memory
2024-10-01T12:03:36.324-0400 [DEBUG] [org.gradle.process.internal.health.memory.DefaultMemoryManager] 1684925644 physical memory requested, 0 released, 1151123456 free
2024-10-01T12:03:41.322-0400 [DEBUG] [org.gradle.process.internal.health.memory.DefaultMemoryManager] 1684925644 physical memory requested, 1156747264 free
2024-10-01T12:03:41.322-0400 [DEBUG] [org.gradle.workers.internal.WorkerDaemonExpiration] Will attempt to release 1606 of memory
2024-10-01T12:03:41.322-0400 [DEBUG] [org.gradle.process.internal.health.memory.DefaultMemoryManager] 1684925644 physical memory requested, 0 released, 1156747264 free
2024-10-01T12:03:43.829-0400 [DEBUG] [org.gradle.cache.internal.DefaultFileLockManager] Waiting to acquire shared lock on daemon addresses registry.
2024-10-01T12:03:43.829-0400 [DEBUG] [org.gradle.cache.internal.DefaultFileLockManager] Lock acquired on daemon addresses registry.
2024-10-01T12:03:43.830-0400 [DEBUG] [org.gradle.cache.internal.DefaultFileLockManager] Releasing lock on daemon addresses registry.
2024-10-01T12:03:43.832-0400 [DEBUG] [org.gradle.cache.internal.DefaultFileLockManager] Waiting to acquire shared lock on daemon addresses registry.
2024-10-01T12:03:43.832-0400 [DEBUG] [org.gradle.cache.internal.DefaultFileLockManager] Lock acquired on daemon addresses registry.
2024-10-01T12:03:43.833-0400 [DEBUG] [org.gradle.cache.internal.DefaultFileLockManager] Releasing lock on daemon addresses registry.
2024-10-01T12:03:43.834-0400 [DEBUG] [org.gradle.cache.internal.DefaultFileLockManager] Waiting to acquire shared lock on daemon addresses registry.
2024-10-01T12:03:43.835-0400 [DEBUG] [org.gradle.cache.internal.DefaultFileLockManager] Lock acquired on daemon addresses registry.
2024-10-01T12:03:43.835-0400 [DEBUG] [org.gradle.cache.internal.DefaultFileLockManager] Releasing lock on daemon addresses registry.
2024-10-01T12:03:46.324-0400 [DEBUG] [org.gradle.process.internal.health.memory.DefaultMemoryManager] 1684925644 physical memory requested, 1173221376 free
2024-10-01T12:03:46.324-0400 [DEBUG] [org.gradle.workers.internal.WorkerDaemonExpiration] Will attempt to release 1606 of memory
2024-10-01T12:03:46.324-0400 [DEBUG] [org.gradle.process.internal.health.memory.DefaultMemoryManager] 1684925644 physical memory requested, 0 released, 1173221376 free
2024-10-01T12:03:51.322-0400 [DEBUG] [org.gradle.process.internal.health.memory.DefaultMemoryManager] 1684925644 physical memory requested, 1175896064 free
2024-10-01T12:03:51.322-0400 [DEBUG] [org.gradle.workers.internal.WorkerDaemonExpiration] Will attempt to release 1606 of memory
2024-10-01T12:03:51.322-0400 [DEBUG] [org.gradle.process.internal.health.memory.DefaultMemoryManager] 1684925644 physical memory requested, 0 released, 1175896064 free
2024-10-01T12:03:53.828-0400 [DEBUG] [org.gradle.cache.internal.DefaultFileLockManager] Waiting to acquire shared lock on daemon addresses registry.
2024-10-01T12:03:53.829-0400 [DEBUG] [org.gradle.cache.internal.DefaultFileLockManager] Lock acquired on daemon addresses registry.
2024-10-01T12:03:53.829-0400 [DEBUG] [org.gradle.cache.internal.DefaultFileLockManager] Releasing lock on daemon addresses registry.
2024-10-01T12:03:53.830-0400 [DEBUG] [org.gradle.cache.internal.DefaultFileLockManager] Waiting to acquire shared lock on daemon addresses registry.
2024-10-01T12:03:53.830-0400 [DEBUG] [org.gradle.cache.internal.DefaultFileLockManager] Lock acquired on daemon addresses registry.
2024-10-01T12:03:53.830-0400 [DEBUG] [org.gradle.cache.internal.DefaultFileLockManager] Releasing lock on daemon addresses registry.
2024-10-01T12:03:53.831-0400 [DEBUG] [org.gradle.cache.internal.DefaultFileLockManager] Waiting to acquire shared lock on daemon addresses registry.
2024-10-01T12:03:53.831-0400 [DEBUG] [org.gradle.cache.internal.DefaultFileLockManager] Lock acquired on daemon addresses registry.
2024-10-01T12:03:53.831-0400 [DEBUG] [org.gradle.cache.internal.DefaultFileLockManager] Releasing lock on daemon addresses registry.
2024-10-01T12:03:56.316-0400 [DEBUG] [org.gradle.process.internal.health.memory.DefaultMemoryManager] 1684925644 physical memory requested, 1164443648 free
2024-10-01T12:03:56.316-0400 [DEBUG] [org.gradle.workers.internal.WorkerDaemonExpiration] Will attempt to release 1606 of memory
2024-10-01T12:03:56.317-0400 [DEBUG] [org.gradle.process.internal.health.memory.DefaultMemoryManager] 1684925644 physical memory requested, 0 released, 1164443648 free
2024-10-01T12:04:01.323-0400 [DEBUG] [org.gradle.process.internal.health.memory.DefaultMemoryManager] 1684925644 physical memory requested, 1135919104 free
2024-10-01T12:04:01.323-0400 [DEBUG] [org.gradle.workers.internal.WorkerDaemonExpiration] Will attempt to release 1606 of memory
2024-10-01T12:04:01.323-0400 [DEBUG] [org.gradle.process.internal.health.memory.DefaultMemoryManager] 1684925644 physical memory requested, 0 released, 1135919104 free
2024-10-01T12:04:03.829-0400 [DEBUG] [org.gradle.cache.internal.DefaultFileLockManager] Waiting to acquire shared lock on daemon addresses registry.
2024-10-01T12:04:03.829-0400 [DEBUG] [org.gradle.cache.internal.DefaultFileLockManager] Lock acquired on daemon addresses registry.
2024-10-01T12:04:03.830-0400 [DEBUG] [org.gradle.cache.internal.DefaultFileLockManager] Releasing lock on daemon addresses registry.
2024-10-01T12:04:03.831-0400 [DEBUG] [org.gradle.cache.internal.DefaultFileLockManager] Waiting to acquire shared lock on daemon addresses registry.
2024-10-01T12:04:03.832-0400 [DEBUG] [org.gradle.cache.internal.DefaultFileLockManager] Lock acquired on daemon addresses registry.
2024-10-01T12:04:03.832-0400 [DEBUG] [org.gradle.cache.internal.DefaultFileLockManager] Releasing lock on daemon addresses registry.
2024-10-01T12:04:03.833-0400 [DEBUG] [org.gradle.cache.internal.DefaultFileLockManager] Waiting to acquire shared lock on daemon addresses registry.
2024-10-01T12:04:03.834-0400 [DEBUG] [org.gradle.cache.internal.DefaultFileLockManager] Lock acquired on daemon addresses registry.
2024-10-01T12:04:03.834-0400 [DEBUG] [org.gradle.cache.internal.DefaultFileLockManager] Releasing lock on daemon addresses registry.
2024-10-01T12:04:06.321-0400 [DEBUG] [org.gradle.process.internal.health.memory.DefaultMemoryManager] 1684925644 physical memory requested, 1180340224 free
2024-10-01T12:04:06.321-0400 [DEBUG] [org.gradle.workers.internal.WorkerDaemonExpiration] Will attempt to release 1606 of memory
2024-10-01T12:04:06.321-0400 [DEBUG] [org.gradle.process.internal.health.memory.DefaultMemoryManager] 1684925644 physical memory requested, 0 released, 1180340224 free
2024-10-01T12:04:11.317-0400 [DEBUG] [org.gradle.process.internal.health.memory.DefaultMemoryManager] 1684925644 physical memory requested, 1184346112 free
2024-10-01T12:04:11.318-0400 [DEBUG] [org.gradle.workers.internal.WorkerDaemonExpiration] Will attempt to release 1606 of memory
2024-10-01T12:04:11.318-0400 [DEBUG] [org.gradle.process.internal.health.memory.DefaultMemoryManager] 1684925644 physical memory requested, 0 released, 1184346112 free
2024-10-01T12:04:13.828-0400 [DEBUG] [org.gradle.cache.internal.DefaultFileLockManager] Waiting to acquire shared lock on daemon addresses registry.
2024-10-01T12:04:13.828-0400 [DEBUG] [org.gradle.cache.internal.DefaultFileLockManager] Lock acquired on daemon addresses registry.
2024-10-01T12:04:13.829-0400 [DEBUG] [org.gradle.cache.internal.DefaultFileLockManager] Releasing lock on daemon addresses registry.
2024-10-01T12:04:13.831-0400 [DEBUG] [org.gradle.cache.internal.DefaultFileLockManager] Waiting to acquire shared lock on daemon addresses registry.
2024-10-01T12:04:13.831-0400 [DEBUG] [org.gradle.cache.internal.DefaultFileLockManager] Lock acquired on daemon addresses registry.
2024-10-01T12:04:13.831-0400 [DEBUG] [org.gradle.cache.internal.DefaultFileLockManager] Releasing lock on daemon addresses registry.
2024-10-01T12:04:13.833-0400 [DEBUG] [org.gradle.cache.internal.DefaultFileLockManager] Waiting to acquire shared lock on daemon addresses registry.
2024-10-01T12:04:13.833-0400 [DEBUG] [org.gradle.cache.internal.DefaultFileLockManager] Lock acquired on daemon addresses registry.
2024-10-01T12:04:13.833-0400 [DEBUG] [org.gradle.cache.internal.DefaultFileLockManager] Releasing lock on daemon addresses registry.
2024-10-01T12:04:16.327-0400 [DEBUG] [org.gradle.process.internal.health.memory.DefaultMemoryManager] 1684925644 physical memory requested, 1180069888 free
2024-10-01T12:04:16.327-0400 [DEBUG] [org.gradle.workers.internal.WorkerDaemonExpiration] Will attempt to release 1606 of memory
2024-10-01T12:04:16.327-0400 [DEBUG] [org.gradle.process.internal.health.memory.DefaultMemoryManager] 1684925644 physical memory requested, 0 released, 1180069888 free
2024-10-01T12:04:21.323-0400 [DEBUG] [org.gradle.process.internal.health.memory.DefaultMemoryManager] 1684925644 physical memory requested, 1190948864 free
2024-10-01T12:04:21.323-0400 [DEBUG] [org.gradle.workers.internal.WorkerDaemonExpiration] Will attempt to release 1606 of memory
2024-10-01T12:04:21.323-0400 [DEBUG] [org.gradle.process.internal.health.memory.DefaultMemoryManager] 1684925644 physical memory requested, 0 released, 1190948864 free
2024-10-01T12:04:23.830-0400 [DEBUG] [org.gradle.cache.internal.DefaultFileLockManager] Waiting to acquire shared lock on daemon addresses registry.
2024-10-01T12:04:23.831-0400 [DEBUG] [org.gradle.cache.internal.DefaultFileLockManager] Lock acquired on daemon addresses registry.
2024-10-01T12:04:23.831-0400 [DEBUG] [org.gradle.cache.internal.DefaultFileLockManager] Releasing lock on daemon addresses registry.
2024-10-01T12:04:23.833-0400 [DEBUG] [org.gradle.cache.internal.DefaultFileLockManager] Waiting to acquire shared lock on daemon addresses registry.
2024-10-01T12:04:23.834-0400 [DEBUG] [org.gradle.cache.internal.DefaultFileLockManager] Lock acquired on daemon addresses registry.
2024-10-01T12:04:23.834-0400 [DEBUG] [org.gradle.cache.internal.DefaultFileLockManager] Releasing lock on daemon addresses registry.
2024-10-01T12:04:23.836-0400 [DEBUG] [org.gradle.cache.internal.DefaultFileLockManager] Waiting to acquire shared lock on daemon addresses registry.
2024-10-01T12:04:23.836-0400 [DEBUG] [org.gradle.cache.internal.DefaultFileLockManager] Lock acquired on daemon addresses registry.
2024-10-01T12:04:23.836-0400 [DEBUG] [org.gradle.cache.internal.DefaultFileLockManager] Releasing lock on daemon addresses registry.
2024-10-01T12:04:26.322-0400 [DEBUG] [org.gradle.process.internal.health.memory.DefaultMemoryManager] 1684925644 physical memory requested, 1182859264 free
2024-10-01T12:04:26.322-0400 [DEBUG] [org.gradle.workers.internal.WorkerDaemonExpiration] Will attempt to release 1606 of memory
2024-10-01T12:04:26.322-0400 [DEBUG] [org.gradle.process.internal.health.memory.DefaultMemoryManager] 1684925644 physical memory requested, 0 released, 1182859264 free
2024-10-01T12:04:31.319-0400 [DEBUG] [org.gradle.process.internal.health.memory.DefaultMemoryManager] 1684925644 physical memory requested, 1177870336 free
2024-10-01T12:04:31.319-0400 [DEBUG] [org.gradle.workers.internal.WorkerDaemonExpiration] Will attempt to release 1606 of memory
2024-10-01T12:04:31.319-0400 [DEBUG] [org.gradle.process.internal.health.memory.DefaultMemoryManager] 1684925644 physical memory requested, 0 released, 1177870336 free
2024-10-01T12:04:33.830-0400 [DEBUG] [org.gradle.cache.internal.DefaultFileLockManager] Waiting to acquire shared lock on daemon addresses registry.
2024-10-01T12:04:33.830-0400 [DEBUG] [org.gradle.cache.internal.DefaultFileLockManager] Lock acquired on daemon addresses registry.
2024-10-01T12:04:33.830-0400 [DEBUG] [org.gradle.cache.internal.DefaultFileLockManager] Releasing lock on daemon addresses registry.
2024-10-01T12:04:33.833-0400 [DEBUG] [org.gradle.cache.internal.DefaultFileLockManager] Waiting to acquire shared lock on daemon addresses registry.
2024-10-01T12:04:33.833-0400 [DEBUG] [org.gradle.cache.internal.DefaultFileLockManager] Lock acquired on daemon addresses registry.
2024-10-01T12:04:33.833-0400 [DEBUG] [org.gradle.cache.internal.DefaultFileLockManager] Releasing lock on daemon addresses registry.
2024-10-01T12:04:33.835-0400 [DEBUG] [org.gradle.cache.internal.DefaultFileLockManager] Waiting to acquire shared lock on daemon addresses registry.
2024-10-01T12:04:33.835-0400 [DEBUG] [org.gradle.cache.internal.DefaultFileLockManager] Lock acquired on daemon addresses registry.
2024-10-01T12:04:33.836-0400 [DEBUG] [org.gradle.cache.internal.DefaultFileLockManager] Releasing lock on daemon addresses registry.
2024-10-01T12:04:36.324-0400 [DEBUG] [org.gradle.process.internal.health.memory.DefaultMemoryManager] 1684925644 physical memory requested, 1178996736 free
2024-10-01T12:04:36.325-0400 [DEBUG] [org.gradle.workers.internal.WorkerDaemonExpiration] Will attempt to release 1606 of memory
2024-10-01T12:04:36.325-0400 [DEBUG] [org.gradle.process.internal.health.memory.DefaultMemoryManager] 1684925644 physical memory requested, 0 released, 1178996736 free
2024-10-01T12:04:41.320-0400 [DEBUG] [org.gradle.process.internal.health.memory.DefaultMemoryManager] 1684925644 physical memory requested, 1156243456 free
2024-10-01T12:04:41.320-0400 [DEBUG] [org.gradle.workers.internal.WorkerDaemonExpiration] Will attempt to release 1606 of memory
2024-10-01T12:04:41.320-0400 [DEBUG] [org.gradle.process.internal.health.memory.DefaultMemoryManager] 1684925644 physical memory requested, 0 released, 1156243456 free
2024-10-01T12:04:43.831-0400 [DEBUG] [org.gradle.cache.internal.DefaultFileLockManager] Waiting to acquire shared lock on daemon addresses registry.
2024-10-01T12:04:43.831-0400 [DEBUG] [org.gradle.cache.internal.DefaultFileLockManager] Lock acquired on daemon addresses registry.
2024-10-01T12:04:43.832-0400 [DEBUG] [org.gradle.cache.internal.DefaultFileLockManager] Releasing lock on daemon addresses registry.
2024-10-01T12:04:43.834-0400 [DEBUG] [org.gradle.cache.internal.DefaultFileLockManager] Waiting to acquire shared lock on daemon addresses registry.
2024-10-01T12:04:43.834-0400 [DEBUG] [org.gradle.cache.internal.DefaultFileLockManager] Lock acquired on daemon addresses registry.
2024-10-01T12:04:43.834-0400 [DEBUG] [org.gradle.cache.internal.DefaultFileLockManager] Releasing lock on daemon addresses registry.
2024-10-01T12:04:43.836-0400 [DEBUG] [org.gradle.cache.internal.DefaultFileLockManager] Waiting to acquire shared lock on daemon addresses registry.
2024-10-01T12:04:43.836-0400 [DEBUG] [org.gradle.cache.internal.DefaultFileLockManager] Lock acquired on daemon addresses registry.
2024-10-01T12:04:43.837-0400 [DEBUG] [org.gradle.cache.internal.DefaultFileLockManager] Releasing lock on daemon addresses registry.
2024-10-01T12:04:46.326-0400 [DEBUG] [org.gradle.process.internal.health.memory.DefaultMemoryManager] 1684925644 physical memory requested, 1110401024 free
2024-10-01T12:04:46.326-0400 [DEBUG] [org.gradle.workers.internal.WorkerDaemonExpiration] Will attempt to release 1606 of memory
2024-10-01T12:04:46.326-0400 [DEBUG] [org.gradle.process.internal.health.memory.DefaultMemoryManager] 1684925644 physical memory requested, 0 released, 1110401024 free
2024-10-01T12:04:51.323-0400 [DEBUG] [org.gradle.process.internal.health.memory.DefaultMemoryManager] 1684925644 physical memory requested, 1140453376 free
2024-10-01T12:04:51.323-0400 [DEBUG] [org.gradle.workers.internal.WorkerDaemonExpiration] Will attempt to release 1606 of memory
2024-10-01T12:04:51.323-0400 [DEBUG] [org.gradle.process.internal.health.memory.DefaultMemoryManager] 1684925644 physical memory requested, 0 released, 1140453376 free
2024-10-01T12:04:53.828-0400 [DEBUG] [org.gradle.cache.internal.DefaultFileLockManager] Waiting to acquire shared lock on daemon addresses registry.
2024-10-01T12:04:53.828-0400 [DEBUG] [org.gradle.cache.internal.DefaultFileLockManager] Lock acquired on daemon addresses registry.
2024-10-01T12:04:53.829-0400 [DEBUG] [org.gradle.cache.internal.DefaultFileLockManager] Releasing lock on daemon addresses registry.
2024-10-01T12:04:53.831-0400 [DEBUG] [org.gradle.cache.internal.DefaultFileLockManager] Waiting to acquire shared lock on daemon addresses registry.
2024-10-01T12:04:53.831-0400 [DEBUG] [org.gradle.cache.internal.DefaultFileLockManager] Lock acquired on daemon addresses registry.
2024-10-01T12:04:53.832-0400 [DEBUG] [org.gradle.cache.internal.DefaultFileLockManager] Releasing lock on daemon addresses registry.
2024-10-01T12:04:53.833-0400 [DEBUG] [org.gradle.cache.internal.DefaultFileLockManager] Waiting to acquire shared lock on daemon addresses registry.
2024-10-01T12:04:53.833-0400 [DEBUG] [org.gradle.cache.internal.DefaultFileLockManager] Lock acquired on daemon addresses registry.
2024-10-01T12:04:53.834-0400 [DEBUG] [org.gradle.cache.internal.DefaultFileLockManager] Releasing lock on daemon addresses registry.
2024-10-01T12:04:56.322-0400 [DEBUG] [org.gradle.process.internal.health.memory.DefaultMemoryManager] 1684925644 physical memory requested, 1167749120 free
2024-10-01T12:04:56.322-0400 [DEBUG] [org.gradle.workers.internal.WorkerDaemonExpiration] Will attempt to release 1606 of memory
2024-10-01T12:04:56.322-0400 [DEBUG] [org.gradle.process.internal.health.memory.DefaultMemoryManager] 1684925644 physical memory requested, 0 released, 1167749120 free
2024-10-01T12:05:01.332-0400 [DEBUG] [org.gradle.process.internal.health.memory.DefaultMemoryManager] 1684925644 physical memory requested, 1037844480 free
2024-10-01T12:05:01.332-0400 [DEBUG] [org.gradle.workers.internal.WorkerDaemonExpiration] Will attempt to release 1606 of memory
2024-10-01T12:05:01.333-0400 [DEBUG] [org.gradle.process.internal.health.memory.DefaultMemoryManager] 1684925644 physical memory requested, 0 released, 1037844480 free
2024-10-01T12:05:03.829-0400 [DEBUG] [org.gradle.cache.internal.DefaultFileLockManager] Waiting to acquire shared lock on daemon addresses registry.
2024-10-01T12:05:03.829-0400 [DEBUG] [org.gradle.cache.internal.DefaultFileLockManager] Lock acquired on daemon addresses registry.
2024-10-01T12:05:03.830-0400 [DEBUG] [org.gradle.cache.internal.DefaultFileLockManager] Releasing lock on daemon addresses registry.
2024-10-01T12:05:03.833-0400 [DEBUG] [org.gradle.cache.internal.DefaultFileLockManager] Waiting to acquire shared lock on daemon addresses registry.
2024-10-01T12:05:03.833-0400 [DEBUG] [org.gradle.cache.internal.DefaultFileLockManager] Lock acquired on daemon addresses registry.
2024-10-01T12:05:03.834-0400 [DEBUG] [org.gradle.cache.internal.DefaultFileLockManager] Releasing lock on daemon addresses registry.
2024-10-01T12:05:03.835-0400 [DEBUG] [org.gradle.cache.internal.DefaultFileLockManager] Waiting to acquire shared lock on daemon addresses registry.
2024-10-01T12:05:03.835-0400 [DEBUG] [org.gradle.cache.internal.DefaultFileLockManager] Lock acquired on daemon addresses registry.
2024-10-01T12:05:03.836-0400 [DEBUG] [org.gradle.cache.internal.DefaultFileLockManager] Releasing lock on daemon addresses registry.
2024-10-01T12:05:06.324-0400 [DEBUG] [org.gradle.process.internal.health.memory.DefaultMemoryManager] 1684925644 physical memory requested, 1033142272 free
2024-10-01T12:05:06.324-0400 [DEBUG] [org.gradle.workers.internal.WorkerDaemonExpiration] Will attempt to release 1606 of memory
2024-10-01T12:05:06.324-0400 [DEBUG] [org.gradle.process.internal.health.memory.DefaultMemoryManager] 1684925644 physical memory requested, 0 released, 1033142272 free
2024-10-01T12:05:11.353-0400 [DEBUG] [org.gradle.process.internal.health.memory.DefaultMemoryManager] 1684925644 physical memory requested, 1038548992 free
2024-10-01T12:05:11.354-0400 [DEBUG] [org.gradle.workers.internal.WorkerDaemonExpiration] Will attempt to release 1606 of memory
2024-10-01T12:05:11.354-0400 [DEBUG] [org.gradle.process.internal.health.memory.DefaultMemoryManager] 1684925644 physical memory requested, 0 released, 1038548992 free
2024-10-01T12:05:13.828-0400 [DEBUG] [org.gradle.cache.internal.DefaultFileLockManager] Waiting to acquire shared lock on daemon addresses registry.
2024-10-01T12:05:13.828-0400 [DEBUG] [org.gradle.cache.internal.DefaultFileLockManager] Lock acquired on daemon addresses registry.
2024-10-01T12:05:13.829-0400 [DEBUG] [org.gradle.cache.internal.DefaultFileLockManager] Releasing lock on daemon addresses registry.
2024-10-01T12:05:13.831-0400 [DEBUG] [org.gradle.cache.internal.DefaultFileLockManager] Waiting to acquire shared lock on daemon addresses registry.
2024-10-01T12:05:13.831-0400 [DEBUG] [org.gradle.cache.internal.DefaultFileLockManager] Lock acquired on daemon addresses registry.
2024-10-01T12:05:13.832-0400 [DEBUG] [org.gradle.cache.internal.DefaultFileLockManager] Releasing lock on daemon addresses registry.
2024-10-01T12:05:13.834-0400 [DEBUG] [org.gradle.cache.internal.DefaultFileLockManager] Waiting to acquire shared lock on daemon addresses registry.
2024-10-01T12:05:13.834-0400 [DEBUG] [org.gradle.cache.internal.DefaultFileLockManager] Lock acquired on daemon addresses registry.
2024-10-01T12:05:13.834-0400 [DEBUG] [org.gradle.cache.internal.DefaultFileLockManager] Releasing lock on daemon addresses registry.
2024-10-01T12:05:16.324-0400 [DEBUG] [org.gradle.process.internal.health.memory.DefaultMemoryManager] 1684925644 physical memory requested, 1025519616 free
2024-10-01T12:05:16.324-0400 [DEBUG] [org.gradle.workers.internal.WorkerDaemonExpiration] Will attempt to release 1606 of memory
2024-10-01T12:05:16.324-0400 [DEBUG] [org.gradle.process.internal.health.memory.DefaultMemoryManager] 1684925644 physical memory requested, 0 released, 1025519616 free
2024-10-01T12:05:21.332-0400 [DEBUG] [org.gradle.process.internal.health.memory.DefaultMemoryManager] 1684925644 physical memory requested, 1028370432 free
2024-10-01T12:05:21.333-0400 [DEBUG] [org.gradle.workers.internal.WorkerDaemonExpiration] Will attempt to release 1606 of memory
2024-10-01T12:05:21.333-0400 [DEBUG] [org.gradle.process.internal.health.memory.DefaultMemoryManager] 1684925644 physical memory requested, 0 released, 1028370432 free
2024-10-01T12:05:23.828-0400 [DEBUG] [org.gradle.cache.internal.DefaultFileLockManager] Waiting to acquire shared lock on daemon addresses registry.
2024-10-01T12:05:23.828-0400 [DEBUG] [org.gradle.cache.internal.DefaultFileLockManager] Lock acquired on daemon addresses registry.
2024-10-01T12:05:23.828-0400 [DEBUG] [org.gradle.cache.internal.DefaultFileLockManager] Releasing lock on daemon addresses registry.
2024-10-01T12:05:23.829-0400 [DEBUG] [org.gradle.cache.internal.DefaultFileLockManager] Waiting to acquire shared lock on daemon addresses registry.
2024-10-01T12:05:23.830-0400 [DEBUG] [org.gradle.cache.internal.DefaultFileLockManager] Lock acquired on daemon addresses registry.
2024-10-01T12:05:23.830-0400 [DEBUG] [org.gradle.cache.internal.DefaultFileLockManager] Releasing lock on daemon addresses registry.
2024-10-01T12:05:23.830-0400 [DEBUG] [org.gradle.cache.internal.DefaultFileLockManager] Waiting to acquire shared lock on daemon addresses registry.
2024-10-01T12:05:23.830-0400 [DEBUG] [org.gradle.cache.internal.DefaultFileLockManager] Lock acquired on daemon addresses registry.
2024-10-01T12:05:23.831-0400 [DEBUG] [org.gradle.cache.internal.DefaultFileLockManager] Releasing lock on daemon addresses registry.
2024-10-01T12:05:26.318-0400 [DEBUG] [org.gradle.process.internal.health.memory.DefaultMemoryManager] 1684925644 physical memory requested, 1026867200 free
2024-10-01T12:05:26.318-0400 [DEBUG] [org.gradle.workers.internal.WorkerDaemonExpiration] Will attempt to release 1606 of memory
2024-10-01T12:05:26.318-0400 [DEBUG] [org.gradle.process.internal.health.memory.DefaultMemoryManager] 1684925644 physical memory requested, 0 released, 1026867200 free
2024-10-01T12:05:31.323-0400 [DEBUG] [org.gradle.process.internal.health.memory.DefaultMemoryManager] 1684925644 physical memory requested, 1036664832 free
2024-10-01T12:05:31.323-0400 [DEBUG] [org.gradle.workers.internal.WorkerDaemonExpiration] Will attempt to release 1606 of memory
2024-10-01T12:05:31.323-0400 [DEBUG] [org.gradle.process.internal.health.memory.DefaultMemoryManager] 1684925644 physical memory requested, 0 released, 1036664832 free
2024-10-01T12:05:33.828-0400 [DEBUG] [org.gradle.cache.internal.DefaultFileLockManager] Waiting to acquire shared lock on daemon addresses registry.
2024-10-01T12:05:33.829-0400 [DEBUG] [org.gradle.cache.internal.DefaultFileLockManager] Lock acquired on daemon addresses registry.
2024-10-01T12:05:33.829-0400 [DEBUG] [org.gradle.cache.internal.DefaultFileLockManager] Releasing lock on daemon addresses registry.
2024-10-01T12:05:33.831-0400 [DEBUG] [org.gradle.cache.internal.DefaultFileLockManager] Waiting to acquire shared lock on daemon addresses registry.
2024-10-01T12:05:33.831-0400 [DEBUG] [org.gradle.cache.internal.DefaultFileLockManager] Lock acquired on daemon addresses registry.
2024-10-01T12:05:33.832-0400 [DEBUG] [org.gradle.cache.internal.DefaultFileLockManager] Releasing lock on daemon addresses registry.
2024-10-01T12:05:33.833-0400 [DEBUG] [org.gradle.cache.internal.DefaultFileLockManager] Waiting to acquire shared lock on daemon addresses registry.
2024-10-01T12:05:33.833-0400 [DEBUG] [org.gradle.cache.internal.DefaultFileLockManager] Lock acquired on daemon addresses registry.
2024-10-01T12:05:33.834-0400 [DEBUG] [org.gradle.cache.internal.DefaultFileLockManager] Releasing lock on daemon addresses registry.
2024-10-01T12:05:36.324-0400 [DEBUG] [org.gradle.process.internal.health.memory.DefaultMemoryManager] 1684925644 physical memory requested, 1055285248 free
2024-10-01T12:05:36.324-0400 [DEBUG] [org.gradle.workers.internal.WorkerDaemonExpiration] Will attempt to release 1606 of memory
2024-10-01T12:05:36.324-0400 [DEBUG] [org.gradle.process.internal.health.memory.DefaultMemoryManager] 1684925644 physical memory requested, 0 released, 1055285248 free
2024-10-01T12:05:41.321-0400 [DEBUG] [org.gradle.process.internal.health.memory.DefaultMemoryManager] 1684925644 physical memory requested, 1062051840 free
2024-10-01T12:05:41.321-0400 [DEBUG] [org.gradle.workers.internal.WorkerDaemonExpiration] Will attempt to release 1606 of memory
2024-10-01T12:05:41.321-0400 [DEBUG] [org.gradle.process.internal.health.memory.DefaultMemoryManager] 1684925644 physical memory requested, 0 released, 1062051840 free
2024-10-01T12:05:43.208-0400 [DEBUG] [sun.rmi.transport.tcp] RMI TCP Connection(7)-127.0.0.1: accepted socket from [127.0.0.1:50601]
2024-10-01T12:05:43.208-0400 [DEBUG] [sun.rmi.transport.tcp] RMI TCP Connection(7)-127.0.0.1: (port 63653) op = 80
2024-10-01T12:05:43.209-0400 [DEBUG] [sun.rmi.loader] RMI TCP Connection(7)-127.0.0.1: name = "[Ljava.rmi.server.ObjID;", codebase = "", defaultLoader = jdk.internal.loader.ClassLoaders$PlatformClassLoader@4b80dbe7
2024-10-01T12:05:43.209-0400 [DEBUG] [sun.rmi.loader] RMI TCP Connection(7)-127.0.0.1: name = "java.rmi.dgc.Lease", codebase = "", defaultLoader = jdk.internal.loader.ClassLoaders$PlatformClassLoader@4b80dbe7
2024-10-01T12:05:43.209-0400 [DEBUG] [sun.rmi.loader] RMI TCP Connection(7)-127.0.0.1: name = "java.rmi.dgc.VMID", codebase = "", defaultLoader = jdk.internal.loader.ClassLoaders$PlatformClassLoader@4b80dbe7
2024-10-01T12:05:43.209-0400 [DEBUG] [sun.rmi.loader] RMI TCP Connection(7)-127.0.0.1: name = "[B", codebase = "", defaultLoader = jdk.internal.loader.ClassLoaders$PlatformClassLoader@4b80dbe7
2024-10-01T12:05:43.209-0400 [DEBUG] [sun.rmi.loader] RMI TCP Connection(7)-127.0.0.1: name = "java.rmi.server.UID", codebase = "", defaultLoader = jdk.internal.loader.ClassLoaders$PlatformClassLoader@4b80dbe7
2024-10-01T12:05:43.830-0400 [DEBUG] [org.gradle.cache.internal.DefaultFileLockManager] Waiting to acquire shared lock on daemon addresses registry.
2024-10-01T12:05:43.830-0400 [DEBUG] [org.gradle.cache.internal.DefaultFileLockManager] Lock acquired on daemon addresses registry.
2024-10-01T12:05:43.830-0400 [DEBUG] [org.gradle.cache.internal.DefaultFileLockManager] Releasing lock on daemon addresses registry.
2024-10-01T12:05:43.832-0400 [DEBUG] [org.gradle.cache.internal.DefaultFileLockManager] Waiting to acquire shared lock on daemon addresses registry.
2024-10-01T12:05:43.833-0400 [DEBUG] [org.gradle.cache.internal.DefaultFileLockManager] Lock acquired on daemon addresses registry.
2024-10-01T12:05:43.833-0400 [DEBUG] [org.gradle.cache.internal.DefaultFileLockManager] Releasing lock on daemon addresses registry.
2024-10-01T12:05:43.835-0400 [DEBUG] [org.gradle.cache.internal.DefaultFileLockManager] Waiting to acquire shared lock on daemon addresses registry.
2024-10-01T12:05:43.835-0400 [DEBUG] [org.gradle.cache.internal.DefaultFileLockManager] Lock acquired on daemon addresses registry.
2024-10-01T12:05:43.836-0400 [DEBUG] [org.gradle.cache.internal.DefaultFileLockManager] Releasing lock on daemon addresses registry.
2024-10-01T12:05:46.329-0400 [DEBUG] [org.gradle.process.internal.health.memory.DefaultMemoryManager] 1684925644 physical memory requested, 1046065152 free
2024-10-01T12:05:46.329-0400 [DEBUG] [org.gradle.workers.internal.WorkerDaemonExpiration] Will attempt to release 1606 of memory
2024-10-01T12:05:46.329-0400 [DEBUG] [org.gradle.process.internal.health.memory.DefaultMemoryManager] 1684925644 physical memory requested, 0 released, 1046065152 free
2024-10-01T12:05:51.335-0400 [DEBUG] [org.gradle.process.internal.health.memory.DefaultMemoryManager] 1684925644 physical memory requested, 1043722240 free
2024-10-01T12:05:51.335-0400 [DEBUG] [org.gradle.workers.internal.WorkerDaemonExpiration] Will attempt to release 1606 of memory
2024-10-01T12:05:51.335-0400 [DEBUG] [org.gradle.process.internal.health.memory.DefaultMemoryManager] 1684925644 physical memory requested, 0 released, 1043722240 free
2024-10-01T12:05:53.828-0400 [DEBUG] [org.gradle.cache.internal.DefaultFileLockManager] Waiting to acquire shared lock on daemon addresses registry.
2024-10-01T12:05:53.828-0400 [DEBUG] [org.gradle.cache.internal.DefaultFileLockManager] Lock acquired on daemon addresses registry.
2024-10-01T12:05:53.828-0400 [DEBUG] [org.gradle.cache.internal.DefaultFileLockManager] Releasing lock on daemon addresses registry.
2024-10-01T12:05:53.829-0400 [DEBUG] [org.gradle.cache.internal.DefaultFileLockManager] Waiting to acquire shared lock on daemon addresses registry.
2024-10-01T12:05:53.829-0400 [DEBUG] [org.gradle.cache.internal.DefaultFileLockManager] Lock acquired on daemon addresses registry.
2024-10-01T12:05:53.829-0400 [DEBUG] [org.gradle.cache.internal.DefaultFileLockManager] Releasing lock on daemon addresses registry.
2024-10-01T12:05:53.829-0400 [DEBUG] [org.gradle.cache.internal.DefaultFileLockManager] Waiting to acquire shared lock on daemon addresses registry.
2024-10-01T12:05:53.829-0400 [DEBUG] [org.gradle.cache.internal.DefaultFileLockManager] Lock acquired on daemon addresses registry.
2024-10-01T12:05:53.829-0400 [DEBUG] [org.gradle.cache.internal.DefaultFileLockManager] Releasing lock on daemon addresses registry.
2024-10-01T12:05:56.319-0400 [DEBUG] [org.gradle.process.internal.health.memory.DefaultMemoryManager] 1684925644 physical memory requested, 1047535616 free
2024-10-01T12:05:56.319-0400 [DEBUG] [org.gradle.workers.internal.WorkerDaemonExpiration] Will attempt to release 1606 of memory
2024-10-01T12:05:56.319-0400 [DEBUG] [org.gradle.process.internal.health.memory.DefaultMemoryManager] 1684925644 physical memory requested, 0 released, 1047535616 free
2024-10-01T12:05:58.212-0400 [DEBUG] [sun.rmi.transport.tcp] RMI TCP Connection(7)-127.0.0.1: (port 63653) connection closed
2024-10-01T12:05:58.212-0400 [DEBUG] [sun.rmi.transport.tcp] RMI TCP Connection(7)-127.0.0.1: close connection, socket: Socket[addr=/127.0.0.1,port=50601,localport=63653]
2024-10-01T12:05:58.213-0400 [DEBUG] [sun.rmi.transport.tcp] RMI TCP Connection(7)-127.0.0.1: socket close: Socket[addr=/127.0.0.1,port=50601,localport=63653]
2024-10-01T12:06:01.337-0400 [DEBUG] [org.gradle.process.internal.health.memory.DefaultMemoryManager] 1684925644 physical memory requested, 1059315712 free
2024-10-01T12:06:01.338-0400 [DEBUG] [org.gradle.workers.internal.WorkerDaemonExpiration] Will attempt to release 1606 of memory
2024-10-01T12:06:01.338-0400 [DEBUG] [org.gradle.process.internal.health.memory.DefaultMemoryManager] 1684925644 physical memory requested, 0 released, 1059315712 free
2024-10-01T12:06:03.831-0400 [DEBUG] [org.gradle.cache.internal.DefaultFileLockManager] Waiting to acquire shared lock on daemon addresses registry.
2024-10-01T12:06:03.831-0400 [DEBUG] [org.gradle.cache.internal.DefaultFileLockManager] Lock acquired on daemon addresses registry.
2024-10-01T12:06:03.832-0400 [DEBUG] [org.gradle.cache.internal.DefaultFileLockManager] Releasing lock on daemon addresses registry.
2024-10-01T12:06:03.833-0400 [DEBUG] [org.gradle.cache.internal.DefaultFileLockManager] Waiting to acquire shared lock on daemon addresses registry.
2024-10-01T12:06:03.834-0400 [DEBUG] [org.gradle.cache.internal.DefaultFileLockManager] Lock acquired on daemon addresses registry.
2024-10-01T12:06:03.834-0400 [DEBUG] [org.gradle.cache.internal.DefaultFileLockManager] Releasing lock on daemon addresses registry.
2024-10-01T12:06:03.836-0400 [DEBUG] [org.gradle.cache.internal.DefaultFileLockManager] Waiting to acquire shared lock on daemon addresses registry.
2024-10-01T12:06:03.836-0400 [DEBUG] [org.gradle.cache.internal.DefaultFileLockManager] Lock acquired on daemon addresses registry.
2024-10-01T12:06:03.836-0400 [DEBUG] [org.gradle.cache.internal.DefaultFileLockManager] Releasing lock on daemon addresses registry.
2024-10-01T12:06:06.323-0400 [DEBUG] [org.gradle.process.internal.health.memory.DefaultMemoryManager] 1684925644 physical memory requested, 1059856384 free
2024-10-01T12:06:06.323-0400 [DEBUG] [org.gradle.workers.internal.WorkerDaemonExpiration] Will attempt to release 1606 of memory
2024-10-01T12:06:06.323-0400 [DEBUG] [org.gradle.process.internal.health.memory.DefaultMemoryManager] 1684925644 physical memory requested, 0 released, 1059856384 free
2024-10-01T12:06:11.320-0400 [DEBUG] [org.gradle.process.internal.health.memory.DefaultMemoryManager] 1684925644 physical memory requested, 1067515904 free
2024-10-01T12:06:11.320-0400 [DEBUG] [org.gradle.workers.internal.WorkerDaemonExpiration] Will attempt to release 1606 of memory
2024-10-01T12:06:11.320-0400 [DEBUG] [org.gradle.process.internal.health.memory.DefaultMemoryManager] 1684925644 physical memory requested, 0 released, 1067515904 free
2024-10-01T12:06:13.829-0400 [DEBUG] [org.gradle.cache.internal.DefaultFileLockManager] Waiting to acquire shared lock on daemon addresses registry.
2024-10-01T12:06:13.830-0400 [DEBUG] [org.gradle.cache.internal.DefaultFileLockManager] Lock acquired on daemon addresses registry.
2024-10-01T12:06:13.830-0400 [DEBUG] [org.gradle.cache.internal.DefaultFileLockManager] Releasing lock on daemon addresses registry.
2024-10-01T12:06:13.831-0400 [DEBUG] [org.gradle.cache.internal.DefaultFileLockManager] Waiting to acquire shared lock on daemon addresses registry.
2024-10-01T12:06:13.831-0400 [DEBUG] [org.gradle.cache.internal.DefaultFileLockManager] Lock acquired on daemon addresses registry.
2024-10-01T12:06:13.832-0400 [DEBUG] [org.gradle.cache.internal.DefaultFileLockManager] Releasing lock on daemon addresses registry.
2024-10-01T12:06:13.833-0400 [DEBUG] [org.gradle.cache.internal.DefaultFileLockManager] Waiting to acquire shared lock on daemon addresses registry.
2024-10-01T12:06:13.833-0400 [DEBUG] [org.gradle.cache.internal.DefaultFileLockManager] Lock acquired on daemon addresses registry.
2024-10-01T12:06:13.833-0400 [DEBUG] [org.gradle.cache.internal.DefaultFileLockManager] Releasing lock on daemon addresses registry.
2024-10-01T12:06:16.322-0400 [DEBUG] [org.gradle.process.internal.health.memory.DefaultMemoryManager] 1684925644 physical memory requested, 1056948224 free
2024-10-01T12:06:16.322-0400 [DEBUG] [org.gradle.workers.internal.WorkerDaemonExpiration] Will attempt to release 1606 of memory
2024-10-01T12:06:16.322-0400 [DEBUG] [org.gradle.process.internal.health.memory.DefaultMemoryManager] 1684925644 physical memory requested, 0 released, 1056948224 free
2024-10-01T12:06:21.318-0400 [DEBUG] [org.gradle.process.internal.health.memory.DefaultMemoryManager] 1684925644 physical memory requested, 1068777472 free
2024-10-01T12:06:21.318-0400 [DEBUG] [org.gradle.workers.internal.WorkerDaemonExpiration] Will attempt to release 1606 of memory
2024-10-01T12:06:21.318-0400 [DEBUG] [org.gradle.process.internal.health.memory.DefaultMemoryManager] 1684925644 physical memory requested, 0 released, 1068777472 free
2024-10-01T12:06:23.829-0400 [DEBUG] [org.gradle.cache.internal.DefaultFileLockManager] Waiting to acquire shared lock on daemon addresses registry.
2024-10-01T12:06:23.829-0400 [DEBUG] [org.gradle.cache.internal.DefaultFileLockManager] Lock acquired on daemon addresses registry.
2024-10-01T12:06:23.830-0400 [DEBUG] [org.gradle.cache.internal.DefaultFileLockManager] Releasing lock on daemon addresses registry.
2024-10-01T12:06:23.832-0400 [DEBUG] [org.gradle.cache.internal.DefaultFileLockManager] Waiting to acquire shared lock on daemon addresses registry.
2024-10-01T12:06:23.832-0400 [DEBUG] [org.gradle.cache.internal.DefaultFileLockManager] Lock acquired on daemon addresses registry.
2024-10-01T12:06:23.833-0400 [DEBUG] [org.gradle.cache.internal.DefaultFileLockManager] Releasing lock on daemon addresses registry.
2024-10-01T12:06:23.835-0400 [DEBUG] [org.gradle.cache.internal.DefaultFileLockManager] Waiting to acquire shared lock on daemon addresses registry.
2024-10-01T12:06:23.835-0400 [DEBUG] [org.gradle.cache.internal.DefaultFileLockManager] Lock acquired on daemon addresses registry.
2024-10-01T12:06:23.835-0400 [DEBUG] [org.gradle.cache.internal.DefaultFileLockManager] Releasing lock on daemon addresses registry.
2024-10-01T12:06:26.320-0400 [DEBUG] [org.gradle.process.internal.health.memory.DefaultMemoryManager] 1684925644 physical memory requested, 1043705856 free
2024-10-01T12:06:26.320-0400 [DEBUG] [org.gradle.workers.internal.WorkerDaemonExpiration] Will attempt to release 1606 of memory
2024-10-01T12:06:26.320-0400 [DEBUG] [org.gradle.process.internal.health.memory.DefaultMemoryManager] 1684925644 physical memory requested, 0 released, 1043705856 free
2024-10-01T12:06:31.322-0400 [DEBUG] [org.gradle.process.internal.health.memory.DefaultMemoryManager] 1684925644 physical memory requested, 1024270336 free
2024-10-01T12:06:31.322-0400 [DEBUG] [org.gradle.workers.internal.WorkerDaemonExpiration] Will attempt to release 1606 of memory
2024-10-01T12:06:31.322-0400 [DEBUG] [org.gradle.process.internal.health.memory.DefaultMemoryManager] 1684925644 physical memory requested, 0 released, 1024270336 free
2024-10-01T12:06:33.834-0400 [DEBUG] [org.gradle.cache.internal.DefaultFileLockManager] Waiting to acquire shared lock on daemon addresses registry.
2024-10-01T12:06:33.835-0400 [DEBUG] [org.gradle.cache.internal.DefaultFileLockManager] Lock acquired on daemon addresses registry.
2024-10-01T12:06:33.836-0400 [DEBUG] [org.gradle.cache.internal.DefaultFileLockManager] Releasing lock on daemon addresses registry.
2024-10-01T12:06:33.838-0400 [DEBUG] [org.gradle.cache.internal.DefaultFileLockManager] Waiting to acquire shared lock on daemon addresses registry.
2024-10-01T12:06:33.839-0400 [DEBUG] [org.gradle.cache.internal.DefaultFileLockManager] Lock acquired on daemon addresses registry.
2024-10-01T12:06:33.839-0400 [DEBUG] [org.gradle.cache.internal.DefaultFileLockManager] Releasing lock on daemon addresses registry.
2024-10-01T12:06:33.841-0400 [DEBUG] [org.gradle.cache.internal.DefaultFileLockManager] Waiting to acquire shared lock on daemon addresses registry.
2024-10-01T12:06:33.842-0400 [DEBUG] [org.gradle.cache.internal.DefaultFileLockManager] Lock acquired on daemon addresses registry.
2024-10-01T12:06:33.842-0400 [DEBUG] [org.gradle.cache.internal.DefaultFileLockManager] Releasing lock on daemon addresses registry.
2024-10-01T12:06:36.318-0400 [DEBUG] [org.gradle.process.internal.health.memory.DefaultMemoryManager] 1684925644 physical memory requested, 994791424 free
2024-10-01T12:06:36.318-0400 [DEBUG] [org.gradle.workers.internal.WorkerDaemonExpiration] Will attempt to release 1606 of memory
2024-10-01T12:06:36.318-0400 [DEBUG] [org.gradle.process.internal.health.memory.DefaultMemoryManager] 1684925644 physical memory requested, 0 released, 994791424 free
2024-10-01T12:06:41.320-0400 [DEBUG] [org.gradle.process.internal.health.memory.DefaultMemoryManager] 1684925644 physical memory requested, 992604160 free
2024-10-01T12:06:41.320-0400 [DEBUG] [org.gradle.workers.internal.WorkerDaemonExpiration] Will attempt to release 1606 of memory
2024-10-01T12:06:41.320-0400 [DEBUG] [org.gradle.process.internal.health.memory.DefaultMemoryManager] 1684925644 physical memory requested, 0 released, 992604160 free
2024-10-01T12:06:43.829-0400 [DEBUG] [org.gradle.cache.internal.DefaultFileLockManager] Waiting to acquire shared lock on daemon addresses registry.
2024-10-01T12:06:43.829-0400 [DEBUG] [org.gradle.cache.internal.DefaultFileLockManager] Lock acquired on daemon addresses registry.
2024-10-01T12:06:43.829-0400 [DEBUG] [org.gradle.cache.internal.DefaultFileLockManager] Releasing lock on daemon addresses registry.
2024-10-01T12:06:43.829-0400 [DEBUG] [org.gradle.cache.internal.DefaultFileLockManager] Waiting to acquire shared lock on daemon addresses registry.
2024-10-01T12:06:43.830-0400 [DEBUG] [org.gradle.cache.internal.DefaultFileLockManager] Lock acquired on daemon addresses registry.
2024-10-01T12:06:43.830-0400 [DEBUG] [org.gradle.cache.internal.DefaultFileLockManager] Releasing lock on daemon addresses registry.
2024-10-01T12:06:43.830-0400 [DEBUG] [org.gradle.cache.internal.DefaultFileLockManager] Waiting to acquire shared lock on daemon addresses registry.
2024-10-01T12:06:43.830-0400 [DEBUG] [org.gradle.cache.internal.DefaultFileLockManager] Lock acquired on daemon addresses registry.
2024-10-01T12:06:43.830-0400 [DEBUG] [org.gradle.cache.internal.DefaultFileLockManager] Releasing lock on daemon addresses registry.
2024-10-01T12:06:46.319-0400 [DEBUG] [org.gradle.process.internal.health.memory.DefaultMemoryManager] 1684925644 physical memory requested, 986619904 free
2024-10-01T12:06:46.319-0400 [DEBUG] [org.gradle.workers.internal.WorkerDaemonExpiration] Will attempt to release 1606 of memory
2024-10-01T12:06:46.319-0400 [DEBUG] [org.gradle.process.internal.health.memory.DefaultMemoryManager] 1684925644 physical memory requested, 0 released, 986619904 free
2024-10-01T12:06:51.324-0400 [DEBUG] [org.gradle.process.internal.health.memory.DefaultMemoryManager] 1684925644 physical memory requested, 953413632 free
2024-10-01T12:06:51.325-0400 [DEBUG] [org.gradle.workers.internal.WorkerDaemonExpiration] Will attempt to release 1606 of memory
2024-10-01T12:06:51.325-0400 [DEBUG] [org.gradle.process.internal.health.memory.DefaultMemoryManager] 1684925644 physical memory requested, 0 released, 953413632 free
2024-10-01T12:06:53.829-0400 [DEBUG] [org.gradle.cache.internal.DefaultFileLockManager] Waiting to acquire shared lock on daemon addresses registry.
2024-10-01T12:06:53.829-0400 [DEBUG] [org.gradle.cache.internal.DefaultFileLockManager] Lock acquired on daemon addresses registry.
2024-10-01T12:06:53.829-0400 [DEBUG] [org.gradle.cache.internal.DefaultFileLockManager] Releasing lock on daemon addresses registry.
2024-10-01T12:06:53.831-0400 [DEBUG] [org.gradle.cache.internal.DefaultFileLockManager] Waiting to acquire shared lock on daemon addresses registry.
2024-10-01T12:06:53.831-0400 [DEBUG] [org.gradle.cache.internal.DefaultFileLockManager] Lock acquired on daemon addresses registry.
2024-10-01T12:06:53.832-0400 [DEBUG] [org.gradle.cache.internal.DefaultFileLockManager] Releasing lock on daemon addresses registry.
2024-10-01T12:06:53.833-0400 [DEBUG] [org.gradle.cache.internal.DefaultFileLockManager] Waiting to acquire shared lock on daemon addresses registry.
2024-10-01T12:06:53.834-0400 [DEBUG] [org.gradle.cache.internal.DefaultFileLockManager] Lock acquired on daemon addresses registry.
2024-10-01T12:06:53.834-0400 [DEBUG] [org.gradle.cache.internal.DefaultFileLockManager] Releasing lock on daemon addresses registry.
2024-10-01T12:06:56.324-0400 [DEBUG] [org.gradle.process.internal.health.memory.DefaultMemoryManager] 1684925644 physical memory requested, 947724288 free
2024-10-01T12:06:56.325-0400 [DEBUG] [org.gradle.workers.internal.WorkerDaemonExpiration] Will attempt to release 1606 of memory
2024-10-01T12:06:56.325-0400 [DEBUG] [org.gradle.process.internal.health.memory.DefaultMemoryManager] 1684925644 physical memory requested, 0 released, 947724288 free
2024-10-01T12:07:01.322-0400 [DEBUG] [org.gradle.process.internal.health.memory.DefaultMemoryManager] 1684925644 physical memory requested, 963989504 free
2024-10-01T12:07:01.322-0400 [DEBUG] [org.gradle.workers.internal.WorkerDaemonExpiration] Will attempt to release 1606 of memory
2024-10-01T12:07:01.322-0400 [DEBUG] [org.gradle.process.internal.health.memory.DefaultMemoryManager] 1684925644 physical memory requested, 0 released, 963989504 free
2024-10-01T12:07:03.829-0400 [DEBUG] [org.gradle.cache.internal.DefaultFileLockManager] Waiting to acquire shared lock on daemon addresses registry.
2024-10-01T12:07:03.829-0400 [DEBUG] [org.gradle.cache.internal.DefaultFileLockManager] Lock acquired on daemon addresses registry.
2024-10-01T12:07:03.829-0400 [DEBUG] [org.gradle.cache.internal.DefaultFileLockManager] Releasing lock on daemon addresses registry.
2024-10-01T12:07:03.831-0400 [DEBUG] [org.gradle.cache.internal.DefaultFileLockManager] Waiting to acquire shared lock on daemon addresses registry.
2024-10-01T12:07:03.832-0400 [DEBUG] [org.gradle.cache.internal.DefaultFileLockManager] Lock acquired on daemon addresses registry.
2024-10-01T12:07:03.832-0400 [DEBUG] [org.gradle.cache.internal.DefaultFileLockManager] Releasing lock on daemon addresses registry.
2024-10-01T12:07:03.834-0400 [DEBUG] [org.gradle.cache.internal.DefaultFileLockManager] Waiting to acquire shared lock on daemon addresses registry.
2024-10-01T12:07:03.834-0400 [DEBUG] [org.gradle.cache.internal.DefaultFileLockManager] Lock acquired on daemon addresses registry.
2024-10-01T12:07:03.834-0400 [DEBUG] [org.gradle.cache.internal.DefaultFileLockManager] Releasing lock on daemon addresses registry.
2024-10-01T12:07:06.320-0400 [DEBUG] [org.gradle.process.internal.health.memory.DefaultMemoryManager] 1684925644 physical memory requested, 974548992 free
2024-10-01T12:07:06.321-0400 [DEBUG] [org.gradle.workers.internal.WorkerDaemonExpiration] Will attempt to release 1606 of memory
2024-10-01T12:07:06.321-0400 [DEBUG] [org.gradle.process.internal.health.memory.DefaultMemoryManager] 1684925644 physical memory requested, 0 released, 974548992 free
2024-10-01T12:07:11.322-0400 [DEBUG] [org.gradle.process.internal.health.memory.DefaultMemoryManager] 1684925644 physical memory requested, 943382528 free
2024-10-01T12:07:11.322-0400 [DEBUG] [org.gradle.workers.internal.WorkerDaemonExpiration] Will attempt to release 1606 of memory
2024-10-01T12:07:11.322-0400 [DEBUG] [org.gradle.process.internal.health.memory.DefaultMemoryManager] 1684925644 physical memory requested, 0 released, 943382528 free
2024-10-01T12:07:13.828-0400 [DEBUG] [org.gradle.cache.internal.DefaultFileLockManager] Waiting to acquire shared lock on daemon addresses registry.
2024-10-01T12:07:13.829-0400 [DEBUG] [org.gradle.cache.internal.DefaultFileLockManager] Lock acquired on daemon addresses registry.
2024-10-01T12:07:13.829-0400 [DEBUG] [org.gradle.cache.internal.DefaultFileLockManager] Releasing lock on daemon addresses registry.
2024-10-01T12:07:13.831-0400 [DEBUG] [org.gradle.cache.internal.DefaultFileLockManager] Waiting to acquire shared lock on daemon addresses registry.
2024-10-01T12:07:13.831-0400 [DEBUG] [org.gradle.cache.internal.DefaultFileLockManager] Lock acquired on daemon addresses registry.
2024-10-01T12:07:13.831-0400 [DEBUG] [org.gradle.cache.internal.DefaultFileLockManager] Releasing lock on daemon addresses registry.
2024-10-01T12:07:13.833-0400 [DEBUG] [org.gradle.cache.internal.DefaultFileLockManager] Waiting to acquire shared lock on daemon addresses registry.
2024-10-01T12:07:13.833-0400 [DEBUG] [org.gradle.cache.internal.DefaultFileLockManager] Lock acquired on daemon addresses registry.
2024-10-01T12:07:13.833-0400 [DEBUG] [org.gradle.cache.internal.DefaultFileLockManager] Releasing lock on daemon addresses registry.
2024-10-01T12:07:16.323-0400 [DEBUG] [org.gradle.process.internal.health.memory.DefaultMemoryManager] 1684925644 physical memory requested, 956829696 free
2024-10-01T12:07:16.323-0400 [DEBUG] [org.gradle.workers.internal.WorkerDaemonExpiration] Will attempt to release 1606 of memory
2024-10-01T12:07:16.324-0400 [DEBUG] [org.gradle.process.internal.health.memory.DefaultMemoryManager] 1684925644 physical memory requested, 0 released, 956829696 free
2024-10-01T12:07:21.327-0400 [DEBUG] [org.gradle.process.internal.health.memory.DefaultMemoryManager] 1684925644 physical memory requested, 1011810304 free
2024-10-01T12:07:21.327-0400 [DEBUG] [org.gradle.workers.internal.WorkerDaemonExpiration] Will attempt to release 1606 of memory
2024-10-01T12:07:21.328-0400 [DEBUG] [org.gradle.process.internal.health.memory.DefaultMemoryManager] 1684925644 physical memory requested, 0 released, 1011810304 free
2024-10-01T12:07:23.829-0400 [DEBUG] [org.gradle.cache.internal.DefaultFileLockManager] Waiting to acquire shared lock on daemon addresses registry.
2024-10-01T12:07:23.829-0400 [DEBUG] [org.gradle.cache.internal.DefaultFileLockManager] Lock acquired on daemon addresses registry.
2024-10-01T12:07:23.829-0400 [DEBUG] [org.gradle.cache.internal.DefaultFileLockManager] Releasing lock on daemon addresses registry.
2024-10-01T12:07:23.831-0400 [DEBUG] [org.gradle.cache.internal.DefaultFileLockManager] Waiting to acquire shared lock on daemon addresses registry.
2024-10-01T12:07:23.831-0400 [DEBUG] [org.gradle.cache.internal.DefaultFileLockManager] Lock acquired on daemon addresses registry.
2024-10-01T12:07:23.832-0400 [DEBUG] [org.gradle.cache.internal.DefaultFileLockManager] Releasing lock on daemon addresses registry.
2024-10-01T12:07:23.833-0400 [DEBUG] [org.gradle.cache.internal.DefaultFileLockManager] Waiting to acquire shared lock on daemon addresses registry.
2024-10-01T12:07:23.833-0400 [DEBUG] [org.gradle.cache.internal.DefaultFileLockManager] Lock acquired on daemon addresses registry.
2024-10-01T12:07:23.833-0400 [DEBUG] [org.gradle.cache.internal.DefaultFileLockManager] Releasing lock on daemon addresses registry.
2024-10-01T12:07:26.324-0400 [DEBUG] [org.gradle.process.internal.health.memory.DefaultMemoryManager] 1684925644 physical memory requested, 1062543360 free
2024-10-01T12:07:26.324-0400 [DEBUG] [org.gradle.workers.internal.WorkerDaemonExpiration] Will attempt to release 1606 of memory
2024-10-01T12:07:26.324-0400 [DEBUG] [org.gradle.process.internal.health.memory.DefaultMemoryManager] 1684925644 physical memory requested, 0 released, 1062543360 free
2024-10-01T12:07:31.322-0400 [DEBUG] [org.gradle.process.internal.health.memory.DefaultMemoryManager] 1684925644 physical memory requested, 1110949888 free
2024-10-01T12:07:31.322-0400 [DEBUG] [org.gradle.workers.internal.WorkerDaemonExpiration] Will attempt to release 1606 of memory
2024-10-01T12:07:31.322-0400 [DEBUG] [org.gradle.process.internal.health.memory.DefaultMemoryManager] 1684925644 physical memory requested, 0 released, 1110949888 free
2024-10-01T12:07:33.829-0400 [DEBUG] [org.gradle.cache.internal.DefaultFileLockManager] Waiting to acquire shared lock on daemon addresses registry.
2024-10-01T12:07:33.829-0400 [DEBUG] [org.gradle.cache.internal.DefaultFileLockManager] Lock acquired on daemon addresses registry.
2024-10-01T12:07:33.830-0400 [DEBUG] [org.gradle.cache.internal.DefaultFileLockManager] Releasing lock on daemon addresses registry.
2024-10-01T12:07:33.832-0400 [DEBUG] [org.gradle.cache.internal.DefaultFileLockManager] Waiting to acquire shared lock on daemon addresses registry.
2024-10-01T12:07:33.832-0400 [DEBUG] [org.gradle.cache.internal.DefaultFileLockManager] Lock acquired on daemon addresses registry.
2024-10-01T12:07:33.832-0400 [DEBUG] [org.gradle.cache.internal.DefaultFileLockManager] Releasing lock on daemon addresses registry.
2024-10-01T12:07:33.834-0400 [DEBUG] [org.gradle.cache.internal.DefaultFileLockManager] Waiting to acquire shared lock on daemon addresses registry.
2024-10-01T12:07:33.834-0400 [DEBUG] [org.gradle.cache.internal.DefaultFileLockManager] Lock acquired on daemon addresses registry.
2024-10-01T12:07:33.834-0400 [DEBUG] [org.gradle.cache.internal.DefaultFileLockManager] Releasing lock on daemon addresses registry.
2024-10-01T12:07:36.319-0400 [DEBUG] [org.gradle.process.internal.health.memory.DefaultMemoryManager] 1684925644 physical memory requested, 1117708288 free
2024-10-01T12:07:36.319-0400 [DEBUG] [org.gradle.workers.internal.WorkerDaemonExpiration] Will attempt to release 1606 of memory
2024-10-01T12:07:36.319-0400 [DEBUG] [org.gradle.process.internal.health.memory.DefaultMemoryManager] 1684925644 physical memory requested, 0 released, 1117708288 free
2024-10-01T12:07:41.321-0400 [DEBUG] [org.gradle.process.internal.health.memory.DefaultMemoryManager] 1684925644 physical memory requested, 1127841792 free
2024-10-01T12:07:41.321-0400 [DEBUG] [org.gradle.workers.internal.WorkerDaemonExpiration] Will attempt to release 1606 of memory
2024-10-01T12:07:41.321-0400 [DEBUG] [org.gradle.process.internal.health.memory.DefaultMemoryManager] 1684925644 physical memory requested, 0 released, 1127841792 free
2024-10-01T12:07:43.829-0400 [DEBUG] [org.gradle.cache.internal.DefaultFileLockManager] Waiting to acquire shared lock on daemon addresses registry.
2024-10-01T12:07:43.829-0400 [DEBUG] [org.gradle.cache.internal.DefaultFileLockManager] Lock acquired on daemon addresses registry.
2024-10-01T12:07:43.829-0400 [DEBUG] [org.gradle.cache.internal.DefaultFileLockManager] Releasing lock on daemon addresses registry.
2024-10-01T12:07:43.831-0400 [DEBUG] [org.gradle.cache.internal.DefaultFileLockManager] Waiting to acquire shared lock on daemon addresses registry.
2024-10-01T12:07:43.831-0400 [DEBUG] [org.gradle.cache.internal.DefaultFileLockManager] Lock acquired on daemon addresses registry.
2024-10-01T12:07:43.831-0400 [DEBUG] [org.gradle.cache.internal.DefaultFileLockManager] Releasing lock on daemon addresses registry.
2024-10-01T12:07:43.833-0400 [DEBUG] [org.gradle.cache.internal.DefaultFileLockManager] Waiting to acquire shared lock on daemon addresses registry.
2024-10-01T12:07:43.833-0400 [DEBUG] [org.gradle.cache.internal.DefaultFileLockManager] Lock acquired on daemon addresses registry.
2024-10-01T12:07:43.833-0400 [DEBUG] [org.gradle.cache.internal.DefaultFileLockManager] Releasing lock on daemon addresses registry.
2024-10-01T12:07:46.321-0400 [DEBUG] [org.gradle.process.internal.health.memory.DefaultMemoryManager] 1684925644 physical memory requested, 1146609664 free
2024-10-01T12:07:46.321-0400 [DEBUG] [org.gradle.workers.internal.WorkerDaemonExpiration] Will attempt to release 1606 of memory
2024-10-01T12:07:46.321-0400 [DEBUG] [org.gradle.process.internal.health.memory.DefaultMemoryManager] 1684925644 physical memory requested, 0 released, 1146609664 free
2024-10-01T12:07:51.323-0400 [DEBUG] [org.gradle.process.internal.health.memory.DefaultMemoryManager] 1684925644 physical memory requested, 1094459392 free
2024-10-01T12:07:51.323-0400 [DEBUG] [org.gradle.workers.internal.WorkerDaemonExpiration] Will attempt to release 1606 of memory
2024-10-01T12:07:51.323-0400 [DEBUG] [org.gradle.process.internal.health.memory.DefaultMemoryManager] 1684925644 physical memory requested, 0 released, 1094459392 free
2024-10-01T12:07:53.829-0400 [DEBUG] [org.gradle.cache.internal.DefaultFileLockManager] Waiting to acquire shared lock on daemon addresses registry.
2024-10-01T12:07:53.830-0400 [DEBUG] [org.gradle.cache.internal.DefaultFileLockManager] Lock acquired on daemon addresses registry.
2024-10-01T12:07:53.831-0400 [DEBUG] [org.gradle.cache.internal.DefaultFileLockManager] Releasing lock on daemon addresses registry.
2024-10-01T12:07:53.833-0400 [DEBUG] [org.gradle.cache.internal.DefaultFileLockManager] Waiting to acquire shared lock on daemon addresses registry.
2024-10-01T12:07:53.833-0400 [DEBUG] [org.gradle.cache.internal.DefaultFileLockManager] Lock acquired on daemon addresses registry.
2024-10-01T12:07:53.834-0400 [DEBUG] [org.gradle.cache.internal.DefaultFileLockManager] Releasing lock on daemon addresses registry.
2024-10-01T12:07:53.835-0400 [DEBUG] [org.gradle.cache.internal.DefaultFileLockManager] Waiting to acquire shared lock on daemon addresses registry.
2024-10-01T12:07:53.835-0400 [DEBUG] [org.gradle.cache.internal.DefaultFileLockManager] Lock acquired on daemon addresses registry.
2024-10-01T12:07:53.836-0400 [DEBUG] [org.gradle.cache.internal.DefaultFileLockManager] Releasing lock on daemon addresses registry.
2024-10-01T12:07:56.322-0400 [DEBUG] [org.gradle.process.internal.health.memory.DefaultMemoryManager] 1684925644 physical memory requested, 1100083200 free
2024-10-01T12:07:56.322-0400 [DEBUG] [org.gradle.workers.internal.WorkerDaemonExpiration] Will attempt to release 1606 of memory
2024-10-01T12:07:56.322-0400 [DEBUG] [org.gradle.process.internal.health.memory.DefaultMemoryManager] 1684925644 physical memory requested, 0 released, 1100083200 free
2024-10-01T12:08:01.323-0400 [DEBUG] [org.gradle.process.internal.health.memory.DefaultMemoryManager] 1684925644 physical memory requested, 1125502976 free
2024-10-01T12:08:01.323-0400 [DEBUG] [org.gradle.workers.internal.WorkerDaemonExpiration] Will attempt to release 1606 of memory
2024-10-01T12:08:01.323-0400 [DEBUG] [org.gradle.process.internal.health.memory.DefaultMemoryManager] 1684925644 physical memory requested, 0 released, 1125502976 free
2024-10-01T12:08:03.830-0400 [DEBUG] [org.gradle.cache.internal.DefaultFileLockManager] Waiting to acquire shared lock on daemon addresses registry.
2024-10-01T12:08:03.830-0400 [DEBUG] [org.gradle.cache.internal.DefaultFileLockManager] Lock acquired on daemon addresses registry.
2024-10-01T12:08:03.831-0400 [DEBUG] [org.gradle.cache.internal.DefaultFileLockManager] Releasing lock on daemon addresses registry.
2024-10-01T12:08:03.834-0400 [DEBUG] [org.gradle.cache.internal.DefaultFileLockManager] Waiting to acquire shared lock on daemon addresses registry.
2024-10-01T12:08:03.834-0400 [DEBUG] [org.gradle.cache.internal.DefaultFileLockManager] Lock acquired on daemon addresses registry.
2024-10-01T12:08:03.834-0400 [DEBUG] [org.gradle.cache.internal.DefaultFileLockManager] Releasing lock on daemon addresses registry.
2024-10-01T12:08:03.836-0400 [DEBUG] [org.gradle.cache.internal.DefaultFileLockManager] Waiting to acquire shared lock on daemon addresses registry.
2024-10-01T12:08:03.836-0400 [DEBUG] [org.gradle.cache.internal.DefaultFileLockManager] Lock acquired on daemon addresses registry.
2024-10-01T12:08:03.837-0400 [DEBUG] [org.gradle.cache.internal.DefaultFileLockManager] Releasing lock on daemon addresses registry.
2024-10-01T12:08:06.320-0400 [DEBUG] [org.gradle.process.internal.health.memory.DefaultMemoryManager] 1684925644 physical memory requested, 1144872960 free
2024-10-01T12:08:06.320-0400 [DEBUG] [org.gradle.workers.internal.WorkerDaemonExpiration] Will attempt to release 1606 of memory
2024-10-01T12:08:06.320-0400 [DEBUG] [org.gradle.process.internal.health.memory.DefaultMemoryManager] 1684925644 physical memory requested, 0 released, 1144872960 free
2024-10-01T12:08:11.318-0400 [DEBUG] [org.gradle.process.internal.health.memory.DefaultMemoryManager] 1684925644 physical memory requested, 1173786624 free
2024-10-01T12:08:11.319-0400 [DEBUG] [org.gradle.workers.internal.WorkerDaemonExpiration] Will attempt to release 1606 of memory
2024-10-01T12:08:11.319-0400 [DEBUG] [org.gradle.process.internal.health.memory.DefaultMemoryManager] 1684925644 physical memory requested, 0 released, 1173786624 free
2024-10-01T12:08:13.831-0400 [DEBUG] [org.gradle.cache.internal.DefaultFileLockManager] Waiting to acquire shared lock on daemon addresses registry.
2024-10-01T12:08:13.831-0400 [DEBUG] [org.gradle.cache.internal.DefaultFileLockManager] Lock acquired on daemon addresses registry.
2024-10-01T12:08:13.832-0400 [DEBUG] [org.gradle.cache.internal.DefaultFileLockManager] Releasing lock on daemon addresses registry.
2024-10-01T12:08:13.833-0400 [DEBUG] [org.gradle.cache.internal.DefaultFileLockManager] Waiting to acquire shared lock on daemon addresses registry.
2024-10-01T12:08:13.834-0400 [DEBUG] [org.gradle.cache.internal.DefaultFileLockManager] Lock acquired on daemon addresses registry.
2024-10-01T12:08:13.834-0400 [DEBUG] [org.gradle.cache.internal.DefaultFileLockManager] Releasing lock on daemon addresses registry.
2024-10-01T12:08:13.835-0400 [DEBUG] [org.gradle.cache.internal.DefaultFileLockManager] Waiting to acquire shared lock on daemon addresses registry.
2024-10-01T12:08:13.835-0400 [DEBUG] [org.gradle.cache.internal.DefaultFileLockManager] Lock acquired on daemon addresses registry.
2024-10-01T12:08:13.835-0400 [DEBUG] [org.gradle.cache.internal.DefaultFileLockManager] Releasing lock on daemon addresses registry.
2024-10-01T12:08:16.320-0400 [DEBUG] [org.gradle.process.internal.health.memory.DefaultMemoryManager] 1684925644 physical memory requested, 1114529792 free
2024-10-01T12:08:16.320-0400 [DEBUG] [org.gradle.workers.internal.WorkerDaemonExpiration] Will attempt to release 1606 of memory
2024-10-01T12:08:16.320-0400 [DEBUG] [org.gradle.process.internal.health.memory.DefaultMemoryManager] 1684925644 physical memory requested, 0 released, 1114529792 free
2024-10-01T12:08:21.320-0400 [DEBUG] [org.gradle.process.internal.health.memory.DefaultMemoryManager] 1684925644 physical memory requested, 1140199424 free
2024-10-01T12:08:21.320-0400 [DEBUG] [org.gradle.workers.internal.WorkerDaemonExpiration] Will attempt to release 1606 of memory
2024-10-01T12:08:21.320-0400 [DEBUG] [org.gradle.process.internal.health.memory.DefaultMemoryManager] 1684925644 physical memory requested, 0 released, 1140199424 free
2024-10-01T12:08:23.828-0400 [DEBUG] [org.gradle.cache.internal.DefaultFileLockManager] Waiting to acquire shared lock on daemon addresses registry.
2024-10-01T12:08:23.828-0400 [DEBUG] [org.gradle.cache.internal.DefaultFileLockManager] Lock acquired on daemon addresses registry.
2024-10-01T12:08:23.829-0400 [DEBUG] [org.gradle.cache.internal.DefaultFileLockManager] Releasing lock on daemon addresses registry.
2024-10-01T12:08:23.830-0400 [DEBUG] [org.gradle.cache.internal.DefaultFileLockManager] Waiting to acquire shared lock on daemon addresses registry.
2024-10-01T12:08:23.830-0400 [DEBUG] [org.gradle.cache.internal.DefaultFileLockManager] Lock acquired on daemon addresses registry.
2024-10-01T12:08:23.831-0400 [DEBUG] [org.gradle.cache.internal.DefaultFileLockManager] Releasing lock on daemon addresses registry.
2024-10-01T12:08:23.831-0400 [DEBUG] [org.gradle.cache.internal.DefaultFileLockManager] Waiting to acquire shared lock on daemon addresses registry.
2024-10-01T12:08:23.831-0400 [DEBUG] [org.gradle.cache.internal.DefaultFileLockManager] Lock acquired on daemon addresses registry.
2024-10-01T12:08:23.832-0400 [DEBUG] [org.gradle.cache.internal.DefaultFileLockManager] Releasing lock on daemon addresses registry.
2024-10-01T12:08:26.323-0400 [DEBUG] [org.gradle.process.internal.health.memory.DefaultMemoryManager] 1684925644 physical memory requested, 1172037632 free
2024-10-01T12:08:26.323-0400 [DEBUG] [org.gradle.workers.internal.WorkerDaemonExpiration] Will attempt to release 1606 of memory
2024-10-01T12:08:26.323-0400 [DEBUG] [org.gradle.process.internal.health.memory.DefaultMemoryManager] 1684925644 physical memory requested, 0 released, 1172037632 free
2024-10-01T12:08:31.324-0400 [DEBUG] [org.gradle.process.internal.health.memory.DefaultMemoryManager] 1684925644 physical memory requested, 1133518848 free
2024-10-01T12:08:31.324-0400 [DEBUG] [org.gradle.workers.internal.WorkerDaemonExpiration] Will attempt to release 1606 of memory
2024-10-01T12:08:31.324-0400 [DEBUG] [org.gradle.process.internal.health.memory.DefaultMemoryManager] 1684925644 physical memory requested, 0 released, 1133518848 free
2024-10-01T12:08:33.829-0400 [DEBUG] [org.gradle.cache.internal.DefaultFileLockManager] Waiting to acquire shared lock on daemon addresses registry.
2024-10-01T12:08:33.830-0400 [DEBUG] [org.gradle.cache.internal.DefaultFileLockManager] Lock acquired on daemon addresses registry.
2024-10-01T12:08:33.830-0400 [DEBUG] [org.gradle.cache.internal.DefaultFileLockManager] Releasing lock on daemon addresses registry.
2024-10-01T12:08:33.832-0400 [DEBUG] [org.gradle.cache.internal.DefaultFileLockManager] Waiting to acquire shared lock on daemon addresses registry.
2024-10-01T12:08:33.832-0400 [DEBUG] [org.gradle.cache.internal.DefaultFileLockManager] Lock acquired on daemon addresses registry.
2024-10-01T12:08:33.832-0400 [DEBUG] [org.gradle.cache.internal.DefaultFileLockManager] Releasing lock on daemon addresses registry.
2024-10-01T12:08:33.834-0400 [DEBUG] [org.gradle.cache.internal.DefaultFileLockManager] Waiting to acquire shared lock on daemon addresses registry.
2024-10-01T12:08:33.834-0400 [DEBUG] [org.gradle.cache.internal.DefaultFileLockManager] Lock acquired on daemon addresses registry.
2024-10-01T12:08:33.834-0400 [DEBUG] [org.gradle.cache.internal.DefaultFileLockManager] Releasing lock on daemon addresses registry.
2024-10-01T12:08:36.320-0400 [DEBUG] [org.gradle.process.internal.health.memory.DefaultMemoryManager] 1684925644 physical memory requested, 1136185344 free
2024-10-01T12:08:36.320-0400 [DEBUG] [org.gradle.workers.internal.WorkerDaemonExpiration] Will attempt to release 1606 of memory
2024-10-01T12:08:36.320-0400 [DEBUG] [org.gradle.process.internal.health.memory.DefaultMemoryManager] 1684925644 physical memory requested, 0 released, 1136185344 free
2024-10-01T12:08:41.323-0400 [DEBUG] [org.gradle.process.internal.health.memory.DefaultMemoryManager] 1684925644 physical memory requested, 1135792128 free
2024-10-01T12:08:41.323-0400 [DEBUG] [org.gradle.workers.internal.WorkerDaemonExpiration] Will attempt to release 1606 of memory
2024-10-01T12:08:41.323-0400 [DEBUG] [org.gradle.process.internal.health.memory.DefaultMemoryManager] 1684925644 physical memory requested, 0 released, 1135792128 free
2024-10-01T12:08:43.829-0400 [DEBUG] [org.gradle.cache.internal.DefaultFileLockManager] Waiting to acquire shared lock on daemon addresses registry.
2024-10-01T12:08:43.829-0400 [DEBUG] [org.gradle.cache.internal.DefaultFileLockManager] Lock acquired on daemon addresses registry.
2024-10-01T12:08:43.829-0400 [DEBUG] [org.gradle.cache.internal.DefaultFileLockManager] Releasing lock on daemon addresses registry.
2024-10-01T12:08:43.830-0400 [DEBUG] [org.gradle.cache.internal.DefaultFileLockManager] Waiting to acquire shared lock on daemon addresses registry.
2024-10-01T12:08:43.830-0400 [DEBUG] [org.gradle.cache.internal.DefaultFileLockManager] Lock acquired on daemon addresses registry.
2024-10-01T12:08:43.830-0400 [DEBUG] [org.gradle.cache.internal.DefaultFileLockManager] Releasing lock on daemon addresses registry.
2024-10-01T12:08:43.831-0400 [DEBUG] [org.gradle.cache.internal.DefaultFileLockManager] Waiting to acquire shared lock on daemon addresses registry.
2024-10-01T12:08:43.831-0400 [DEBUG] [org.gradle.cache.internal.DefaultFileLockManager] Lock acquired on daemon addresses registry.
2024-10-01T12:08:43.831-0400 [DEBUG] [org.gradle.cache.internal.DefaultFileLockManager] Releasing lock on daemon addresses registry.
2024-10-01T12:08:46.320-0400 [DEBUG] [org.gradle.process.internal.health.memory.DefaultMemoryManager] 1684925644 physical memory requested, 1184870400 free
2024-10-01T12:08:46.320-0400 [DEBUG] [org.gradle.workers.internal.WorkerDaemonExpiration] Will attempt to release 1606 of memory
2024-10-01T12:08:46.320-0400 [DEBUG] [org.gradle.process.internal.health.memory.DefaultMemoryManager] 1684925644 physical memory requested, 0 released, 1184870400 free
2024-10-01T12:08:51.322-0400 [DEBUG] [org.gradle.process.internal.health.memory.DefaultMemoryManager] 1684925644 physical memory requested, 1191948288 free
2024-10-01T12:08:51.322-0400 [DEBUG] [org.gradle.workers.internal.WorkerDaemonExpiration] Will attempt to release 1606 of memory
2024-10-01T12:08:51.322-0400 [DEBUG] [org.gradle.process.internal.health.memory.DefaultMemoryManager] 1684925644 physical memory requested, 0 released, 1191948288 free
2024-10-01T12:08:53.828-0400 [DEBUG] [org.gradle.cache.internal.DefaultFileLockManager] Waiting to acquire shared lock on daemon addresses registry.
2024-10-01T12:08:53.828-0400 [DEBUG] [org.gradle.cache.internal.DefaultFileLockManager] Lock acquired on daemon addresses registry.
2024-10-01T12:08:53.829-0400 [DEBUG] [org.gradle.cache.internal.DefaultFileLockManager] Releasing lock on daemon addresses registry.
2024-10-01T12:08:53.831-0400 [DEBUG] [org.gradle.cache.internal.DefaultFileLockManager] Waiting to acquire shared lock on daemon addresses registry.
2024-10-01T12:08:53.831-0400 [DEBUG] [org.gradle.cache.internal.DefaultFileLockManager] Lock acquired on daemon addresses registry.
2024-10-01T12:08:53.831-0400 [DEBUG] [org.gradle.cache.internal.DefaultFileLockManager] Releasing lock on daemon addresses registry.
2024-10-01T12:08:53.832-0400 [DEBUG] [org.gradle.cache.internal.DefaultFileLockManager] Waiting to acquire shared lock on daemon addresses registry.
2024-10-01T12:08:53.832-0400 [DEBUG] [org.gradle.cache.internal.DefaultFileLockManager] Lock acquired on daemon addresses registry.
2024-10-01T12:08:53.832-0400 [DEBUG] [org.gradle.cache.internal.DefaultFileLockManager] Releasing lock on daemon addresses registry.
2024-10-01T12:08:56.320-0400 [DEBUG] [org.gradle.process.internal.health.memory.DefaultMemoryManager] 1684925644 physical memory requested, 1160491008 free
2024-10-01T12:08:56.320-0400 [DEBUG] [org.gradle.workers.internal.WorkerDaemonExpiration] Will attempt to release 1606 of memory
2024-10-01T12:08:56.320-0400 [DEBUG] [org.gradle.process.internal.health.memory.DefaultMemoryManager] 1684925644 physical memory requested, 0 released, 1160491008 free
2024-10-01T12:09:01.321-0400 [DEBUG] [org.gradle.process.internal.health.memory.DefaultMemoryManager] 1684925644 physical memory requested, 1088802816 free
2024-10-01T12:09:01.321-0400 [DEBUG] [org.gradle.workers.internal.WorkerDaemonExpiration] Will attempt to release 1606 of memory
2024-10-01T12:09:01.322-0400 [DEBUG] [org.gradle.process.internal.health.memory.DefaultMemoryManager] 1684925644 physical memory requested, 0 released, 1088802816 free
2024-10-01T12:09:03.831-0400 [DEBUG] [org.gradle.cache.internal.DefaultFileLockManager] Waiting to acquire shared lock on daemon addresses registry.
2024-10-01T12:09:03.832-0400 [DEBUG] [org.gradle.cache.internal.DefaultFileLockManager] Lock acquired on daemon addresses registry.
2024-10-01T12:09:03.833-0400 [DEBUG] [org.gradle.cache.internal.DefaultFileLockManager] Releasing lock on daemon addresses registry.
2024-10-01T12:09:03.840-0400 [DEBUG] [org.gradle.cache.internal.DefaultFileLockManager] Waiting to acquire shared lock on daemon addresses registry.
2024-10-01T12:09:03.841-0400 [DEBUG] [org.gradle.cache.internal.DefaultFileLockManager] Lock acquired on daemon addresses registry.
2024-10-01T12:09:03.841-0400 [DEBUG] [org.gradle.cache.internal.DefaultFileLockManager] Releasing lock on daemon addresses registry.
2024-10-01T12:09:03.844-0400 [DEBUG] [org.gradle.cache.internal.DefaultFileLockManager] Waiting to acquire shared lock on daemon addresses registry.
2024-10-01T12:09:03.844-0400 [DEBUG] [org.gradle.cache.internal.DefaultFileLockManager] Lock acquired on daemon addresses registry.
2024-10-01T12:09:03.845-0400 [DEBUG] [org.gradle.cache.internal.DefaultFileLockManager] Releasing lock on daemon addresses registry.
2024-10-01T12:09:06.323-0400 [DEBUG] [org.gradle.process.internal.health.memory.DefaultMemoryManager] 1684925644 physical memory requested, 1078063104 free
2024-10-01T12:09:06.323-0400 [DEBUG] [org.gradle.workers.internal.WorkerDaemonExpiration] Will attempt to release 1606 of memory
2024-10-01T12:09:06.323-0400 [DEBUG] [org.gradle.process.internal.health.memory.DefaultMemoryManager] 1684925644 physical memory requested, 0 released, 1078063104 free
2024-10-01T12:09:11.317-0400 [DEBUG] [org.gradle.process.internal.health.memory.DefaultMemoryManager] 1684925644 physical memory requested, 1147322368 free
2024-10-01T12:09:11.317-0400 [DEBUG] [org.gradle.workers.internal.WorkerDaemonExpiration] Will attempt to release 1606 of memory
2024-10-01T12:09:11.317-0400 [DEBUG] [org.gradle.process.internal.health.memory.DefaultMemoryManager] 1684925644 physical memory requested, 0 released, 1147322368 free
2024-10-01T12:09:13.829-0400 [DEBUG] [org.gradle.cache.internal.DefaultFileLockManager] Waiting to acquire shared lock on daemon addresses registry.
2024-10-01T12:09:13.829-0400 [DEBUG] [org.gradle.cache.internal.DefaultFileLockManager] Lock acquired on daemon addresses registry.
2024-10-01T12:09:13.830-0400 [DEBUG] [org.gradle.cache.internal.DefaultFileLockManager] Releasing lock on daemon addresses registry.
2024-10-01T12:09:13.832-0400 [DEBUG] [org.gradle.cache.internal.DefaultFileLockManager] Waiting to acquire shared lock on daemon addresses registry.
2024-10-01T12:09:13.832-0400 [DEBUG] [org.gradle.cache.internal.DefaultFileLockManager] Lock acquired on daemon addresses registry.
2024-10-01T12:09:13.833-0400 [DEBUG] [org.gradle.cache.internal.DefaultFileLockManager] Releasing lock on daemon addresses registry.
2024-10-01T12:09:13.834-0400 [DEBUG] [org.gradle.cache.internal.DefaultFileLockManager] Waiting to acquire shared lock on daemon addresses registry.
2024-10-01T12:09:13.834-0400 [DEBUG] [org.gradle.cache.internal.DefaultFileLockManager] Lock acquired on daemon addresses registry.
2024-10-01T12:09:13.835-0400 [DEBUG] [org.gradle.cache.internal.DefaultFileLockManager] Releasing lock on daemon addresses registry.
2024-10-01T12:09:16.322-0400 [DEBUG] [org.gradle.process.internal.health.memory.DefaultMemoryManager] 1684925644 physical memory requested, 1087156224 free
2024-10-01T12:09:16.322-0400 [DEBUG] [org.gradle.workers.internal.WorkerDaemonExpiration] Will attempt to release 1606 of memory
2024-10-01T12:09:16.322-0400 [DEBUG] [org.gradle.process.internal.health.memory.DefaultMemoryManager] 1684925644 physical memory requested, 0 released, 1087156224 free
2024-10-01T12:09:21.323-0400 [DEBUG] [org.gradle.process.internal.health.memory.DefaultMemoryManager] 1684925644 physical memory requested, 1099399168 free
2024-10-01T12:09:21.324-0400 [DEBUG] [org.gradle.workers.internal.WorkerDaemonExpiration] Will attempt to release 1606 of memory
2024-10-01T12:09:21.324-0400 [DEBUG] [org.gradle.process.internal.health.memory.DefaultMemoryManager] 1684925644 physical memory requested, 0 released, 1099399168 free
2024-10-01T12:09:23.830-0400 [DEBUG] [org.gradle.cache.internal.DefaultFileLockManager] Waiting to acquire shared lock on daemon addresses registry.
2024-10-01T12:09:23.830-0400 [DEBUG] [org.gradle.cache.internal.DefaultFileLockManager] Lock acquired on daemon addresses registry.
2024-10-01T12:09:23.830-0400 [DEBUG] [org.gradle.cache.internal.DefaultFileLockManager] Releasing lock on daemon addresses registry.
2024-10-01T12:09:23.833-0400 [DEBUG] [org.gradle.cache.internal.DefaultFileLockManager] Waiting to acquire shared lock on daemon addresses registry.
2024-10-01T12:09:23.833-0400 [DEBUG] [org.gradle.cache.internal.DefaultFileLockManager] Lock acquired on daemon addresses registry.
2024-10-01T12:09:23.833-0400 [DEBUG] [org.gradle.cache.internal.DefaultFileLockManager] Releasing lock on daemon addresses registry.
2024-10-01T12:09:23.835-0400 [DEBUG] [org.gradle.cache.internal.DefaultFileLockManager] Waiting to acquire shared lock on daemon addresses registry.
2024-10-01T12:09:23.835-0400 [DEBUG] [org.gradle.cache.internal.DefaultFileLockManager] Lock acquired on daemon addresses registry.
2024-10-01T12:09:23.836-0400 [DEBUG] [org.gradle.cache.internal.DefaultFileLockManager] Releasing lock on daemon addresses registry.
2024-10-01T12:09:26.321-0400 [DEBUG] [org.gradle.process.internal.health.memory.DefaultMemoryManager] 1684925644 physical memory requested, 1070288896 free
2024-10-01T12:09:26.321-0400 [DEBUG] [org.gradle.workers.internal.WorkerDaemonExpiration] Will attempt to release 1606 of memory
2024-10-01T12:09:26.321-0400 [DEBUG] [org.gradle.process.internal.health.memory.DefaultMemoryManager] 1684925644 physical memory requested, 0 released, 1070288896 free
2024-10-01T12:09:31.321-0400 [DEBUG] [org.gradle.process.internal.health.memory.DefaultMemoryManager] 1684925644 physical memory requested, 1062887424 free
2024-10-01T12:09:31.321-0400 [DEBUG] [org.gradle.workers.internal.WorkerDaemonExpiration] Will attempt to release 1606 of memory
2024-10-01T12:09:31.321-0400 [DEBUG] [org.gradle.process.internal.health.memory.DefaultMemoryManager] 1684925644 physical memory requested, 0 released, 1062887424 free
2024-10-01T12:09:33.830-0400 [DEBUG] [org.gradle.cache.internal.DefaultFileLockManager] Waiting to acquire shared lock on daemon addresses registry.
2024-10-01T12:09:33.831-0400 [DEBUG] [org.gradle.cache.internal.DefaultFileLockManager] Lock acquired on daemon addresses registry.
2024-10-01T12:09:33.831-0400 [DEBUG] [org.gradle.cache.internal.DefaultFileLockManager] Releasing lock on daemon addresses registry.
2024-10-01T12:09:33.833-0400 [DEBUG] [org.gradle.cache.internal.DefaultFileLockManager] Waiting to acquire shared lock on daemon addresses registry.
2024-10-01T12:09:33.833-0400 [DEBUG] [org.gradle.cache.internal.DefaultFileLockManager] Lock acquired on daemon addresses registry.
2024-10-01T12:09:33.834-0400 [DEBUG] [org.gradle.cache.internal.DefaultFileLockManager] Releasing lock on daemon addresses registry.
2024-10-01T12:09:33.835-0400 [DEBUG] [org.gradle.cache.internal.DefaultFileLockManager] Waiting to acquire shared lock on daemon addresses registry.
2024-10-01T12:09:33.836-0400 [DEBUG] [org.gradle.cache.internal.DefaultFileLockManager] Lock acquired on daemon addresses registry.
2024-10-01T12:09:33.836-0400 [DEBUG] [org.gradle.cache.internal.DefaultFileLockManager] Releasing lock on daemon addresses registry.
2024-10-01T12:09:36.323-0400 [DEBUG] [org.gradle.process.internal.health.memory.DefaultMemoryManager] 1684925644 physical memory requested, 1051783168 free
2024-10-01T12:09:36.323-0400 [DEBUG] [org.gradle.workers.internal.WorkerDaemonExpiration] Will attempt to release 1606 of memory
2024-10-01T12:09:36.323-0400 [DEBUG] [org.gradle.process.internal.health.memory.DefaultMemoryManager] 1684925644 physical memory requested, 0 released, 1051783168 free
2024-10-01T12:09:41.331-0400 [DEBUG] [org.gradle.process.internal.health.memory.DefaultMemoryManager] 1684925644 physical memory requested, 1012592640 free
2024-10-01T12:09:41.331-0400 [DEBUG] [org.gradle.workers.internal.WorkerDaemonExpiration] Will attempt to release 1606 of memory
2024-10-01T12:09:41.331-0400 [DEBUG] [org.gradle.process.internal.health.memory.DefaultMemoryManager] 1684925644 physical memory requested, 0 released, 1012592640 free
2024-10-01T12:09:43.828-0400 [DEBUG] [org.gradle.cache.internal.DefaultFileLockManager] Waiting to acquire shared lock on daemon addresses registry.
2024-10-01T12:09:43.829-0400 [DEBUG] [org.gradle.cache.internal.DefaultFileLockManager] Lock acquired on daemon addresses registry.
2024-10-01T12:09:43.829-0400 [DEBUG] [org.gradle.cache.internal.DefaultFileLockManager] Releasing lock on daemon addresses registry.
2024-10-01T12:09:43.832-0400 [DEBUG] [org.gradle.cache.internal.DefaultFileLockManager] Waiting to acquire shared lock on daemon addresses registry.
2024-10-01T12:09:43.832-0400 [DEBUG] [org.gradle.cache.internal.DefaultFileLockManager] Lock acquired on daemon addresses registry.
2024-10-01T12:09:43.832-0400 [DEBUG] [org.gradle.cache.internal.DefaultFileLockManager] Releasing lock on daemon addresses registry.
2024-10-01T12:09:43.834-0400 [DEBUG] [org.gradle.cache.internal.DefaultFileLockManager] Waiting to acquire shared lock on daemon addresses registry.
2024-10-01T12:09:43.834-0400 [DEBUG] [org.gradle.cache.internal.DefaultFileLockManager] Lock acquired on daemon addresses registry.
2024-10-01T12:09:43.835-0400 [DEBUG] [org.gradle.cache.internal.DefaultFileLockManager] Releasing lock on daemon addresses registry.
2024-10-01T12:09:46.322-0400 [DEBUG] [org.gradle.process.internal.health.memory.DefaultMemoryManager] 1684925644 physical memory requested, 763531264 free
2024-10-01T12:09:46.322-0400 [DEBUG] [org.gradle.workers.internal.WorkerDaemonExpiration] Will attempt to release 1606 of memory
2024-10-01T12:09:46.322-0400 [DEBUG] [org.gradle.process.internal.health.memory.DefaultMemoryManager] 1684925644 physical memory requested, 0 released, 763531264 free
2024-10-01T12:09:51.322-0400 [DEBUG] [org.gradle.process.internal.health.memory.DefaultMemoryManager] 1684925644 physical memory requested, 1157033984 free
2024-10-01T12:09:51.322-0400 [DEBUG] [org.gradle.workers.internal.WorkerDaemonExpiration] Will attempt to release 1606 of memory
2024-10-01T12:09:51.322-0400 [DEBUG] [org.gradle.process.internal.health.memory.DefaultMemoryManager] 1684925644 physical memory requested, 0 released, 1157033984 free
2024-10-01T12:09:53.829-0400 [DEBUG] [org.gradle.cache.internal.DefaultFileLockManager] Waiting to acquire shared lock on daemon addresses registry.
2024-10-01T12:09:53.830-0400 [DEBUG] [org.gradle.cache.internal.DefaultFileLockManager] Lock acquired on daemon addresses registry.
2024-10-01T12:09:53.830-0400 [DEBUG] [org.gradle.cache.internal.DefaultFileLockManager] Releasing lock on daemon addresses registry.
2024-10-01T12:09:53.832-0400 [DEBUG] [org.gradle.cache.internal.DefaultFileLockManager] Waiting to acquire shared lock on daemon addresses registry.
2024-10-01T12:09:53.832-0400 [DEBUG] [org.gradle.cache.internal.DefaultFileLockManager] Lock acquired on daemon addresses registry.
2024-10-01T12:09:53.833-0400 [DEBUG] [org.gradle.cache.internal.DefaultFileLockManager] Releasing lock on daemon addresses registry.
2024-10-01T12:09:53.834-0400 [DEBUG] [org.gradle.cache.internal.DefaultFileLockManager] Waiting to acquire shared lock on daemon addresses registry.
2024-10-01T12:09:53.835-0400 [DEBUG] [org.gradle.cache.internal.DefaultFileLockManager] Lock acquired on daemon addresses registry.
2024-10-01T12:09:53.835-0400 [DEBUG] [org.gradle.cache.internal.DefaultFileLockManager] Releasing lock on daemon addresses registry.
2024-10-01T12:09:56.319-0400 [DEBUG] [org.gradle.process.internal.health.memory.DefaultMemoryManager] 1684925644 physical memory requested, 1125847040 free
2024-10-01T12:09:56.319-0400 [DEBUG] [org.gradle.workers.internal.WorkerDaemonExpiration] Will attempt to release 1606 of memory
2024-10-01T12:09:56.319-0400 [DEBUG] [org.gradle.process.internal.health.memory.DefaultMemoryManager] 1684925644 physical memory requested, 0 released, 1125847040 free
2024-10-01T12:10:01.334-0400 [DEBUG] [org.gradle.process.internal.health.memory.DefaultMemoryManager] 1684925644 physical memory requested, 1119711232 free
2024-10-01T12:10:01.334-0400 [DEBUG] [org.gradle.workers.internal.WorkerDaemonExpiration] Will attempt to release 1606 of memory
2024-10-01T12:10:01.335-0400 [DEBUG] [org.gradle.process.internal.health.memory.DefaultMemoryManager] 1684925644 physical memory requested, 0 released, 1119711232 free
2024-10-01T12:10:03.845-0400 [DEBUG] [org.gradle.cache.internal.DefaultFileLockManager] Waiting to acquire shared lock on daemon addresses registry.
2024-10-01T12:10:03.845-0400 [DEBUG] [org.gradle.cache.internal.DefaultFileLockManager] Lock acquired on daemon addresses registry.
2024-10-01T12:10:03.848-0400 [DEBUG] [org.gradle.cache.internal.DefaultFileLockManager] Releasing lock on daemon addresses registry.
2024-10-01T12:10:03.852-0400 [DEBUG] [org.gradle.cache.internal.DefaultFileLockManager] Waiting to acquire shared lock on daemon addresses registry.
2024-10-01T12:10:03.853-0400 [DEBUG] [org.gradle.cache.internal.DefaultFileLockManager] Lock acquired on daemon addresses registry.
2024-10-01T12:10:03.855-0400 [DEBUG] [org.gradle.cache.internal.DefaultFileLockManager] Releasing lock on daemon addresses registry.
2024-10-01T12:10:03.856-0400 [DEBUG] [org.gradle.cache.internal.DefaultFileLockManager] Waiting to acquire shared lock on daemon addresses registry.
2024-10-01T12:10:03.857-0400 [DEBUG] [org.gradle.cache.internal.DefaultFileLockManager] Lock acquired on daemon addresses registry.
2024-10-01T12:10:03.857-0400 [DEBUG] [org.gradle.cache.internal.DefaultFileLockManager] Releasing lock on daemon addresses registry.
2024-10-01T12:10:06.320-0400 [DEBUG] [org.gradle.process.internal.health.memory.DefaultMemoryManager] 1684925644 physical memory requested, 1344696320 free
2024-10-01T12:10:06.321-0400 [DEBUG] [org.gradle.workers.internal.WorkerDaemonExpiration] Will attempt to release 1606 of memory
2024-10-01T12:10:06.321-0400 [DEBUG] [org.gradle.process.internal.health.memory.DefaultMemoryManager] 1684925644 physical memory requested, 0 released, 1344696320 free
2024-10-01T12:10:11.322-0400 [DEBUG] [org.gradle.process.internal.health.memory.DefaultMemoryManager] 1684925644 physical memory requested, 1362780160 free
2024-10-01T12:10:11.322-0400 [DEBUG] [org.gradle.workers.internal.WorkerDaemonExpiration] Will attempt to release 1606 of memory
2024-10-01T12:10:11.322-0400 [DEBUG] [org.gradle.process.internal.health.memory.DefaultMemoryManager] 1684925644 physical memory requested, 0 released, 1362780160 free
2024-10-01T12:10:13.829-0400 [DEBUG] [org.gradle.cache.internal.DefaultFileLockManager] Waiting to acquire shared lock on daemon addresses registry.
2024-10-01T12:10:13.829-0400 [DEBUG] [org.gradle.cache.internal.DefaultFileLockManager] Lock acquired on daemon addresses registry.
2024-10-01T12:10:13.829-0400 [DEBUG] [org.gradle.cache.internal.DefaultFileLockManager] Releasing lock on daemon addresses registry.
2024-10-01T12:10:13.830-0400 [DEBUG] [org.gradle.cache.internal.DefaultFileLockManager] Waiting to acquire shared lock on daemon addresses registry.
2024-10-01T12:10:13.830-0400 [DEBUG] [org.gradle.cache.internal.DefaultFileLockManager] Lock acquired on daemon addresses registry.
2024-10-01T12:10:13.830-0400 [DEBUG] [org.gradle.cache.internal.DefaultFileLockManager] Releasing lock on daemon addresses registry.
2024-10-01T12:10:13.831-0400 [DEBUG] [org.gradle.cache.internal.DefaultFileLockManager] Waiting to acquire shared lock on daemon addresses registry.
2024-10-01T12:10:13.831-0400 [DEBUG] [org.gradle.cache.internal.DefaultFileLockManager] Lock acquired on daemon addresses registry.
2024-10-01T12:10:13.831-0400 [DEBUG] [org.gradle.cache.internal.DefaultFileLockManager] Releasing lock on daemon addresses registry.
2024-10-01T12:10:16.318-0400 [DEBUG] [org.gradle.process.internal.health.memory.DefaultMemoryManager] 1684925644 physical memory requested, 1392025600 free
2024-10-01T12:10:16.318-0400 [DEBUG] [org.gradle.workers.internal.WorkerDaemonExpiration] Will attempt to release 1606 of memory
2024-10-01T12:10:16.318-0400 [DEBUG] [org.gradle.process.internal.health.memory.DefaultMemoryManager] 1684925644 physical memory requested, 0 released, 1392025600 free
2024-10-01T12:10:21.325-0400 [DEBUG] [org.gradle.process.internal.health.memory.DefaultMemoryManager] 1684925644 physical memory requested, 1258565632 free
2024-10-01T12:10:21.325-0400 [DEBUG] [org.gradle.workers.internal.WorkerDaemonExpiration] Will attempt to release 1606 of memory
2024-10-01T12:10:21.325-0400 [DEBUG] [org.gradle.process.internal.health.memory.DefaultMemoryManager] 1684925644 physical memory requested, 0 released, 1258565632 free
2024-10-01T12:10:23.831-0400 [DEBUG] [org.gradle.cache.internal.DefaultFileLockManager] Waiting to acquire shared lock on daemon addresses registry.
2024-10-01T12:10:23.831-0400 [DEBUG] [org.gradle.cache.internal.DefaultFileLockManager] Lock acquired on daemon addresses registry.
2024-10-01T12:10:23.832-0400 [DEBUG] [org.gradle.cache.internal.DefaultFileLockManager] Releasing lock on daemon addresses registry.
2024-10-01T12:10:23.834-0400 [DEBUG] [org.gradle.cache.internal.DefaultFileLockManager] Waiting to acquire shared lock on daemon addresses registry.
2024-10-01T12:10:23.834-0400 [DEBUG] [org.gradle.cache.internal.DefaultFileLockManager] Lock acquired on daemon addresses registry.
2024-10-01T12:10:23.835-0400 [DEBUG] [org.gradle.cache.internal.DefaultFileLockManager] Releasing lock on daemon addresses registry.
2024-10-01T12:10:23.837-0400 [DEBUG] [org.gradle.cache.internal.DefaultFileLockManager] Waiting to acquire shared lock on daemon addresses registry.
2024-10-01T12:10:23.837-0400 [DEBUG] [org.gradle.cache.internal.DefaultFileLockManager] Lock acquired on daemon addresses registry.
2024-10-01T12:10:23.838-0400 [DEBUG] [org.gradle.cache.internal.DefaultFileLockManager] Releasing lock on daemon addresses registry.
2024-10-01T12:10:26.320-0400 [DEBUG] [org.gradle.process.internal.health.memory.DefaultMemoryManager] 1684925644 physical memory requested, 1275879424 free
2024-10-01T12:10:26.320-0400 [DEBUG] [org.gradle.workers.internal.WorkerDaemonExpiration] Will attempt to release 1606 of memory
2024-10-01T12:10:26.320-0400 [DEBUG] [org.gradle.process.internal.health.memory.DefaultMemoryManager] 1684925644 physical memory requested, 0 released, 1275879424 free
2024-10-01T12:10:31.319-0400 [DEBUG] [org.gradle.process.internal.health.memory.DefaultMemoryManager] 1684925644 physical memory requested, 1225297920 free
2024-10-01T12:10:31.319-0400 [DEBUG] [org.gradle.workers.internal.WorkerDaemonExpiration] Will attempt to release 1606 of memory
2024-10-01T12:10:31.319-0400 [DEBUG] [org.gradle.process.internal.health.memory.DefaultMemoryManager] 1684925644 physical memory requested, 0 released, 1225297920 free
2024-10-01T12:10:33.828-0400 [DEBUG] [org.gradle.cache.internal.DefaultFileLockManager] Waiting to acquire shared lock on daemon addresses registry.
2024-10-01T12:10:33.829-0400 [DEBUG] [org.gradle.cache.internal.DefaultFileLockManager] Lock acquired on daemon addresses registry.
2024-10-01T12:10:33.829-0400 [DEBUG] [org.gradle.cache.internal.DefaultFileLockManager] Releasing lock on daemon addresses registry.
2024-10-01T12:10:33.831-0400 [DEBUG] [org.gradle.cache.internal.DefaultFileLockManager] Waiting to acquire shared lock on daemon addresses registry.
2024-10-01T12:10:33.832-0400 [DEBUG] [org.gradle.cache.internal.DefaultFileLockManager] Lock acquired on daemon addresses registry.
2024-10-01T12:10:33.832-0400 [DEBUG] [org.gradle.cache.internal.DefaultFileLockManager] Releasing lock on daemon addresses registry.
2024-10-01T12:10:33.834-0400 [DEBUG] [org.gradle.cache.internal.DefaultFileLockManager] Waiting to acquire shared lock on daemon addresses registry.
2024-10-01T12:10:33.835-0400 [DEBUG] [org.gradle.cache.internal.DefaultFileLockManager] Lock acquired on daemon addresses registry.
2024-10-01T12:10:33.835-0400 [DEBUG] [org.gradle.cache.internal.DefaultFileLockManager] Releasing lock on daemon addresses registry.
2024-10-01T12:10:36.322-0400 [DEBUG] [org.gradle.process.internal.health.memory.DefaultMemoryManager] 1684925644 physical memory requested, 1268142080 free
2024-10-01T12:10:36.322-0400 [DEBUG] [org.gradle.workers.internal.WorkerDaemonExpiration] Will attempt to release 1606 of memory
2024-10-01T12:10:36.322-0400 [DEBUG] [org.gradle.process.internal.health.memory.DefaultMemoryManager] 1684925644 physical memory requested, 0 released, 1268142080 free
2024-10-01T12:10:41.319-0400 [DEBUG] [org.gradle.process.internal.health.memory.DefaultMemoryManager] 1684925644 physical memory requested, 1237381120 free
2024-10-01T12:10:41.319-0400 [DEBUG] [org.gradle.workers.internal.WorkerDaemonExpiration] Will attempt to release 1606 of memory
2024-10-01T12:10:41.319-0400 [DEBUG] [org.gradle.process.internal.health.memory.DefaultMemoryManager] 1684925644 physical memory requested, 0 released, 1237381120 free
2024-10-01T12:10:43.210-0400 [DEBUG] [sun.rmi.transport.tcp] RMI TCP Connection(8)-127.0.0.1: accepted socket from [127.0.0.1:50896]
2024-10-01T12:10:43.211-0400 [DEBUG] [sun.rmi.transport.tcp] RMI TCP Connection(8)-127.0.0.1: (port 63653) op = 80
2024-10-01T12:10:43.212-0400 [DEBUG] [sun.rmi.loader] RMI TCP Connection(8)-127.0.0.1: name = "[Ljava.rmi.server.ObjID;", codebase = "", defaultLoader = jdk.internal.loader.ClassLoaders$PlatformClassLoader@4b80dbe7
2024-10-01T12:10:43.212-0400 [DEBUG] [sun.rmi.loader] RMI TCP Connection(8)-127.0.0.1: name = "java.rmi.dgc.Lease", codebase = "", defaultLoader = jdk.internal.loader.ClassLoaders$PlatformClassLoader@4b80dbe7
2024-10-01T12:10:43.212-0400 [DEBUG] [sun.rmi.loader] RMI TCP Connection(8)-127.0.0.1: name = "java.rmi.dgc.VMID", codebase = "", defaultLoader = jdk.internal.loader.ClassLoaders$PlatformClassLoader@4b80dbe7
2024-10-01T12:10:43.213-0400 [DEBUG] [sun.rmi.loader] RMI TCP Connection(8)-127.0.0.1: name = "[B", codebase = "", defaultLoader = jdk.internal.loader.ClassLoaders$PlatformClassLoader@4b80dbe7
2024-10-01T12:10:43.213-0400 [DEBUG] [sun.rmi.loader] RMI TCP Connection(8)-127.0.0.1: name = "java.rmi.server.UID", codebase = "", defaultLoader = jdk.internal.loader.ClassLoaders$PlatformClassLoader@4b80dbe7
2024-10-01T12:10:43.830-0400 [DEBUG] [org.gradle.cache.internal.DefaultFileLockManager] Waiting to acquire shared lock on daemon addresses registry.
2024-10-01T12:10:43.830-0400 [DEBUG] [org.gradle.cache.internal.DefaultFileLockManager] Lock acquired on daemon addresses registry.
2024-10-01T12:10:43.830-0400 [DEBUG] [org.gradle.cache.internal.DefaultFileLockManager] Releasing lock on daemon addresses registry.
2024-10-01T12:10:43.832-0400 [DEBUG] [org.gradle.cache.internal.DefaultFileLockManager] Waiting to acquire shared lock on daemon addresses registry.
2024-10-01T12:10:43.832-0400 [DEBUG] [org.gradle.cache.internal.DefaultFileLockManager] Lock acquired on daemon addresses registry.
2024-10-01T12:10:43.833-0400 [DEBUG] [org.gradle.cache.internal.DefaultFileLockManager] Releasing lock on daemon addresses registry.
2024-10-01T12:10:43.834-0400 [DEBUG] [org.gradle.cache.internal.DefaultFileLockManager] Waiting to acquire shared lock on daemon addresses registry.
2024-10-01T12:10:43.834-0400 [DEBUG] [org.gradle.cache.internal.DefaultFileLockManager] Lock acquired on daemon addresses registry.
2024-10-01T12:10:43.834-0400 [DEBUG] [org.gradle.cache.internal.DefaultFileLockManager] Releasing lock on daemon addresses registry.
2024-10-01T12:10:46.323-0400 [DEBUG] [org.gradle.process.internal.health.memory.DefaultMemoryManager] 1684925644 physical memory requested, 1248169984 free
2024-10-01T12:10:46.323-0400 [DEBUG] [org.gradle.workers.internal.WorkerDaemonExpiration] Will attempt to release 1606 of memory
2024-10-01T12:10:46.323-0400 [DEBUG] [org.gradle.process.internal.health.memory.DefaultMemoryManager] 1684925644 physical memory requested, 0 released, 1248169984 free
2024-10-01T12:10:51.321-0400 [DEBUG] [org.gradle.process.internal.health.memory.DefaultMemoryManager] 1684925644 physical memory requested, 1297121280 free
2024-10-01T12:10:51.321-0400 [DEBUG] [org.gradle.workers.internal.WorkerDaemonExpiration] Will attempt to release 1606 of memory
2024-10-01T12:10:51.321-0400 [DEBUG] [org.gradle.process.internal.health.memory.DefaultMemoryManager] 1684925644 physical memory requested, 0 released, 1297121280 free
2024-10-01T12:10:51.814-0400 [DEBUG] [org.gradle.internal.remote.internal.inet.TcpIncomingConnector] Accepted connection from /127.0.0.1:50907 to /127.0.0.1:63719.
2024-10-01T12:10:51.822-0400 [DEBUG] [org.gradle.launcher.daemon.server.SynchronizedDispatchConnection] thread 409: received class org.gradle.launcher.daemon.protocol.Build
2024-10-01T12:10:51.822-0400 [DEBUG] [org.gradle.launcher.daemon.server.DefaultDaemonConnection] thread 409: Received non-IO message from client: Build{id=114a932a-8785-46ea-96e4-308071b235f8, currentDir=C:\Users\baray\AndroidStudioProjects\CIS3515_Activity_Activity}
2024-10-01T12:10:51.822-0400 [INFO] [org.gradle.launcher.daemon.server.DefaultIncomingConnectionHandler] Received command: Build{id=114a932a-8785-46ea-96e4-308071b235f8, currentDir=C:\Users\baray\AndroidStudioProjects\CIS3515_Activity_Activity}.
2024-10-01T12:10:51.822-0400 [DEBUG] [org.gradle.launcher.daemon.server.DefaultIncomingConnectionHandler] Starting executing command: Build{id=114a932a-8785-46ea-96e4-308071b235f8, currentDir=C:\Users\baray\AndroidStudioProjects\CIS3515_Activity_Activity} with connection: socket connection from /127.0.0.1:63719 to /127.0.0.1:50907.
2024-10-01T12:10:51.823-0400 [DEBUG] [org.gradle.launcher.daemon.server.DaemonStateCoordinator] Command execution: started DaemonCommandExecution[command = Build{id=114a932a-8785-46ea-96e4-308071b235f8, currentDir=C:\Users\baray\AndroidStudioProjects\CIS3515_Activity_Activity}, connection = DefaultDaemonConnection: socket connection from /127.0.0.1:63719 to /127.0.0.1:50907] after 34.0 minutes of idle
2024-10-01T12:10:51.823-0400 [INFO] [org.gradle.launcher.daemon.server.DaemonRegistryUpdater] Marking the daemon as busy, address: [606a9522-a89f-47ad-9f69-d1350e00d8a9 port:63719, addresses:[localhost/127.0.0.1]]
2024-10-01T12:10:51.823-0400 [DEBUG] [org.gradle.launcher.daemon.registry.PersistentDaemonRegistry] Marking busy by address: [606a9522-a89f-47ad-9f69-d1350e00d8a9 port:63719, addresses:[localhost/127.0.0.1]]
2024-10-01T12:10:51.825-0400 [DEBUG] [org.gradle.cache.internal.DefaultFileLockManager] Waiting to acquire exclusive lock on daemon addresses registry.
2024-10-01T12:10:51.826-0400 [DEBUG] [org.gradle.cache.internal.DefaultFileLockManager] Lock acquired on daemon addresses registry.
2024-10-01T12:10:51.826-0400 [DEBUG] [org.gradle.cache.internal.DefaultFileLockManager] Releasing lock on daemon addresses registry.
2024-10-01T12:10:51.827-0400 [DEBUG] [org.gradle.launcher.daemon.server.DaemonStateCoordinator] resetting idle timer
2024-10-01T12:10:51.827-0400 [DEBUG] [org.gradle.launcher.daemon.server.DaemonStateCoordinator] daemon is running. Sleeping until state changes.
2024-10-01T12:10:51.827-0400 [INFO] [org.gradle.launcher.daemon.server.exec.StartBuildOrRespondWithBusy] Daemon is about to start building Build{id=114a932a-8785-46ea-96e4-308071b235f8, currentDir=C:\Users\baray\AndroidStudioProjects\CIS3515_Activity_Activity}. Dispatching build started information...
2024-10-01T12:10:51.827-0400 [DEBUG] [org.gradle.launcher.daemon.server.SynchronizedDispatchConnection] thread 411: dispatching org.gradle.launcher.daemon.protocol.BuildStarted@5154041c
2024-10-01T12:10:51.829-0400 [DEBUG] [org.gradle.launcher.daemon.server.exec.EstablishBuildEnvironment] Configuring env variables: [USERDOMAIN_ROAMINGPROFILE, IGCCSVC_DB, LOCALAPPDATA, PROCESSOR_LEVEL, IntelliJ IDEA, USERDOMAIN, LOGONSERVER, SESSIONNAME, ALLUSERSPROFILE, PROCESSOR_ARCHITECTURE, ANDROID_HOME, PSModulePath, SystemDrive, OneDrive, PT8HOME, APPDATA, USERNAME, ProgramFiles(x86), CommonProgramFiles, Path, PATHEXT, DriverData, OS, OneDriveConsumer, COMPUTERNAME, PROCESSOR_REVISION, CommonProgramW6432, ComSpec, ProgramData, ProgramW6432, TEMP, HOMEPATH, SystemRoot, PROCESSOR_IDENTIFIER, HOMEDRIVE, USERPROFILE, TMP, CommonProgramFiles(x86), ProgramFiles, PUBLIC, windir, NUMBER_OF_PROCESSORS, =::, IDEA_INITIAL_DIRECTORY, ZES_ENABLE_SYSMAN]
2024-10-01T12:10:51.829-0400 [DEBUG] [org.gradle.launcher.daemon.server.SynchronizedDispatchConnection] thread 409: received class org.gradle.launcher.daemon.protocol.CloseInput
2024-10-01T12:10:51.829-0400 [DEBUG] [org.gradle.launcher.daemon.server.DefaultDaemonConnection] thread 409: Received IO message from client: org.gradle.launcher.daemon.protocol.CloseInput@6a4aa650
2024-10-01T12:10:51.831-0400 [DEBUG] [org.gradle.launcher.daemon.server.exec.LogToClient] About to start relaying all logs to the client via the connection.
2024-10-01T12:10:51.831-0400 [INFO] [org.gradle.launcher.daemon.server.exec.LogToClient] The client will now receive all logging from the daemon (pid: 28796). The daemon log file: C:\Users\baray\AndroidStudioProjects\CIS3515_Activity_Activity\daemon\8.7\daemon-28796.out.log
2024-10-01T12:10:51.834-0400 [INFO] [org.gradle.launcher.daemon.server.exec.LogAndCheckHealth] Starting 3rd build in daemon [uptime: 57 mins 58.308 secs, performance: 100%, GC rate: 0.00/s, heap usage: 0% of 2 GiB]
2024-10-01T12:10:51.834-0400 [DEBUG] [org.gradle.launcher.daemon.server.exec.ExecuteBuild] The daemon has started executing the build.
2024-10-01T12:10:51.834-0400 [DEBUG] [org.gradle.launcher.daemon.server.exec.ExecuteBuild] Executing build with daemon context: DefaultDaemonContext[uid=b732a0e9-0c02-4769-a55d-d41ac31c965e,javaHome=C:\Program Files\Android\Android Studio\jbr,daemonRegistryDir=C:\Users\baray\AndroidStudioProjects\CIS3515_Activity_Activity\daemon,pid=28796,idleTimeout=10800000,priority=NORMAL,applyInstrumentationAgent=true,daemonOpts=--add-opens=java.base/java.util=ALL-UNNAMED,--add-opens=java.base/java.lang=ALL-UNNAMED,--add-opens=java.base/java.lang.invoke=ALL-UNNAMED,--add-opens=java.prefs/java.util.prefs=ALL-UNNAMED,--add-opens=java.base/java.nio.charset=ALL-UNNAMED,--add-opens=java.base/java.net=ALL-UNNAMED,--add-opens=java.base/java.util.concurrent.atomic=ALL-UNNAMED,-Xmx2048m,-Dfile.encoding=UTF-8,-Duser.country=US,-Duser.language=en,-Duser.variant]
AGPBI: {"kind":"warning","text":"The option setting 'android.defaults.buildfeatures.buildconfig=true' is deprecated.\nThe current default is 'false'.\nIt will be removed in version 9.0 of the Android Gradle plugin.\nYou can resolve this warning in Android Studio via `Refactor` > `Migrate BuildConfig to Gradle Build Files`","sources":[{}]}

Deprecated Gradle features were used in this build, making it incompatible with Gradle 9.0.

You can use '--warning-mode all' to show the individual deprecation warnings and determine if they come from your own scripts or plugins.

For more on this, please refer to https://docs.gradle.org/8.7/userguide/command_line_interface.html#sec:command_line_warnings in the Gradle documentation.

BUILD SUCCESSFUL in 6s
35 actionable tasks: 6 executed, 29 up-to-date
2024-10-01T12:10:58.717-0400 [DEBUG] [org.gradle.launcher.daemon.server.exec.ExecuteBuild] The daemon has finished executing the build.
2024-10-01T12:10:58.727-0400 [DEBUG] [org.gradle.launcher.daemon.server.DaemonStateCoordinator] Command execution: finished waiting for DaemonCommandExecution[command = Build{id=114a932a-8785-46ea-96e4-308071b235f8, currentDir=C:\Users\baray\AndroidStudioProjects\CIS3515_Activity_Activity}, connection = DefaultDaemonConnection: socket connection from /127.0.0.1:63719 to /127.0.0.1:50907]. Result org.gradle.launcher.daemon.server.DaemonStateCoordinator@9269329 with state Busy
2024-10-01T12:10:58.728-0400 [DEBUG] [org.gradle.launcher.daemon.server.DaemonStateCoordinator] Command execution: completed DaemonCommandExecution[command = Build{id=114a932a-8785-46ea-96e4-308071b235f8, currentDir=C:\Users\baray\AndroidStudioProjects\CIS3515_Activity_Activity}, connection = DefaultDaemonConnection: socket connection from /127.0.0.1:63719 to /127.0.0.1:50907]
2024-10-01T12:10:58.728-0400 [DEBUG] [org.gradle.launcher.daemon.server.DaemonStateCoordinator] resetting idle timer
2024-10-01T12:10:58.728-0400 [INFO] [org.gradle.launcher.daemon.server.DaemonRegistryUpdater] Marking the daemon as idle, address: [606a9522-a89f-47ad-9f69-d1350e00d8a9 port:63719, addresses:[localhost/127.0.0.1]]
2024-10-01T12:10:58.728-0400 [DEBUG] [org.gradle.launcher.daemon.registry.PersistentDaemonRegistry] Marking busy by address: [606a9522-a89f-47ad-9f69-d1350e00d8a9 port:63719, addresses:[localhost/127.0.0.1]]
2024-10-01T12:10:58.729-0400 [DEBUG] [org.gradle.cache.internal.DefaultFileLockManager] Waiting to acquire exclusive lock on daemon addresses registry.
2024-10-01T12:10:58.730-0400 [DEBUG] [org.gradle.cache.internal.DefaultFileLockManager] Lock acquired on daemon addresses registry.
2024-10-01T12:10:58.732-0400 [DEBUG] [org.gradle.cache.internal.DefaultFileLockManager] Releasing lock on daemon addresses registry.
2024-10-01T12:10:58.732-0400 [DEBUG] [org.gradle.launcher.daemon.server.exec.ReturnResult] Daemon is dispatching the build result: Success[value=org.gradle.launcher.exec.BuildActionResult@6990430c]
2024-10-01T12:10:58.732-0400 [DEBUG] [org.gradle.launcher.daemon.server.DaemonStateCoordinator] daemon is running. Sleeping until state changes.
2024-10-01T12:10:58.732-0400 [DEBUG] [org.gradle.launcher.daemon.server.SynchronizedDispatchConnection] thread 408: dispatching Success[value=org.gradle.launcher.exec.BuildActionResult@6990430c]
2024-10-01T12:10:58.733-0400 [DEBUG] [org.gradle.launcher.daemon.server.SynchronizedDispatchConnection] thread 409: received class org.gradle.launcher.daemon.protocol.Finished
2024-10-01T12:10:58.733-0400 [DEBUG] [org.gradle.launcher.daemon.server.DefaultDaemonConnection] thread 409: Received non-IO message from client: org.gradle.launcher.daemon.protocol.Finished@648d5569
2024-10-01T12:10:58.733-0400 [DEBUG] [org.gradle.launcher.daemon.server.exec.CleanUpVirtualFileSystemAfterBuild] Cleaning virtual file system after build finished
2024-10-01T12:10:58.733-0400 [DEBUG] [org.gradle.launcher.daemon.server.DefaultIncomingConnectionHandler] Finishing executing command: Build{id=114a932a-8785-46ea-96e4-308071b235f8, currentDir=C:\Users\baray\AndroidStudioProjects\CIS3515_Activity_Activity}
2024-10-01T12:10:58.734-0400 [DEBUG] [org.gradle.launcher.daemon.server.DefaultIncomingConnectionHandler] Received finished message: org.gradle.launcher.daemon.protocol.Finished@648d5569
2024-10-01T12:10:58.734-0400 [DEBUG] [org.gradle.internal.remote.internal.inet.SocketConnection] Discarding EOFException: java.io.EOFException
2024-10-01T12:10:58.734-0400 [DEBUG] [org.gradle.launcher.daemon.server.SynchronizedDispatchConnection] thread 408: stopping connection
2024-10-01T12:10:58.734-0400 [DEBUG] [org.gradle.launcher.daemon.server.SynchronizedDispatchConnection] thread 409: received null
2024-10-01T12:10:58.734-0400 [DEBUG] [org.gradle.launcher.daemon.server.DefaultDaemonConnection] thread 409: Received end-of-input from client.
2024-10-01T12:10:58.734-0400 [DEBUG] [org.gradle.launcher.daemon.server.SynchronizedDispatchConnection] thread 408: stopping connection
2024-10-01T12:11:01.319-0400 [DEBUG] [org.gradle.process.internal.health.memory.DefaultMemoryManager] 1684925644 physical memory requested, 1264730112 free
2024-10-01T12:11:01.319-0400 [DEBUG] [org.gradle.workers.internal.WorkerDaemonExpiration] Will attempt to release 1606 of memory
2024-10-01T12:11:01.319-0400 [DEBUG] [org.gradle.process.internal.health.memory.DefaultMemoryManager] 1684925644 physical memory requested, 0 released, 1264730112 free
2024-10-01T12:11:03.830-0400 [DEBUG] [org.gradle.cache.internal.DefaultFileLockManager] Waiting to acquire shared lock on daemon addresses registry.
2024-10-01T12:11:03.830-0400 [DEBUG] [org.gradle.cache.internal.DefaultFileLockManager] Lock acquired on daemon addresses registry.
2024-10-01T12:11:03.830-0400 [DEBUG] [org.gradle.cache.internal.DefaultFileLockManager] Releasing lock on daemon addresses registry.
2024-10-01T12:11:03.831-0400 [DEBUG] [org.gradle.cache.internal.DefaultFileLockManager] Waiting to acquire shared lock on daemon addresses registry.
2024-10-01T12:11:03.832-0400 [DEBUG] [org.gradle.cache.internal.DefaultFileLockManager] Lock acquired on daemon addresses registry.
2024-10-01T12:11:03.832-0400 [DEBUG] [org.gradle.cache.internal.DefaultFileLockManager] Releasing lock on daemon addresses registry.
2024-10-01T12:11:06.323-0400 [DEBUG] [org.gradle.process.internal.health.memory.DefaultMemoryManager] 1684925644 physical memory requested, 1069203456 free
2024-10-01T12:11:06.324-0400 [DEBUG] [org.gradle.workers.internal.WorkerDaemonExpiration] Will attempt to release 1606 of memory
2024-10-01T12:11:06.324-0400 [DEBUG] [org.gradle.process.internal.health.memory.DefaultMemoryManager] 1684925644 physical memory requested, 0 released, 1069203456 free
2024-10-01T12:11:11.320-0400 [DEBUG] [org.gradle.process.internal.health.memory.DefaultMemoryManager] 1684925644 physical memory requested, 1086849024 free
2024-10-01T12:11:11.320-0400 [DEBUG] [org.gradle.workers.internal.WorkerDaemonExpiration] Will attempt to release 1606 of memory
2024-10-01T12:11:11.320-0400 [DEBUG] [org.gradle.process.internal.health.memory.DefaultMemoryManager] 1684925644 physical memory requested, 0 released, 1086849024 free
2024-10-01T12:11:13.215-0400 [DEBUG] [sun.rmi.transport.tcp] RMI TCP Connection(10)-127.0.0.1: (port 63653) connection closed
2024-10-01T12:11:13.215-0400 [DEBUG] [sun.rmi.transport.tcp] RMI TCP Connection(10)-127.0.0.1: close connection, socket: Socket[addr=/127.0.0.1,port=50912,localport=63653]
2024-10-01T12:11:13.216-0400 [DEBUG] [sun.rmi.transport.tcp] RMI TCP Connection(10)-127.0.0.1: socket close: Socket[addr=/127.0.0.1,port=50912,localport=63653]
2024-10-01T12:11:13.828-0400 [DEBUG] [org.gradle.cache.internal.DefaultFileLockManager] Waiting to acquire shared lock on daemon addresses registry.
2024-10-01T12:11:13.828-0400 [DEBUG] [org.gradle.cache.internal.DefaultFileLockManager] Lock acquired on daemon addresses registry.
2024-10-01T12:11:13.828-0400 [DEBUG] [org.gradle.cache.internal.DefaultFileLockManager] Releasing lock on daemon addresses registry.
2024-10-01T12:11:13.830-0400 [DEBUG] [org.gradle.cache.internal.DefaultFileLockManager] Waiting to acquire shared lock on daemon addresses registry.
2024-10-01T12:11:13.831-0400 [DEBUG] [org.gradle.cache.internal.DefaultFileLockManager] Lock acquired on daemon addresses registry.
2024-10-01T12:11:13.831-0400 [DEBUG] [org.gradle.cache.internal.DefaultFileLockManager] Releasing lock on daemon addresses registry.
2024-10-01T12:11:13.833-0400 [DEBUG] [org.gradle.cache.internal.DefaultFileLockManager] Waiting to acquire shared lock on daemon addresses registry.
2024-10-01T12:11:13.833-0400 [DEBUG] [org.gradle.cache.internal.DefaultFileLockManager] Lock acquired on daemon addresses registry.
2024-10-01T12:11:13.834-0400 [DEBUG] [org.gradle.cache.internal.DefaultFileLockManager] Releasing lock on daemon addresses registry.
2024-10-01T12:11:16.320-0400 [DEBUG] [org.gradle.process.internal.health.memory.DefaultMemoryManager] 1684925644 physical memory requested, 1044836352 free
2024-10-01T12:11:16.320-0400 [DEBUG] [org.gradle.workers.internal.WorkerDaemonExpiration] Will attempt to release 1606 of memory
2024-10-01T12:11:16.320-0400 [DEBUG] [org.gradle.process.internal.health.memory.DefaultMemoryManager] 1684925644 physical memory requested, 0 released, 1044836352 free
2024-10-01T12:11:21.323-0400 [DEBUG] [org.gradle.process.internal.health.memory.DefaultMemoryManager] 1684925644 physical memory requested, 1187635200 free
2024-10-01T12:11:21.323-0400 [DEBUG] [org.gradle.workers.internal.WorkerDaemonExpiration] Will attempt to release 1606 of memory
2024-10-01T12:11:21.323-0400 [DEBUG] [org.gradle.process.internal.health.memory.DefaultMemoryManager] 1684925644 physical memory requested, 0 released, 1187635200 free
2024-10-01T12:11:23.327-0400 [DEBUG] [sun.rmi.transport.tcp] RMI Scheduler(0): close connection, socket: Socket[addr=localhost/127.0.0.1,port=17935,localport=50909]
2024-10-01T12:11:23.335-0400 [DEBUG] [sun.rmi.transport.tcp] RMI Scheduler(0): close connection, socket: Socket[addr=localhost/127.0.0.1,port=17935,localport=50920]
2024-10-01T12:11:23.359-0400 [DEBUG] [sun.rmi.transport.tcp] RMI TCP Connection(9)-127.0.0.1: (port 63653) connection closed
2024-10-01T12:11:23.359-0400 [DEBUG] [sun.rmi.transport.tcp] RMI TCP Connection(9)-127.0.0.1: close connection, socket: Socket[addr=/127.0.0.1,port=50911,localport=63653]
2024-10-01T12:11:23.359-0400 [DEBUG] [sun.rmi.transport.tcp] RMI TCP Connection(9)-127.0.0.1: socket close: Socket[addr=/127.0.0.1,port=50911,localport=63653]
2024-10-01T12:11:23.831-0400 [DEBUG] [org.gradle.cache.internal.DefaultFileLockManager] Waiting to acquire shared lock on daemon addresses registry.
2024-10-01T12:11:23.831-0400 [DEBUG] [org.gradle.cache.internal.DefaultFileLockManager] Lock acquired on daemon addresses registry.
2024-10-01T12:11:23.831-0400 [DEBUG] [org.gradle.cache.internal.DefaultFileLockManager] Releasing lock on daemon addresses registry.
2024-10-01T12:11:23.834-0400 [DEBUG] [org.gradle.cache.internal.DefaultFileLockManager] Waiting to acquire shared lock on daemon addresses registry.
2024-10-01T12:11:23.834-0400 [DEBUG] [org.gradle.cache.internal.DefaultFileLockManager] Lock acquired on daemon addresses registry.
2024-10-01T12:11:23.835-0400 [DEBUG] [org.gradle.cache.internal.DefaultFileLockManager] Releasing lock on daemon addresses registry.
2024-10-01T12:11:23.837-0400 [DEBUG] [org.gradle.cache.internal.DefaultFileLockManager] Waiting to acquire shared lock on daemon addresses registry.
2024-10-01T12:11:23.837-0400 [DEBUG] [org.gradle.cache.internal.DefaultFileLockManager] Lock acquired on daemon addresses registry.
2024-10-01T12:11:23.838-0400 [DEBUG] [org.gradle.cache.internal.DefaultFileLockManager] Releasing lock on daemon addresses registry.
2024-10-01T12:11:24.892-0400 [DEBUG] [org.gradle.internal.remote.internal.inet.TcpIncomingConnector] Accepted connection from /127.0.0.1:50946 to /127.0.0.1:63719.
2024-10-01T12:11:24.901-0400 [DEBUG] [org.gradle.launcher.daemon.server.SynchronizedDispatchConnection] thread 518: received class org.gradle.launcher.daemon.protocol.Build
2024-10-01T12:11:24.901-0400 [DEBUG] [org.gradle.launcher.daemon.server.DefaultDaemonConnection] thread 518: Received non-IO message from client: Build{id=bfc4c31e-5a35-4391-8590-6581176cfcb1, currentDir=C:\Users\baray\AndroidStudioProjects\CIS3515_Activity_Activity}
2024-10-01T12:11:24.901-0400 [INFO] [org.gradle.launcher.daemon.server.DefaultIncomingConnectionHandler] Received command: Build{id=bfc4c31e-5a35-4391-8590-6581176cfcb1, currentDir=C:\Users\baray\AndroidStudioProjects\CIS3515_Activity_Activity}.
2024-10-01T12:11:24.901-0400 [DEBUG] [org.gradle.launcher.daemon.server.DefaultIncomingConnectionHandler] Starting executing command: Build{id=bfc4c31e-5a35-4391-8590-6581176cfcb1, currentDir=C:\Users\baray\AndroidStudioProjects\CIS3515_Activity_Activity} with connection: socket connection from /127.0.0.1:63719 to /127.0.0.1:50946.
2024-10-01T12:11:24.902-0400 [DEBUG] [org.gradle.launcher.daemon.server.DaemonStateCoordinator] Command execution: started DaemonCommandExecution[command = Build{id=bfc4c31e-5a35-4391-8590-6581176cfcb1, currentDir=C:\Users\baray\AndroidStudioProjects\CIS3515_Activity_Activity}, connection = DefaultDaemonConnection: socket connection from /127.0.0.1:63719 to /127.0.0.1:50946] after 0.0 minutes of idle
2024-10-01T12:11:24.902-0400 [INFO] [org.gradle.launcher.daemon.server.DaemonRegistryUpdater] Marking the daemon as busy, address: [606a9522-a89f-47ad-9f69-d1350e00d8a9 port:63719, addresses:[localhost/127.0.0.1]]
2024-10-01T12:11:24.902-0400 [DEBUG] [org.gradle.launcher.daemon.registry.PersistentDaemonRegistry] Marking busy by address: [606a9522-a89f-47ad-9f69-d1350e00d8a9 port:63719, addresses:[localhost/127.0.0.1]]
2024-10-01T12:11:24.904-0400 [DEBUG] [org.gradle.cache.internal.DefaultFileLockManager] Waiting to acquire exclusive lock on daemon addresses registry.
2024-10-01T12:11:24.904-0400 [DEBUG] [org.gradle.cache.internal.DefaultFileLockManager] Lock acquired on daemon addresses registry.
2024-10-01T12:11:24.906-0400 [DEBUG] [org.gradle.cache.internal.DefaultFileLockManager] Releasing lock on daemon addresses registry.
2024-10-01T12:11:24.907-0400 [DEBUG] [org.gradle.launcher.daemon.server.DaemonStateCoordinator] resetting idle timer
2024-10-01T12:11:24.907-0400 [DEBUG] [org.gradle.launcher.daemon.server.DaemonStateCoordinator] daemon is running. Sleeping until state changes.
2024-10-01T12:11:24.907-0400 [INFO] [org.gradle.launcher.daemon.server.exec.StartBuildOrRespondWithBusy] Daemon is about to start building Build{id=bfc4c31e-5a35-4391-8590-6581176cfcb1, currentDir=C:\Users\baray\AndroidStudioProjects\CIS3515_Activity_Activity}. Dispatching build started information...
2024-10-01T12:11:24.907-0400 [DEBUG] [org.gradle.launcher.daemon.server.SynchronizedDispatchConnection] thread 411: dispatching org.gradle.launcher.daemon.protocol.BuildStarted@48550d3f
2024-10-01T12:11:24.908-0400 [DEBUG] [org.gradle.launcher.daemon.server.exec.EstablishBuildEnvironment] Configuring env variables: [USERDOMAIN_ROAMINGPROFILE, IGCCSVC_DB, LOCALAPPDATA, PROCESSOR_LEVEL, IntelliJ IDEA, USERDOMAIN, LOGONSERVER, SESSIONNAME, ALLUSERSPROFILE, PROCESSOR_ARCHITECTURE, ANDROID_HOME, PSModulePath, SystemDrive, OneDrive, PT8HOME, APPDATA, USERNAME, ProgramFiles(x86), CommonProgramFiles, Path, PATHEXT, DriverData, OS, OneDriveConsumer, COMPUTERNAME, PROCESSOR_REVISION, CommonProgramW6432, ComSpec, ProgramData, ProgramW6432, TEMP, HOMEPATH, SystemRoot, PROCESSOR_IDENTIFIER, HOMEDRIVE, USERPROFILE, TMP, CommonProgramFiles(x86), ProgramFiles, PUBLIC, windir, NUMBER_OF_PROCESSORS, =::, IDEA_INITIAL_DIRECTORY, ZES_ENABLE_SYSMAN]
2024-10-01T12:11:24.909-0400 [DEBUG] [org.gradle.launcher.daemon.server.SynchronizedDispatchConnection] thread 518: received class org.gradle.launcher.daemon.protocol.CloseInput
2024-10-01T12:11:24.909-0400 [DEBUG] [org.gradle.launcher.daemon.server.DefaultDaemonConnection] thread 518: Received IO message from client: org.gradle.launcher.daemon.protocol.CloseInput@774bdb2d
2024-10-01T12:11:24.911-0400 [DEBUG] [org.gradle.launcher.daemon.server.exec.LogToClient] About to start relaying all logs to the client via the connection.
2024-10-01T12:11:24.911-0400 [INFO] [org.gradle.launcher.daemon.server.exec.LogToClient] The client will now receive all logging from the daemon (pid: 28796). The daemon log file: C:\Users\baray\AndroidStudioProjects\CIS3515_Activity_Activity\daemon\8.7\daemon-28796.out.log
2024-10-01T12:11:24.912-0400 [INFO] [org.gradle.launcher.daemon.server.exec.LogAndCheckHealth] Starting 4th build in daemon [uptime: 58 mins 31.387 secs, performance: 100%, GC rate: 0.00/s, heap usage: 0% of 2 GiB]
2024-10-01T12:11:24.912-0400 [DEBUG] [org.gradle.launcher.daemon.server.exec.ExecuteBuild] The daemon has started executing the build.
2024-10-01T12:11:24.912-0400 [DEBUG] [org.gradle.launcher.daemon.server.exec.ExecuteBuild] Executing build with daemon context: DefaultDaemonContext[uid=b732a0e9-0c02-4769-a55d-d41ac31c965e,javaHome=C:\Program Files\Android\Android Studio\jbr,daemonRegistryDir=C:\Users\baray\AndroidStudioProjects\CIS3515_Activity_Activity\daemon,pid=28796,idleTimeout=10800000,priority=NORMAL,applyInstrumentationAgent=true,daemonOpts=--add-opens=java.base/java.util=ALL-UNNAMED,--add-opens=java.base/java.lang=ALL-UNNAMED,--add-opens=java.base/java.lang.invoke=ALL-UNNAMED,--add-opens=java.prefs/java.util.prefs=ALL-UNNAMED,--add-opens=java.base/java.nio.charset=ALL-UNNAMED,--add-opens=java.base/java.net=ALL-UNNAMED,--add-opens=java.base/java.util.concurrent.atomic=ALL-UNNAMED,-Xmx2048m,-Dfile.encoding=UTF-8,-Duser.country=US,-Duser.language=en,-Duser.variant]
2024-10-01T12:11:24.912-0400 [INFO] [org.gradle.launcher.daemon.server.exec.ForwardClientInput] Closing daemon's stdin at end of input.
2024-10-01T12:11:24.913-0400 [INFO] [org.gradle.launcher.daemon.server.exec.ForwardClientInput] The daemon will no longer process any standard input.
AGPBI: {"kind":"warning","text":"The option setting 'android.defaults.buildfeatures.buildconfig=true' is deprecated.\nThe current default is 'false'.\nIt will be removed in version 9.0 of the Android Gradle plugin.\nYou can resolve this warning in Android Studio via `Refactor` > `Migrate BuildConfig to Gradle Build Files`","sources":[{}]}

Deprecated Gradle features were used in this build, making it incompatible with Gradle 9.0.

You can use '--warning-mode all' to show the individual deprecation warnings and determine if they come from your own scripts or plugins.

For more on this, please refer to https://docs.gradle.org/8.7/userguide/command_line_interface.html#sec:command_line_warnings in the Gradle documentation.

BUILD SUCCESSFUL in 1s
35 actionable tasks: 35 up-to-date
2024-10-01T12:11:26.119-0400 [DEBUG] [org.gradle.launcher.daemon.server.exec.ExecuteBuild] The daemon has finished executing the build.
2024-10-01T12:11:26.132-0400 [DEBUG] [org.gradle.launcher.daemon.server.DaemonStateCoordinator] daemon is running. Sleeping until state changes.
2024-10-01T12:11:26.132-0400 [DEBUG] [org.gradle.launcher.daemon.server.DaemonStateCoordinator] Command execution: finished waiting for DaemonCommandExecution[command = Build{id=bfc4c31e-5a35-4391-8590-6581176cfcb1, currentDir=C:\Users\baray\AndroidStudioProjects\CIS3515_Activity_Activity}, connection = DefaultDaemonConnection: socket connection from /127.0.0.1:63719 to /127.0.0.1:50946]. Result org.gradle.launcher.daemon.server.DaemonStateCoordinator@9269329 with state Busy
2024-10-01T12:11:26.132-0400 [DEBUG] [org.gradle.launcher.daemon.server.DaemonStateCoordinator] Command execution: completed DaemonCommandExecution[command = Build{id=bfc4c31e-5a35-4391-8590-6581176cfcb1, currentDir=C:\Users\baray\AndroidStudioProjects\CIS3515_Activity_Activity}, connection = DefaultDaemonConnection: socket connection from /127.0.0.1:63719 to /127.0.0.1:50946]
2024-10-01T12:11:26.132-0400 [DEBUG] [org.gradle.launcher.daemon.server.DaemonStateCoordinator] resetting idle timer
2024-10-01T12:11:26.133-0400 [INFO] [org.gradle.launcher.daemon.server.DaemonRegistryUpdater] Marking the daemon as idle, address: [606a9522-a89f-47ad-9f69-d1350e00d8a9 port:63719, addresses:[localhost/127.0.0.1]]
2024-10-01T12:11:26.133-0400 [DEBUG] [org.gradle.launcher.daemon.registry.PersistentDaemonRegistry] Marking busy by address: [606a9522-a89f-47ad-9f69-d1350e00d8a9 port:63719, addresses:[localhost/127.0.0.1]]
2024-10-01T12:11:26.135-0400 [DEBUG] [org.gradle.cache.internal.DefaultFileLockManager] Waiting to acquire exclusive lock on daemon addresses registry.
2024-10-01T12:11:26.135-0400 [DEBUG] [org.gradle.cache.internal.DefaultFileLockManager] Lock acquired on daemon addresses registry.
2024-10-01T12:11:26.137-0400 [DEBUG] [org.gradle.cache.internal.DefaultFileLockManager] Releasing lock on daemon addresses registry.
2024-10-01T12:11:26.138-0400 [DEBUG] [org.gradle.launcher.daemon.server.exec.ReturnResult] Daemon is dispatching the build result: Success[value=org.gradle.launcher.exec.BuildActionResult@7820c84b]
2024-10-01T12:11:26.138-0400 [DEBUG] [org.gradle.launcher.daemon.server.SynchronizedDispatchConnection] thread 408: dispatching Success[value=org.gradle.launcher.exec.BuildActionResult@7820c84b]
2024-10-01T12:11:26.138-0400 [DEBUG] [org.gradle.launcher.daemon.server.DaemonStateCoordinator] daemon is running. Sleeping until state changes.
2024-10-01T12:11:26.138-0400 [DEBUG] [org.gradle.launcher.daemon.server.exec.CleanUpVirtualFileSystemAfterBuild] Cleaning virtual file system after build finished
2024-10-01T12:11:26.139-0400 [DEBUG] [org.gradle.launcher.daemon.server.SynchronizedDispatchConnection] thread 518: received class org.gradle.launcher.daemon.protocol.Finished
2024-10-01T12:11:26.139-0400 [DEBUG] [org.gradle.launcher.daemon.server.DefaultDaemonConnection] thread 518: Received non-IO message from client: org.gradle.launcher.daemon.protocol.Finished@798c3bb4
2024-10-01T12:11:26.139-0400 [DEBUG] [org.gradle.internal.remote.internal.inet.SocketConnection] Discarding EOFException: java.io.EOFException
2024-10-01T12:11:26.140-0400 [DEBUG] [org.gradle.launcher.daemon.server.SynchronizedDispatchConnection] thread 518: received null
2024-10-01T12:11:26.140-0400 [DEBUG] [org.gradle.launcher.daemon.server.DefaultDaemonConnection] thread 518: Received end-of-input from client.
2024-10-01T12:11:26.142-0400 [DEBUG] [org.gradle.launcher.daemon.server.DefaultIncomingConnectionHandler] Finishing executing command: Build{id=bfc4c31e-5a35-4391-8590-6581176cfcb1, currentDir=C:\Users\baray\AndroidStudioProjects\CIS3515_Activity_Activity}
2024-10-01T12:11:26.142-0400 [WARN] [org.gradle.launcher.daemon.server.DefaultIncomingConnectionHandler] Timed out waiting for finished message from client socket connection from /127.0.0.1:63719 to /127.0.0.1:50946. Discarding connection.
2024-10-01T12:11:26.142-0400 [DEBUG] [org.gradle.launcher.daemon.server.SynchronizedDispatchConnection] thread 408: stopping connection
2024-10-01T12:11:26.143-0400 [DEBUG] [org.gradle.launcher.daemon.server.SynchronizedDispatchConnection] thread 408: stopping connection
2024-10-01T12:11:26.332-0400 [DEBUG] [org.gradle.process.internal.health.memory.DefaultMemoryManager] 1684925644 physical memory requested, 1090306048 free
2024-10-01T12:11:26.333-0400 [DEBUG] [org.gradle.workers.internal.WorkerDaemonExpiration] Will attempt to release 1606 of memory
2024-10-01T12:11:26.333-0400 [DEBUG] [org.gradle.process.internal.health.memory.DefaultMemoryManager] 1684925644 physical memory requested, 0 released, 1090306048 free
2024-10-01T12:11:31.321-0400 [DEBUG] [org.gradle.process.internal.health.memory.DefaultMemoryManager] 1684925644 physical memory requested, 1034821632 free
2024-10-01T12:11:31.321-0400 [DEBUG] [org.gradle.workers.internal.WorkerDaemonExpiration] Will attempt to release 1606 of memory
2024-10-01T12:11:31.322-0400 [DEBUG] [org.gradle.process.internal.health.memory.DefaultMemoryManager] 1684925644 physical memory requested, 0 released, 1034821632 free
2024-10-01T12:11:33.829-0400 [DEBUG] [org.gradle.cache.internal.DefaultFileLockManager] Waiting to acquire shared lock on daemon addresses registry.
2024-10-01T12:11:33.829-0400 [DEBUG] [org.gradle.cache.internal.DefaultFileLockManager] Lock acquired on daemon addresses registry.
2024-10-01T12:11:33.829-0400 [DEBUG] [org.gradle.cache.internal.DefaultFileLockManager] Releasing lock on daemon addresses registry.
2024-10-01T12:11:33.832-0400 [DEBUG] [org.gradle.cache.internal.DefaultFileLockManager] Waiting to acquire shared lock on daemon addresses registry.
2024-10-01T12:11:33.832-0400 [DEBUG] [org.gradle.cache.internal.DefaultFileLockManager] Lock acquired on daemon addresses registry.
2024-10-01T12:11:33.832-0400 [DEBUG] [org.gradle.cache.internal.DefaultFileLockManager] Releasing lock on daemon addresses registry.
2024-10-01T12:11:36.318-0400 [DEBUG] [org.gradle.process.internal.health.memory.DefaultMemoryManager] 1684925644 physical memory requested, 999120896 free
2024-10-01T12:11:36.318-0400 [DEBUG] [org.gradle.workers.internal.WorkerDaemonExpiration] Will attempt to release 1606 of memory
2024-10-01T12:11:36.318-0400 [DEBUG] [org.gradle.process.internal.health.memory.DefaultMemoryManager] 1684925644 physical memory requested, 0 released, 999120896 free
2024-10-01T12:11:41.326-0400 [DEBUG] [org.gradle.process.internal.health.memory.DefaultMemoryManager] 1684925644 physical memory requested, 1045598208 free
2024-10-01T12:11:41.327-0400 [DEBUG] [org.gradle.workers.internal.WorkerDaemonExpiration] Will attempt to release 1606 of memory
2024-10-01T12:11:41.327-0400 [DEBUG] [org.gradle.process.internal.health.memory.DefaultMemoryManager] 1684925644 physical memory requested, 0 released, 1045598208 free
2024-10-01T12:11:42.754-0400 [DEBUG] [org.gradle.internal.remote.internal.inet.TcpIncomingConnector] Accepted connection from /127.0.0.1:50975 to /127.0.0.1:63719.
2024-10-01T12:11:42.762-0400 [DEBUG] [org.gradle.launcher.daemon.server.SynchronizedDispatchConnection] thread 588: received class org.gradle.launcher.daemon.protocol.Build
2024-10-01T12:11:42.762-0400 [DEBUG] [org.gradle.launcher.daemon.server.DefaultDaemonConnection] thread 588: Received non-IO message from client: Build{id=9d98d62e-6ced-4dc7-bbd0-b15fc7d9e82a, currentDir=C:\Users\baray\AndroidStudioProjects\CIS3515_Activity_Activity}
2024-10-01T12:11:42.762-0400 [INFO] [org.gradle.launcher.daemon.server.DefaultIncomingConnectionHandler] Received command: Build{id=9d98d62e-6ced-4dc7-bbd0-b15fc7d9e82a, currentDir=C:\Users\baray\AndroidStudioProjects\CIS3515_Activity_Activity}.
2024-10-01T12:11:42.762-0400 [DEBUG] [org.gradle.launcher.daemon.server.DefaultIncomingConnectionHandler] Starting executing command: Build{id=9d98d62e-6ced-4dc7-bbd0-b15fc7d9e82a, currentDir=C:\Users\baray\AndroidStudioProjects\CIS3515_Activity_Activity} with connection: socket connection from /127.0.0.1:63719 to /127.0.0.1:50975.
2024-10-01T12:11:42.762-0400 [DEBUG] [org.gradle.launcher.daemon.server.DaemonStateCoordinator] Command execution: started DaemonCommandExecution[command = Build{id=9d98d62e-6ced-4dc7-bbd0-b15fc7d9e82a, currentDir=C:\Users\baray\AndroidStudioProjects\CIS3515_Activity_Activity}, connection = DefaultDaemonConnection: socket connection from /127.0.0.1:63719 to /127.0.0.1:50975] after 0.0 minutes of idle
2024-10-01T12:11:42.762-0400 [INFO] [org.gradle.launcher.daemon.server.DaemonRegistryUpdater] Marking the daemon as busy, address: [606a9522-a89f-47ad-9f69-d1350e00d8a9 port:63719, addresses:[localhost/127.0.0.1]]
2024-10-01T12:11:42.762-0400 [DEBUG] [org.gradle.launcher.daemon.registry.PersistentDaemonRegistry] Marking busy by address: [606a9522-a89f-47ad-9f69-d1350e00d8a9 port:63719, addresses:[localhost/127.0.0.1]]
2024-10-01T12:11:42.763-0400 [DEBUG] [org.gradle.cache.internal.DefaultFileLockManager] Waiting to acquire exclusive lock on daemon addresses registry.
2024-10-01T12:11:42.763-0400 [DEBUG] [org.gradle.cache.internal.DefaultFileLockManager] Lock acquired on daemon addresses registry.
2024-10-01T12:11:42.764-0400 [DEBUG] [org.gradle.cache.internal.DefaultFileLockManager] Releasing lock on daemon addresses registry.
2024-10-01T12:11:42.765-0400 [DEBUG] [org.gradle.launcher.daemon.server.DaemonStateCoordinator] resetting idle timer
2024-10-01T12:11:42.765-0400 [DEBUG] [org.gradle.launcher.daemon.server.DaemonStateCoordinator] daemon is running. Sleeping until state changes.
2024-10-01T12:11:42.765-0400 [INFO] [org.gradle.launcher.daemon.server.exec.StartBuildOrRespondWithBusy] Daemon is about to start building Build{id=9d98d62e-6ced-4dc7-bbd0-b15fc7d9e82a, currentDir=C:\Users\baray\AndroidStudioProjects\CIS3515_Activity_Activity}. Dispatching build started information...
2024-10-01T12:11:42.765-0400 [DEBUG] [org.gradle.launcher.daemon.server.SynchronizedDispatchConnection] thread 411: dispatching org.gradle.launcher.daemon.protocol.BuildStarted@15ced57b
2024-10-01T12:11:42.767-0400 [DEBUG] [org.gradle.launcher.daemon.server.exec.EstablishBuildEnvironment] Configuring env variables: [USERDOMAIN_ROAMINGPROFILE, IGCCSVC_DB, LOCALAPPDATA, PROCESSOR_LEVEL, IntelliJ IDEA, USERDOMAIN, LOGONSERVER, SESSIONNAME, ALLUSERSPROFILE, PROCESSOR_ARCHITECTURE, ANDROID_HOME, PSModulePath, SystemDrive, OneDrive, PT8HOME, APPDATA, USERNAME, ProgramFiles(x86), CommonProgramFiles, Path, PATHEXT, DriverData, OS, OneDriveConsumer, COMPUTERNAME, PROCESSOR_REVISION, CommonProgramW6432, ComSpec, ProgramData, ProgramW6432, TEMP, HOMEPATH, SystemRoot, PROCESSOR_IDENTIFIER, HOMEDRIVE, USERPROFILE, TMP, CommonProgramFiles(x86), ProgramFiles, PUBLIC, windir, NUMBER_OF_PROCESSORS, =::, IDEA_INITIAL_DIRECTORY, ZES_ENABLE_SYSMAN]
2024-10-01T12:11:42.767-0400 [DEBUG] [org.gradle.launcher.daemon.server.SynchronizedDispatchConnection] thread 588: received class org.gradle.launcher.daemon.protocol.CloseInput
2024-10-01T12:11:42.768-0400 [DEBUG] [org.gradle.launcher.daemon.server.DefaultDaemonConnection] thread 588: Received IO message from client: org.gradle.launcher.daemon.protocol.CloseInput@374b03c
2024-10-01T12:11:42.770-0400 [DEBUG] [org.gradle.launcher.daemon.server.exec.LogToClient] About to start relaying all logs to the client via the connection.
2024-10-01T12:11:42.770-0400 [INFO] [org.gradle.launcher.daemon.server.exec.LogToClient] The client will now receive all logging from the daemon (pid: 28796). The daemon log file: C:\Users\baray\AndroidStudioProjects\CIS3515_Activity_Activity\daemon\8.7\daemon-28796.out.log
2024-10-01T12:11:42.771-0400 [INFO] [org.gradle.launcher.daemon.server.exec.LogAndCheckHealth] Starting 5th build in daemon [uptime: 58 mins 49.247 secs, performance: 100%, GC rate: 0.00/s, heap usage: 0% of 2 GiB]
2024-10-01T12:11:42.772-0400 [DEBUG] [org.gradle.launcher.daemon.server.exec.ExecuteBuild] The daemon has started executing the build.
2024-10-01T12:11:42.772-0400 [DEBUG] [org.gradle.launcher.daemon.server.exec.ExecuteBuild] Executing build with daemon context: DefaultDaemonContext[uid=b732a0e9-0c02-4769-a55d-d41ac31c965e,javaHome=C:\Program Files\Android\Android Studio\jbr,daemonRegistryDir=C:\Users\baray\AndroidStudioProjects\CIS3515_Activity_Activity\daemon,pid=28796,idleTimeout=10800000,priority=NORMAL,applyInstrumentationAgent=true,daemonOpts=--add-opens=java.base/java.util=ALL-UNNAMED,--add-opens=java.base/java.lang=ALL-UNNAMED,--add-opens=java.base/java.lang.invoke=ALL-UNNAMED,--add-opens=java.prefs/java.util.prefs=ALL-UNNAMED,--add-opens=java.base/java.nio.charset=ALL-UNNAMED,--add-opens=java.base/java.net=ALL-UNNAMED,--add-opens=java.base/java.util.concurrent.atomic=ALL-UNNAMED,-Xmx2048m,-Dfile.encoding=UTF-8,-Duser.country=US,-Duser.language=en,-Duser.variant]
2024-10-01T12:11:42.772-0400 [INFO] [org.gradle.launcher.daemon.server.exec.ForwardClientInput] Closing daemon's stdin at end of input.
2024-10-01T12:11:42.772-0400 [INFO] [org.gradle.launcher.daemon.server.exec.ForwardClientInput] The daemon will no longer process any standard input.
AGPBI: {"kind":"warning","text":"The option setting 'android.defaults.buildfeatures.buildconfig=true' is deprecated.\nThe current default is 'false'.\nIt will be removed in version 9.0 of the Android Gradle plugin.\nYou can resolve this warning in Android Studio via `Refactor` > `Migrate BuildConfig to Gradle Build Files`","sources":[{}]}

Deprecated Gradle features were used in this build, making it incompatible with Gradle 9.0.

You can use '--warning-mode all' to show the individual deprecation warnings and determine if they come from your own scripts or plugins.

For more on this, please refer to https://docs.gradle.org/8.7/userguide/command_line_interface.html#sec:command_line_warnings in the Gradle documentation.

BUILD SUCCESSFUL in 1s
35 actionable tasks: 35 up-to-date
2024-10-01T12:11:43.851-0400 [DEBUG] [org.gradle.launcher.daemon.server.exec.ExecuteBuild] The daemon has finished executing the build.
2024-10-01T12:11:43.863-0400 [DEBUG] [org.gradle.launcher.daemon.server.DaemonStateCoordinator] Command execution: finished waiting for DaemonCommandExecution[command = Build{id=9d98d62e-6ced-4dc7-bbd0-b15fc7d9e82a, currentDir=C:\Users\baray\AndroidStudioProjects\CIS3515_Activity_Activity}, connection = DefaultDaemonConnection: socket connection from /127.0.0.1:63719 to /127.0.0.1:50975]. Result org.gradle.launcher.daemon.server.DaemonStateCoordinator@9269329 with state Busy
2024-10-01T12:11:43.864-0400 [DEBUG] [org.gradle.launcher.daemon.server.DaemonStateCoordinator] Command execution: completed DaemonCommandExecution[command = Build{id=9d98d62e-6ced-4dc7-bbd0-b15fc7d9e82a, currentDir=C:\Users\baray\AndroidStudioProjects\CIS3515_Activity_Activity}, connection = DefaultDaemonConnection: socket connection from /127.0.0.1:63719 to /127.0.0.1:50975]
2024-10-01T12:11:43.864-0400 [DEBUG] [org.gradle.launcher.daemon.server.DaemonStateCoordinator] resetting idle timer
2024-10-01T12:11:43.864-0400 [INFO] [org.gradle.launcher.daemon.server.DaemonRegistryUpdater] Marking the daemon as idle, address: [606a9522-a89f-47ad-9f69-d1350e00d8a9 port:63719, addresses:[localhost/127.0.0.1]]
2024-10-01T12:11:43.864-0400 [DEBUG] [org.gradle.launcher.daemon.registry.PersistentDaemonRegistry] Marking busy by address: [606a9522-a89f-47ad-9f69-d1350e00d8a9 port:63719, addresses:[localhost/127.0.0.1]]
2024-10-01T12:11:43.867-0400 [DEBUG] [org.gradle.cache.internal.DefaultFileLockManager] Waiting to acquire exclusive lock on daemon addresses registry.
2024-10-01T12:11:43.867-0400 [DEBUG] [org.gradle.cache.internal.DefaultFileLockManager] Lock acquired on daemon addresses registry.
2024-10-01T12:11:43.869-0400 [DEBUG] [org.gradle.cache.internal.DefaultFileLockManager] Releasing lock on daemon addresses registry.
2024-10-01T12:11:43.870-0400 [DEBUG] [org.gradle.launcher.daemon.server.exec.ReturnResult] Daemon is dispatching the build result: Success[value=org.gradle.launcher.exec.BuildActionResult@f194553]
2024-10-01T12:11:43.870-0400 [DEBUG] [org.gradle.launcher.daemon.server.DaemonStateCoordinator] daemon is running. Sleeping until state changes.
2024-10-01T12:11:43.870-0400 [DEBUG] [org.gradle.launcher.daemon.server.SynchronizedDispatchConnection] thread 408: dispatching Success[value=org.gradle.launcher.exec.BuildActionResult@f194553]
2024-10-01T12:11:43.871-0400 [DEBUG] [org.gradle.launcher.daemon.server.exec.CleanUpVirtualFileSystemAfterBuild] Cleaning virtual file system after build finished
2024-10-01T12:11:43.871-0400 [DEBUG] [org.gradle.launcher.daemon.server.DefaultIncomingConnectionHandler] Finishing executing command: Build{id=9d98d62e-6ced-4dc7-bbd0-b15fc7d9e82a, currentDir=C:\Users\baray\AndroidStudioProjects\CIS3515_Activity_Activity}
2024-10-01T12:11:43.871-0400 [DEBUG] [org.gradle.launcher.daemon.server.SynchronizedDispatchConnection] thread 588: received class org.gradle.launcher.daemon.protocol.Finished
2024-10-01T12:11:43.871-0400 [DEBUG] [org.gradle.launcher.daemon.server.DefaultDaemonConnection] thread 588: Received non-IO message from client: org.gradle.launcher.daemon.protocol.Finished@db35e22
2024-10-01T12:11:43.871-0400 [DEBUG] [org.gradle.launcher.daemon.server.DefaultIncomingConnectionHandler] Received finished message: org.gradle.launcher.daemon.protocol.Finished@db35e22
2024-10-01T12:11:43.872-0400 [DEBUG] [org.gradle.launcher.daemon.server.SynchronizedDispatchConnection] thread 408: stopping connection
2024-10-01T12:11:43.872-0400 [DEBUG] [org.gradle.internal.remote.internal.inet.SocketConnection] Discarding EOFException: java.io.EOFException
2024-10-01T12:11:43.872-0400 [DEBUG] [org.gradle.launcher.daemon.server.SynchronizedDispatchConnection] thread 588: received null
2024-10-01T12:11:43.872-0400 [DEBUG] [org.gradle.launcher.daemon.server.DefaultDaemonConnection] thread 588: Received end-of-input from client.
2024-10-01T12:11:43.873-0400 [DEBUG] [org.gradle.launcher.daemon.server.SynchronizedDispatchConnection] thread 408: stopping connection
2024-10-01T12:11:46.319-0400 [DEBUG] [org.gradle.process.internal.health.memory.DefaultMemoryManager] 1684925644 physical memory requested, 1003208704 free
2024-10-01T12:11:46.319-0400 [DEBUG] [org.gradle.workers.internal.WorkerDaemonExpiration] Will attempt to release 1606 of memory
2024-10-01T12:11:46.319-0400 [DEBUG] [org.gradle.process.internal.health.memory.DefaultMemoryManager] 1684925644 physical memory requested, 0 released, 1003208704 free
2024-10-01T12:11:51.318-0400 [DEBUG] [org.gradle.process.internal.health.memory.DefaultMemoryManager] 1684925644 physical memory requested, 1032609792 free
2024-10-01T12:11:51.319-0400 [DEBUG] [org.gradle.workers.internal.WorkerDaemonExpiration] Will attempt to release 1606 of memory
2024-10-01T12:11:51.319-0400 [DEBUG] [org.gradle.process.internal.health.memory.DefaultMemoryManager] 1684925644 physical memory requested, 0 released, 1032609792 free
2024-10-01T12:11:53.830-0400 [DEBUG] [org.gradle.cache.internal.DefaultFileLockManager] Waiting to acquire shared lock on daemon addresses registry.
2024-10-01T12:11:53.830-0400 [DEBUG] [org.gradle.cache.internal.DefaultFileLockManager] Lock acquired on daemon addresses registry.
2024-10-01T12:11:53.831-0400 [DEBUG] [org.gradle.cache.internal.DefaultFileLockManager] Releasing lock on daemon addresses registry.
2024-10-01T12:11:53.833-0400 [DEBUG] [org.gradle.cache.internal.DefaultFileLockManager] Waiting to acquire shared lock on daemon addresses registry.
2024-10-01T12:11:53.833-0400 [DEBUG] [org.gradle.cache.internal.DefaultFileLockManager] Lock acquired on daemon addresses registry.
2024-10-01T12:11:53.834-0400 [DEBUG] [org.gradle.cache.internal.DefaultFileLockManager] Releasing lock on daemon addresses registry.
2024-10-01T12:11:56.324-0400 [DEBUG] [org.gradle.process.internal.health.memory.DefaultMemoryManager] 1684925644 physical memory requested, 1031077888 free
2024-10-01T12:11:56.324-0400 [DEBUG] [org.gradle.workers.internal.WorkerDaemonExpiration] Will attempt to release 1606 of memory
2024-10-01T12:11:56.324-0400 [DEBUG] [org.gradle.process.internal.health.memory.DefaultMemoryManager] 1684925644 physical memory requested, 0 released, 1031077888 free
2024-10-01T12:12:01.320-0400 [DEBUG] [org.gradle.process.internal.health.memory.DefaultMemoryManager] 1684925644 physical memory requested, 1043988480 free
2024-10-01T12:12:01.320-0400 [DEBUG] [org.gradle.workers.internal.WorkerDaemonExpiration] Will attempt to release 1606 of memory
2024-10-01T12:12:01.320-0400 [DEBUG] [org.gradle.process.internal.health.memory.DefaultMemoryManager] 1684925644 physical memory requested, 0 released, 1043988480 free
2024-10-01T12:12:03.830-0400 [DEBUG] [org.gradle.cache.internal.DefaultFileLockManager] Waiting to acquire shared lock on daemon addresses registry.
2024-10-01T12:12:03.830-0400 [DEBUG] [org.gradle.cache.internal.DefaultFileLockManager] Lock acquired on daemon addresses registry.
2024-10-01T12:12:03.831-0400 [DEBUG] [org.gradle.cache.internal.DefaultFileLockManager] Releasing lock on daemon addresses registry.
2024-10-01T12:12:03.833-0400 [DEBUG] [org.gradle.cache.internal.DefaultFileLockManager] Waiting to acquire shared lock on daemon addresses registry.
2024-10-01T12:12:03.833-0400 [DEBUG] [org.gradle.cache.internal.DefaultFileLockManager] Lock acquired on daemon addresses registry.
2024-10-01T12:12:03.834-0400 [DEBUG] [org.gradle.cache.internal.DefaultFileLockManager] Releasing lock on daemon addresses registry.
2024-10-01T12:12:03.834-0400 [DEBUG] [org.gradle.cache.internal.DefaultFileLockManager] Waiting to acquire shared lock on daemon addresses registry.
2024-10-01T12:12:03.834-0400 [DEBUG] [org.gradle.cache.internal.DefaultFileLockManager] Lock acquired on daemon addresses registry.
2024-10-01T12:12:03.834-0400 [DEBUG] [org.gradle.cache.internal.DefaultFileLockManager] Releasing lock on daemon addresses registry.
2024-10-01T12:12:06.319-0400 [DEBUG] [org.gradle.process.internal.health.memory.DefaultMemoryManager] 1684925644 physical memory requested, 1083068416 free
2024-10-01T12:12:06.319-0400 [DEBUG] [org.gradle.workers.internal.WorkerDaemonExpiration] Will attempt to release 1606 of memory
2024-10-01T12:12:06.319-0400 [DEBUG] [org.gradle.process.internal.health.memory.DefaultMemoryManager] 1684925644 physical memory requested, 0 released, 1083068416 free
2024-10-01T12:12:11.321-0400 [DEBUG] [org.gradle.process.internal.health.memory.DefaultMemoryManager] 1684925644 physical memory requested, 1088307200 free
2024-10-01T12:12:11.321-0400 [DEBUG] [org.gradle.workers.internal.WorkerDaemonExpiration] Will attempt to release 1606 of memory
2024-10-01T12:12:11.321-0400 [DEBUG] [org.gradle.process.internal.health.memory.DefaultMemoryManager] 1684925644 physical memory requested, 0 released, 1088307200 free
2024-10-01T12:12:13.827-0400 [DEBUG] [org.gradle.cache.internal.DefaultFileLockManager] Waiting to acquire shared lock on daemon addresses registry.
2024-10-01T12:12:13.827-0400 [DEBUG] [org.gradle.cache.internal.DefaultFileLockManager] Lock acquired on daemon addresses registry.
2024-10-01T12:12:13.827-0400 [DEBUG] [org.gradle.cache.internal.DefaultFileLockManager] Releasing lock on daemon addresses registry.
2024-10-01T12:12:13.828-0400 [DEBUG] [org.gradle.cache.internal.DefaultFileLockManager] Waiting to acquire shared lock on daemon addresses registry.
2024-10-01T12:12:13.828-0400 [DEBUG] [org.gradle.cache.internal.DefaultFileLockManager] Lock acquired on daemon addresses registry.
2024-10-01T12:12:13.828-0400 [DEBUG] [org.gradle.cache.internal.DefaultFileLockManager] Releasing lock on daemon addresses registry.
2024-10-01T12:12:13.828-0400 [DEBUG] [org.gradle.cache.internal.DefaultFileLockManager] Waiting to acquire shared lock on daemon addresses registry.
2024-10-01T12:12:13.828-0400 [DEBUG] [org.gradle.cache.internal.DefaultFileLockManager] Lock acquired on daemon addresses registry.
2024-10-01T12:12:13.828-0400 [DEBUG] [org.gradle.cache.internal.DefaultFileLockManager] Releasing lock on daemon addresses registry.
2024-10-01T12:12:16.320-0400 [DEBUG] [org.gradle.process.internal.health.memory.DefaultMemoryManager] 1684925644 physical memory requested, 1102000128 free
2024-10-01T12:12:16.320-0400 [DEBUG] [org.gradle.workers.internal.WorkerDaemonExpiration] Will attempt to release 1606 of memory
2024-10-01T12:12:16.320-0400 [DEBUG] [org.gradle.process.internal.health.memory.DefaultMemoryManager] 1684925644 physical memory requested, 0 released, 1102000128 free
2024-10-01T12:12:21.320-0400 [DEBUG] [org.gradle.process.internal.health.memory.DefaultMemoryManager] 1684925644 physical memory requested, 1231372288 free
2024-10-01T12:12:21.320-0400 [DEBUG] [org.gradle.workers.internal.WorkerDaemonExpiration] Will attempt to release 1606 of memory
2024-10-01T12:12:21.320-0400 [DEBUG] [org.gradle.process.internal.health.memory.DefaultMemoryManager] 1684925644 physical memory requested, 0 released, 1231372288 free
2024-10-01T12:12:23.828-0400 [DEBUG] [org.gradle.cache.internal.DefaultFileLockManager] Waiting to acquire shared lock on daemon addresses registry.
2024-10-01T12:12:23.828-0400 [DEBUG] [org.gradle.cache.internal.DefaultFileLockManager] Lock acquired on daemon addresses registry.
2024-10-01T12:12:23.828-0400 [DEBUG] [org.gradle.cache.internal.DefaultFileLockManager] Releasing lock on daemon addresses registry.
2024-10-01T12:12:23.829-0400 [DEBUG] [org.gradle.cache.internal.DefaultFileLockManager] Waiting to acquire shared lock on daemon addresses registry.
2024-10-01T12:12:23.829-0400 [DEBUG] [org.gradle.cache.internal.DefaultFileLockManager] Lock acquired on daemon addresses registry.
2024-10-01T12:12:23.829-0400 [DEBUG] [org.gradle.cache.internal.DefaultFileLockManager] Releasing lock on daemon addresses registry.
2024-10-01T12:12:23.829-0400 [DEBUG] [org.gradle.cache.internal.DefaultFileLockManager] Waiting to acquire shared lock on daemon addresses registry.
2024-10-01T12:12:23.829-0400 [DEBUG] [org.gradle.cache.internal.DefaultFileLockManager] Lock acquired on daemon addresses registry.
2024-10-01T12:12:23.829-0400 [DEBUG] [org.gradle.cache.internal.DefaultFileLockManager] Releasing lock on daemon addresses registry.
2024-10-01T12:12:26.319-0400 [DEBUG] [org.gradle.process.internal.health.memory.DefaultMemoryManager] 1684925644 physical memory requested, 1180581888 free
2024-10-01T12:12:26.319-0400 [DEBUG] [org.gradle.workers.internal.WorkerDaemonExpiration] Will attempt to release 1606 of memory
2024-10-01T12:12:26.319-0400 [DEBUG] [org.gradle.process.internal.health.memory.DefaultMemoryManager] 1684925644 physical memory requested, 0 released, 1180581888 free
2024-10-01T12:12:31.322-0400 [DEBUG] [org.gradle.process.internal.health.memory.DefaultMemoryManager] 1684925644 physical memory requested, 1159397376 free
2024-10-01T12:12:31.322-0400 [DEBUG] [org.gradle.workers.internal.WorkerDaemonExpiration] Will attempt to release 1606 of memory
2024-10-01T12:12:31.322-0400 [DEBUG] [org.gradle.process.internal.health.memory.DefaultMemoryManager] 1684925644 physical memory requested, 0 released, 1159397376 free
2024-10-01T12:12:33.830-0400 [DEBUG] [org.gradle.cache.internal.DefaultFileLockManager] Waiting to acquire shared lock on daemon addresses registry.
2024-10-01T12:12:33.830-0400 [DEBUG] [org.gradle.cache.internal.DefaultFileLockManager] Lock acquired on daemon addresses registry.
2024-10-01T12:12:33.830-0400 [DEBUG] [org.gradle.cache.internal.DefaultFileLockManager] Releasing lock on daemon addresses registry.
2024-10-01T12:12:33.832-0400 [DEBUG] [org.gradle.cache.internal.DefaultFileLockManager] Waiting to acquire shared lock on daemon addresses registry.
2024-10-01T12:12:33.833-0400 [DEBUG] [org.gradle.cache.internal.DefaultFileLockManager] Lock acquired on daemon addresses registry.
2024-10-01T12:12:33.833-0400 [DEBUG] [org.gradle.cache.internal.DefaultFileLockManager] Releasing lock on daemon addresses registry.
2024-10-01T12:12:33.835-0400 [DEBUG] [org.gradle.cache.internal.DefaultFileLockManager] Waiting to acquire shared lock on daemon addresses registry.
2024-10-01T12:12:33.835-0400 [DEBUG] [org.gradle.cache.internal.DefaultFileLockManager] Lock acquired on daemon addresses registry.
2024-10-01T12:12:33.835-0400 [DEBUG] [org.gradle.cache.internal.DefaultFileLockManager] Releasing lock on daemon addresses registry.
2024-10-01T12:12:36.320-0400 [DEBUG] [org.gradle.process.internal.health.memory.DefaultMemoryManager] 1684925644 physical memory requested, 1128030208 free
2024-10-01T12:12:36.320-0400 [DEBUG] [org.gradle.workers.internal.WorkerDaemonExpiration] Will attempt to release 1606 of memory
2024-10-01T12:12:36.320-0400 [DEBUG] [org.gradle.process.internal.health.memory.DefaultMemoryManager] 1684925644 physical memory requested, 0 released, 1128030208 free
2024-10-01T12:12:41.321-0400 [DEBUG] [org.gradle.process.internal.health.memory.DefaultMemoryManager] 1684925644 physical memory requested, 1108312064 free
2024-10-01T12:12:41.322-0400 [DEBUG] [org.gradle.workers.internal.WorkerDaemonExpiration] Will attempt to release 1606 of memory
2024-10-01T12:12:41.322-0400 [DEBUG] [org.gradle.process.internal.health.memory.DefaultMemoryManager] 1684925644 physical memory requested, 0 released, 1108312064 free
2024-10-01T12:12:43.828-0400 [DEBUG] [org.gradle.cache.internal.DefaultFileLockManager] Waiting to acquire shared lock on daemon addresses registry.
2024-10-01T12:12:43.828-0400 [DEBUG] [org.gradle.cache.internal.DefaultFileLockManager] Lock acquired on daemon addresses registry.
2024-10-01T12:12:43.828-0400 [DEBUG] [org.gradle.cache.internal.DefaultFileLockManager] Releasing lock on daemon addresses registry.
2024-10-01T12:12:43.830-0400 [DEBUG] [org.gradle.cache.internal.DefaultFileLockManager] Waiting to acquire shared lock on daemon addresses registry.
2024-10-01T12:12:43.830-0400 [DEBUG] [org.gradle.cache.internal.DefaultFileLockManager] Lock acquired on daemon addresses registry.
2024-10-01T12:12:43.831-0400 [DEBUG] [org.gradle.cache.internal.DefaultFileLockManager] Releasing lock on daemon addresses registry.
2024-10-01T12:12:43.832-0400 [DEBUG] [org.gradle.cache.internal.DefaultFileLockManager] Waiting to acquire shared lock on daemon addresses registry.
2024-10-01T12:12:43.833-0400 [DEBUG] [org.gradle.cache.internal.DefaultFileLockManager] Lock acquired on daemon addresses registry.
2024-10-01T12:12:43.833-0400 [DEBUG] [org.gradle.cache.internal.DefaultFileLockManager] Releasing lock on daemon addresses registry.
2024-10-01T12:12:46.319-0400 [DEBUG] [org.gradle.process.internal.health.memory.DefaultMemoryManager] 1684925644 physical memory requested, 1106198528 free
2024-10-01T12:12:46.319-0400 [DEBUG] [org.gradle.workers.internal.WorkerDaemonExpiration] Will attempt to release 1606 of memory
2024-10-01T12:12:46.319-0400 [DEBUG] [org.gradle.process.internal.health.memory.DefaultMemoryManager] 1684925644 physical memory requested, 0 released, 1106198528 free
2024-10-01T12:12:51.322-0400 [DEBUG] [org.gradle.process.internal.health.memory.DefaultMemoryManager] 1684925644 physical memory requested, 1105354752 free
2024-10-01T12:12:51.322-0400 [DEBUG] [org.gradle.workers.internal.WorkerDaemonExpiration] Will attempt to release 1606 of memory
2024-10-01T12:12:51.322-0400 [DEBUG] [org.gradle.process.internal.health.memory.DefaultMemoryManager] 1684925644 physical memory requested, 0 released, 1105354752 free
2024-10-01T12:12:53.829-0400 [DEBUG] [org.gradle.cache.internal.DefaultFileLockManager] Waiting to acquire shared lock on daemon addresses registry.
2024-10-01T12:12:53.829-0400 [DEBUG] [org.gradle.cache.internal.DefaultFileLockManager] Lock acquired on daemon addresses registry.
2024-10-01T12:12:53.830-0400 [DEBUG] [org.gradle.cache.internal.DefaultFileLockManager] Releasing lock on daemon addresses registry.
2024-10-01T12:12:53.832-0400 [DEBUG] [org.gradle.cache.internal.DefaultFileLockManager] Waiting to acquire shared lock on daemon addresses registry.
2024-10-01T12:12:53.832-0400 [DEBUG] [org.gradle.cache.internal.DefaultFileLockManager] Lock acquired on daemon addresses registry.
2024-10-01T12:12:53.833-0400 [DEBUG] [org.gradle.cache.internal.DefaultFileLockManager] Releasing lock on daemon addresses registry.
2024-10-01T12:12:53.834-0400 [DEBUG] [org.gradle.cache.internal.DefaultFileLockManager] Waiting to acquire shared lock on daemon addresses registry.
2024-10-01T12:12:53.835-0400 [DEBUG] [org.gradle.cache.internal.DefaultFileLockManager] Lock acquired on daemon addresses registry.
2024-10-01T12:12:53.835-0400 [DEBUG] [org.gradle.cache.internal.DefaultFileLockManager] Releasing lock on daemon addresses registry.
2024-10-01T12:12:56.323-0400 [DEBUG] [org.gradle.process.internal.health.memory.DefaultMemoryManager] 1684925644 physical memory requested, 1107496960 free
2024-10-01T12:12:56.323-0400 [DEBUG] [org.gradle.workers.internal.WorkerDaemonExpiration] Will attempt to release 1606 of memory
2024-10-01T12:12:56.323-0400 [DEBUG] [org.gradle.process.internal.health.memory.DefaultMemoryManager] 1684925644 physical memory requested, 0 released, 1107496960 free
2024-10-01T12:13:01.321-0400 [DEBUG] [org.gradle.process.internal.health.memory.DefaultMemoryManager] 1684925644 physical memory requested, 1124732928 free
2024-10-01T12:13:01.322-0400 [DEBUG] [org.gradle.workers.internal.WorkerDaemonExpiration] Will attempt to release 1606 of memory
2024-10-01T12:13:01.322-0400 [DEBUG] [org.gradle.process.internal.health.memory.DefaultMemoryManager] 1684925644 physical memory requested, 0 released, 1124732928 free
2024-10-01T12:13:03.828-0400 [DEBUG] [org.gradle.cache.internal.DefaultFileLockManager] Waiting to acquire shared lock on daemon addresses registry.
2024-10-01T12:13:03.829-0400 [DEBUG] [org.gradle.cache.internal.DefaultFileLockManager] Lock acquired on daemon addresses registry.
2024-10-01T12:13:03.829-0400 [DEBUG] [org.gradle.cache.internal.DefaultFileLockManager] Releasing lock on daemon addresses registry.
2024-10-01T12:13:03.831-0400 [DEBUG] [org.gradle.cache.internal.DefaultFileLockManager] Waiting to acquire shared lock on daemon addresses registry.
2024-10-01T12:13:03.831-0400 [DEBUG] [org.gradle.cache.internal.DefaultFileLockManager] Lock acquired on daemon addresses registry.
2024-10-01T12:13:03.832-0400 [DEBUG] [org.gradle.cache.internal.DefaultFileLockManager] Releasing lock on daemon addresses registry.
2024-10-01T12:13:03.833-0400 [DEBUG] [org.gradle.cache.internal.DefaultFileLockManager] Waiting to acquire shared lock on daemon addresses registry.
2024-10-01T12:13:03.833-0400 [DEBUG] [org.gradle.cache.internal.DefaultFileLockManager] Lock acquired on daemon addresses registry.
2024-10-01T12:13:03.834-0400 [DEBUG] [org.gradle.cache.internal.DefaultFileLockManager] Releasing lock on daemon addresses registry.
2024-10-01T12:13:06.320-0400 [DEBUG] [org.gradle.process.internal.health.memory.DefaultMemoryManager] 1684925644 physical memory requested, 1105952768 free
2024-10-01T12:13:06.320-0400 [DEBUG] [org.gradle.workers.internal.WorkerDaemonExpiration] Will attempt to release 1606 of memory
2024-10-01T12:13:06.320-0400 [DEBUG] [org.gradle.process.internal.health.memory.DefaultMemoryManager] 1684925644 physical memory requested, 0 released, 1105952768 free
2024-10-01T12:13:11.321-0400 [DEBUG] [org.gradle.process.internal.health.memory.DefaultMemoryManager] 1684925644 physical memory requested, 1151836160 free
2024-10-01T12:13:11.321-0400 [DEBUG] [org.gradle.workers.internal.WorkerDaemonExpiration] Will attempt to release 1606 of memory
2024-10-01T12:13:11.321-0400 [DEBUG] [org.gradle.process.internal.health.memory.DefaultMemoryManager] 1684925644 physical memory requested, 0 released, 1151836160 free
2024-10-01T12:13:13.829-0400 [DEBUG] [org.gradle.cache.internal.DefaultFileLockManager] Waiting to acquire shared lock on daemon addresses registry.
2024-10-01T12:13:13.829-0400 [DEBUG] [org.gradle.cache.internal.DefaultFileLockManager] Lock acquired on daemon addresses registry.
2024-10-01T12:13:13.830-0400 [DEBUG] [org.gradle.cache.internal.DefaultFileLockManager] Releasing lock on daemon addresses registry.
2024-10-01T12:13:13.832-0400 [DEBUG] [org.gradle.cache.internal.DefaultFileLockManager] Waiting to acquire shared lock on daemon addresses registry.
2024-10-01T12:13:13.832-0400 [DEBUG] [org.gradle.cache.internal.DefaultFileLockManager] Lock acquired on daemon addresses registry.
2024-10-01T12:13:13.832-0400 [DEBUG] [org.gradle.cache.internal.DefaultFileLockManager] Releasing lock on daemon addresses registry.
2024-10-01T12:13:13.834-0400 [DEBUG] [org.gradle.cache.internal.DefaultFileLockManager] Waiting to acquire shared lock on daemon addresses registry.
2024-10-01T12:13:13.834-0400 [DEBUG] [org.gradle.cache.internal.DefaultFileLockManager] Lock acquired on daemon addresses registry.
2024-10-01T12:13:13.835-0400 [DEBUG] [org.gradle.cache.internal.DefaultFileLockManager] Releasing lock on daemon addresses registry.
2024-10-01T12:13:16.322-0400 [DEBUG] [org.gradle.process.internal.health.memory.DefaultMemoryManager] 1684925644 physical memory requested, 1181323264 free
2024-10-01T12:13:16.322-0400 [DEBUG] [org.gradle.workers.internal.WorkerDaemonExpiration] Will attempt to release 1606 of memory
2024-10-01T12:13:16.322-0400 [DEBUG] [org.gradle.process.internal.health.memory.DefaultMemoryManager] 1684925644 physical memory requested, 0 released, 1181323264 free
2024-10-01T12:13:21.320-0400 [DEBUG] [org.gradle.process.internal.health.memory.DefaultMemoryManager] 1684925644 physical memory requested, 1282203648 free
2024-10-01T12:13:21.321-0400 [DEBUG] [org.gradle.workers.internal.WorkerDaemonExpiration] Will attempt to release 1606 of memory
2024-10-01T12:13:21.321-0400 [DEBUG] [org.gradle.process.internal.health.memory.DefaultMemoryManager] 1684925644 physical memory requested, 0 released, 1282203648 free
2024-10-01T12:13:23.829-0400 [DEBUG] [org.gradle.cache.internal.DefaultFileLockManager] Waiting to acquire shared lock on daemon addresses registry.
2024-10-01T12:13:23.830-0400 [DEBUG] [org.gradle.cache.internal.DefaultFileLockManager] Lock acquired on daemon addresses registry.
2024-10-01T12:13:23.830-0400 [DEBUG] [org.gradle.cache.internal.DefaultFileLockManager] Releasing lock on daemon addresses registry.
2024-10-01T12:13:23.832-0400 [DEBUG] [org.gradle.cache.internal.DefaultFileLockManager] Waiting to acquire shared lock on daemon addresses registry.
2024-10-01T12:13:23.833-0400 [DEBUG] [org.gradle.cache.internal.DefaultFileLockManager] Lock acquired on daemon addresses registry.
2024-10-01T12:13:23.833-0400 [DEBUG] [org.gradle.cache.internal.DefaultFileLockManager] Releasing lock on daemon addresses registry.
2024-10-01T12:13:23.835-0400 [DEBUG] [org.gradle.cache.internal.DefaultFileLockManager] Waiting to acquire shared lock on daemon addresses registry.
2024-10-01T12:13:23.836-0400 [DEBUG] [org.gradle.cache.internal.DefaultFileLockManager] Lock acquired on daemon addresses registry.
2024-10-01T12:13:23.836-0400 [DEBUG] [org.gradle.cache.internal.DefaultFileLockManager] Releasing lock on daemon addresses registry.
2024-10-01T12:13:26.320-0400 [DEBUG] [org.gradle.process.internal.health.memory.DefaultMemoryManager] 1684925644 physical memory requested, 1266012160 free
2024-10-01T12:13:26.320-0400 [DEBUG] [org.gradle.workers.internal.WorkerDaemonExpiration] Will attempt to release 1606 of memory
2024-10-01T12:13:26.320-0400 [DEBUG] [org.gradle.process.internal.health.memory.DefaultMemoryManager] 1684925644 physical memory requested, 0 released, 1266012160 free
2024-10-01T12:13:31.320-0400 [DEBUG] [org.gradle.process.internal.health.memory.DefaultMemoryManager] 1684925644 physical memory requested, 1300774912 free
2024-10-01T12:13:31.321-0400 [DEBUG] [org.gradle.workers.internal.WorkerDaemonExpiration] Will attempt to release 1606 of memory
2024-10-01T12:13:31.321-0400 [DEBUG] [org.gradle.process.internal.health.memory.DefaultMemoryManager] 1684925644 physical memory requested, 0 released, 1300774912 free
2024-10-01T12:13:33.828-0400 [DEBUG] [org.gradle.cache.internal.DefaultFileLockManager] Waiting to acquire shared lock on daemon addresses registry.
2024-10-01T12:13:33.829-0400 [DEBUG] [org.gradle.cache.internal.DefaultFileLockManager] Lock acquired on daemon addresses registry.
2024-10-01T12:13:33.829-0400 [DEBUG] [org.gradle.cache.internal.DefaultFileLockManager] Releasing lock on daemon addresses registry.
2024-10-01T12:13:33.831-0400 [DEBUG] [org.gradle.cache.internal.DefaultFileLockManager] Waiting to acquire shared lock on daemon addresses registry.
2024-10-01T12:13:33.831-0400 [DEBUG] [org.gradle.cache.internal.DefaultFileLockManager] Lock acquired on daemon addresses registry.
2024-10-01T12:13:33.832-0400 [DEBUG] [org.gradle.cache.internal.DefaultFileLockManager] Releasing lock on daemon addresses registry.
2024-10-01T12:13:33.833-0400 [DEBUG] [org.gradle.cache.internal.DefaultFileLockManager] Waiting to acquire shared lock on daemon addresses registry.
2024-10-01T12:13:33.834-0400 [DEBUG] [org.gradle.cache.internal.DefaultFileLockManager] Lock acquired on daemon addresses registry.
2024-10-01T12:13:33.834-0400 [DEBUG] [org.gradle.cache.internal.DefaultFileLockManager] Releasing lock on daemon addresses registry.
2024-10-01T12:13:36.322-0400 [DEBUG] [org.gradle.process.internal.health.memory.DefaultMemoryManager] 1684925644 physical memory requested, 1304764416 free
2024-10-01T12:13:36.323-0400 [DEBUG] [org.gradle.workers.internal.WorkerDaemonExpiration] Will attempt to release 1606 of memory
2024-10-01T12:13:36.323-0400 [DEBUG] [org.gradle.process.internal.health.memory.DefaultMemoryManager] 1684925644 physical memory requested, 0 released, 1304764416 free
2024-10-01T12:13:41.321-0400 [DEBUG] [org.gradle.process.internal.health.memory.DefaultMemoryManager] 1684925644 physical memory requested, 1301098496 free
2024-10-01T12:13:41.321-0400 [DEBUG] [org.gradle.workers.internal.WorkerDaemonExpiration] Will attempt to release 1606 of memory
2024-10-01T12:13:41.321-0400 [DEBUG] [org.gradle.process.internal.health.memory.DefaultMemoryManager] 1684925644 physical memory requested, 0 released, 1301098496 free
2024-10-01T12:13:43.828-0400 [DEBUG] [org.gradle.cache.internal.DefaultFileLockManager] Waiting to acquire shared lock on daemon addresses registry.
2024-10-01T12:13:43.829-0400 [DEBUG] [org.gradle.cache.internal.DefaultFileLockManager] Lock acquired on daemon addresses registry.
2024-10-01T12:13:43.829-0400 [DEBUG] [org.gradle.cache.internal.DefaultFileLockManager] Releasing lock on daemon addresses registry.
2024-10-01T12:13:43.829-0400 [DEBUG] [org.gradle.cache.internal.DefaultFileLockManager] Waiting to acquire shared lock on daemon addresses registry.
2024-10-01T12:13:43.830-0400 [DEBUG] [org.gradle.cache.internal.DefaultFileLockManager] Lock acquired on daemon addresses registry.
2024-10-01T12:13:43.830-0400 [DEBUG] [org.gradle.cache.internal.DefaultFileLockManager] Releasing lock on daemon addresses registry.
2024-10-01T12:13:43.830-0400 [DEBUG] [org.gradle.cache.internal.DefaultFileLockManager] Waiting to acquire shared lock on daemon addresses registry.
2024-10-01T12:13:43.830-0400 [DEBUG] [org.gradle.cache.internal.DefaultFileLockManager] Lock acquired on daemon addresses registry.
2024-10-01T12:13:43.830-0400 [DEBUG] [org.gradle.cache.internal.DefaultFileLockManager] Releasing lock on daemon addresses registry.
2024-10-01T12:13:46.318-0400 [DEBUG] [org.gradle.process.internal.health.memory.DefaultMemoryManager] 1684925644 physical memory requested, 1281093632 free
2024-10-01T12:13:46.318-0400 [DEBUG] [org.gradle.workers.internal.WorkerDaemonExpiration] Will attempt to release 1606 of memory
2024-10-01T12:13:46.318-0400 [DEBUG] [org.gradle.process.internal.health.memory.DefaultMemoryManager] 1684925644 physical memory requested, 0 released, 1281093632 free
2024-10-01T12:13:51.318-0400 [DEBUG] [org.gradle.process.internal.health.memory.DefaultMemoryManager] 1684925644 physical memory requested, 1274683392 free
2024-10-01T12:13:51.318-0400 [DEBUG] [org.gradle.workers.internal.WorkerDaemonExpiration] Will attempt to release 1606 of memory
2024-10-01T12:13:51.318-0400 [DEBUG] [org.gradle.process.internal.health.memory.DefaultMemoryManager] 1684925644 physical memory requested, 0 released, 1274683392 free
2024-10-01T12:13:53.828-0400 [DEBUG] [org.gradle.cache.internal.DefaultFileLockManager] Waiting to acquire shared lock on daemon addresses registry.
2024-10-01T12:13:53.828-0400 [DEBUG] [org.gradle.cache.internal.DefaultFileLockManager] Lock acquired on daemon addresses registry.
2024-10-01T12:13:53.828-0400 [DEBUG] [org.gradle.cache.internal.DefaultFileLockManager] Releasing lock on daemon addresses registry.
2024-10-01T12:13:53.829-0400 [DEBUG] [org.gradle.cache.internal.DefaultFileLockManager] Waiting to acquire shared lock on daemon addresses registry.
2024-10-01T12:13:53.829-0400 [DEBUG] [org.gradle.cache.internal.DefaultFileLockManager] Lock acquired on daemon addresses registry.
2024-10-01T12:13:53.829-0400 [DEBUG] [org.gradle.cache.internal.DefaultFileLockManager] Releasing lock on daemon addresses registry.
2024-10-01T12:13:53.830-0400 [DEBUG] [org.gradle.cache.internal.DefaultFileLockManager] Waiting to acquire shared lock on daemon addresses registry.
2024-10-01T12:13:53.830-0400 [DEBUG] [org.gradle.cache.internal.DefaultFileLockManager] Lock acquired on daemon addresses registry.
2024-10-01T12:13:53.830-0400 [DEBUG] [org.gradle.cache.internal.DefaultFileLockManager] Releasing lock on daemon addresses registry.
2024-10-01T12:13:56.324-0400 [DEBUG] [org.gradle.process.internal.health.memory.DefaultMemoryManager] 1684925644 physical memory requested, 1254182912 free
2024-10-01T12:13:56.324-0400 [DEBUG] [org.gradle.workers.internal.WorkerDaemonExpiration] Will attempt to release 1606 of memory
2024-10-01T12:13:56.324-0400 [DEBUG] [org.gradle.process.internal.health.memory.DefaultMemoryManager] 1684925644 physical memory requested, 0 released, 1254182912 free
2024-10-01T12:14:01.320-0400 [DEBUG] [org.gradle.process.internal.health.memory.DefaultMemoryManager] 1684925644 physical memory requested, 1279692800 free
2024-10-01T12:14:01.320-0400 [DEBUG] [org.gradle.workers.internal.WorkerDaemonExpiration] Will attempt to release 1606 of memory
2024-10-01T12:14:01.320-0400 [DEBUG] [org.gradle.process.internal.health.memory.DefaultMemoryManager] 1684925644 physical memory requested, 0 released, 1279692800 free
2024-10-01T12:14:03.829-0400 [DEBUG] [org.gradle.cache.internal.DefaultFileLockManager] Waiting to acquire shared lock on daemon addresses registry.
2024-10-01T12:14:03.829-0400 [DEBUG] [org.gradle.cache.internal.DefaultFileLockManager] Lock acquired on daemon addresses registry.
2024-10-01T12:14:03.829-0400 [DEBUG] [org.gradle.cache.internal.DefaultFileLockManager] Releasing lock on daemon addresses registry.
2024-10-01T12:14:03.831-0400 [DEBUG] [org.gradle.cache.internal.DefaultFileLockManager] Waiting to acquire shared lock on daemon addresses registry.
2024-10-01T12:14:03.832-0400 [DEBUG] [org.gradle.cache.internal.DefaultFileLockManager] Lock acquired on daemon addresses registry.
2024-10-01T12:14:03.832-0400 [DEBUG] [org.gradle.cache.internal.DefaultFileLockManager] Releasing lock on daemon addresses registry.
2024-10-01T12:14:03.834-0400 [DEBUG] [org.gradle.cache.internal.DefaultFileLockManager] Waiting to acquire shared lock on daemon addresses registry.
2024-10-01T12:14:03.834-0400 [DEBUG] [org.gradle.cache.internal.DefaultFileLockManager] Lock acquired on daemon addresses registry.
2024-10-01T12:14:03.834-0400 [DEBUG] [org.gradle.cache.internal.DefaultFileLockManager] Releasing lock on daemon addresses registry.
2024-10-01T12:14:06.320-0400 [DEBUG] [org.gradle.process.internal.health.memory.DefaultMemoryManager] 1684925644 physical memory requested, 1269043200 free
2024-10-01T12:14:06.321-0400 [DEBUG] [org.gradle.workers.internal.WorkerDaemonExpiration] Will attempt to release 1606 of memory
2024-10-01T12:14:06.321-0400 [DEBUG] [org.gradle.process.internal.health.memory.DefaultMemoryManager] 1684925644 physical memory requested, 0 released, 1269043200 free
2024-10-01T12:14:11.318-0400 [DEBUG] [org.gradle.process.internal.health.memory.DefaultMemoryManager] 1684925644 physical memory requested, 1282232320 free
2024-10-01T12:14:11.318-0400 [DEBUG] [org.gradle.workers.internal.WorkerDaemonExpiration] Will attempt to release 1606 of memory
2024-10-01T12:14:11.318-0400 [DEBUG] [org.gradle.process.internal.health.memory.DefaultMemoryManager] 1684925644 physical memory requested, 0 released, 1282232320 free
2024-10-01T12:14:13.829-0400 [DEBUG] [org.gradle.cache.internal.DefaultFileLockManager] Waiting to acquire shared lock on daemon addresses registry.
2024-10-01T12:14:13.830-0400 [DEBUG] [org.gradle.cache.internal.DefaultFileLockManager] Lock acquired on daemon addresses registry.
2024-10-01T12:14:13.830-0400 [DEBUG] [org.gradle.cache.internal.DefaultFileLockManager] Releasing lock on daemon addresses registry.
2024-10-01T12:14:13.831-0400 [DEBUG] [org.gradle.cache.internal.DefaultFileLockManager] Waiting to acquire shared lock on daemon addresses registry.
2024-10-01T12:14:13.831-0400 [DEBUG] [org.gradle.cache.internal.DefaultFileLockManager] Lock acquired on daemon addresses registry.
2024-10-01T12:14:13.831-0400 [DEBUG] [org.gradle.cache.internal.DefaultFileLockManager] Releasing lock on daemon addresses registry.
2024-10-01T12:14:13.832-0400 [DEBUG] [org.gradle.cache.internal.DefaultFileLockManager] Waiting to acquire shared lock on daemon addresses registry.
2024-10-01T12:14:13.832-0400 [DEBUG] [org.gradle.cache.internal.DefaultFileLockManager] Lock acquired on daemon addresses registry.
2024-10-01T12:14:13.832-0400 [DEBUG] [org.gradle.cache.internal.DefaultFileLockManager] Releasing lock on daemon addresses registry.
2024-10-01T12:14:16.320-0400 [DEBUG] [org.gradle.process.internal.health.memory.DefaultMemoryManager] 1684925644 physical memory requested, 1291399168 free
2024-10-01T12:14:16.320-0400 [DEBUG] [org.gradle.workers.internal.WorkerDaemonExpiration] Will attempt to release 1606 of memory
2024-10-01T12:14:16.320-0400 [DEBUG] [org.gradle.process.internal.health.memory.DefaultMemoryManager] 1684925644 physical memory requested, 0 released, 1291399168 free
2024-10-01T12:14:21.322-0400 [DEBUG] [org.gradle.process.internal.health.memory.DefaultMemoryManager] 1684925644 physical memory requested, 1300725760 free
2024-10-01T12:14:21.322-0400 [DEBUG] [org.gradle.workers.internal.WorkerDaemonExpiration] Will attempt to release 1606 of memory
2024-10-01T12:14:21.322-0400 [DEBUG] [org.gradle.process.internal.health.memory.DefaultMemoryManager] 1684925644 physical memory requested, 0 released, 1300725760 free
2024-10-01T12:14:23.828-0400 [DEBUG] [org.gradle.cache.internal.DefaultFileLockManager] Waiting to acquire shared lock on daemon addresses registry.
2024-10-01T12:14:23.828-0400 [DEBUG] [org.gradle.cache.internal.DefaultFileLockManager] Lock acquired on daemon addresses registry.
2024-10-01T12:14:23.828-0400 [DEBUG] [org.gradle.cache.internal.DefaultFileLockManager] Releasing lock on daemon addresses registry.
2024-10-01T12:14:23.830-0400 [DEBUG] [org.gradle.cache.internal.DefaultFileLockManager] Waiting to acquire shared lock on daemon addresses registry.
2024-10-01T12:14:23.831-0400 [DEBUG] [org.gradle.cache.internal.DefaultFileLockManager] Lock acquired on daemon addresses registry.
2024-10-01T12:14:23.831-0400 [DEBUG] [org.gradle.cache.internal.DefaultFileLockManager] Releasing lock on daemon addresses registry.
2024-10-01T12:14:23.833-0400 [DEBUG] [org.gradle.cache.internal.DefaultFileLockManager] Waiting to acquire shared lock on daemon addresses registry.
2024-10-01T12:14:23.833-0400 [DEBUG] [org.gradle.cache.internal.DefaultFileLockManager] Lock acquired on daemon addresses registry.
2024-10-01T12:14:23.834-0400 [DEBUG] [org.gradle.cache.internal.DefaultFileLockManager] Releasing lock on daemon addresses registry.
2024-10-01T12:14:26.337-0400 [DEBUG] [org.gradle.process.internal.health.memory.DefaultMemoryManager] 1684925644 physical memory requested, 1279848448 free
2024-10-01T12:14:26.337-0400 [DEBUG] [org.gradle.workers.internal.WorkerDaemonExpiration] Will attempt to release 1606 of memory
2024-10-01T12:14:26.337-0400 [DEBUG] [org.gradle.process.internal.health.memory.DefaultMemoryManager] 1684925644 physical memory requested, 0 released, 1279848448 free
2024-10-01T12:14:31.321-0400 [DEBUG] [org.gradle.process.internal.health.memory.DefaultMemoryManager] 1684925644 physical memory requested, 1246425088 free
2024-10-01T12:14:31.321-0400 [DEBUG] [org.gradle.workers.internal.WorkerDaemonExpiration] Will attempt to release 1606 of memory
2024-10-01T12:14:31.321-0400 [DEBUG] [org.gradle.process.internal.health.memory.DefaultMemoryManager] 1684925644 physical memory requested, 0 released, 1246425088 free
2024-10-01T12:14:33.831-0400 [DEBUG] [org.gradle.cache.internal.DefaultFileLockManager] Waiting to acquire shared lock on daemon addresses registry.
2024-10-01T12:14:33.831-0400 [DEBUG] [org.gradle.cache.internal.DefaultFileLockManager] Lock acquired on daemon addresses registry.
2024-10-01T12:14:33.831-0400 [DEBUG] [org.gradle.cache.internal.DefaultFileLockManager] Releasing lock on daemon addresses registry.
2024-10-01T12:14:33.832-0400 [DEBUG] [org.gradle.cache.internal.DefaultFileLockManager] Waiting to acquire shared lock on daemon addresses registry.
2024-10-01T12:14:33.832-0400 [DEBUG] [org.gradle.cache.internal.DefaultFileLockManager] Lock acquired on daemon addresses registry.
2024-10-01T12:14:33.832-0400 [DEBUG] [org.gradle.cache.internal.DefaultFileLockManager] Releasing lock on daemon addresses registry.
2024-10-01T12:14:33.833-0400 [DEBUG] [org.gradle.cache.internal.DefaultFileLockManager] Waiting to acquire shared lock on daemon addresses registry.
2024-10-01T12:14:33.833-0400 [DEBUG] [org.gradle.cache.internal.DefaultFileLockManager] Lock acquired on daemon addresses registry.
2024-10-01T12:14:33.834-0400 [DEBUG] [org.gradle.cache.internal.DefaultFileLockManager] Releasing lock on daemon addresses registry.
2024-10-01T12:14:36.322-0400 [DEBUG] [org.gradle.process.internal.health.memory.DefaultMemoryManager] 1684925644 physical memory requested, 1202446336 free
2024-10-01T12:14:36.322-0400 [DEBUG] [org.gradle.workers.internal.WorkerDaemonExpiration] Will attempt to release 1606 of memory
2024-10-01T12:14:36.323-0400 [DEBUG] [org.gradle.process.internal.health.memory.DefaultMemoryManager] 1684925644 physical memory requested, 0 released, 1202446336 free
2024-10-01T12:14:41.321-0400 [DEBUG] [org.gradle.process.internal.health.memory.DefaultMemoryManager] 1684925644 physical memory requested, 1030094848 free
2024-10-01T12:14:41.321-0400 [DEBUG] [org.gradle.workers.internal.WorkerDaemonExpiration] Will attempt to release 1606 of memory
2024-10-01T12:14:41.321-0400 [DEBUG] [org.gradle.process.internal.health.memory.DefaultMemoryManager] 1684925644 physical memory requested, 0 released, 1030094848 free
2024-10-01T12:14:43.830-0400 [DEBUG] [org.gradle.cache.internal.DefaultFileLockManager] Waiting to acquire shared lock on daemon addresses registry.
2024-10-01T12:14:43.830-0400 [DEBUG] [org.gradle.cache.internal.DefaultFileLockManager] Lock acquired on daemon addresses registry.
2024-10-01T12:14:43.830-0400 [DEBUG] [org.gradle.cache.internal.DefaultFileLockManager] Releasing lock on daemon addresses registry.
2024-10-01T12:14:43.833-0400 [DEBUG] [org.gradle.cache.internal.DefaultFileLockManager] Waiting to acquire shared lock on daemon addresses registry.
2024-10-01T12:14:43.833-0400 [DEBUG] [org.gradle.cache.internal.DefaultFileLockManager] Lock acquired on daemon addresses registry.
2024-10-01T12:14:43.834-0400 [DEBUG] [org.gradle.cache.internal.DefaultFileLockManager] Releasing lock on daemon addresses registry.
2024-10-01T12:14:43.835-0400 [DEBUG] [org.gradle.cache.internal.DefaultFileLockManager] Waiting to acquire shared lock on daemon addresses registry.
2024-10-01T12:14:43.836-0400 [DEBUG] [org.gradle.cache.internal.DefaultFileLockManager] Lock acquired on daemon addresses registry.
2024-10-01T12:14:43.836-0400 [DEBUG] [org.gradle.cache.internal.DefaultFileLockManager] Releasing lock on daemon addresses registry.
2024-10-01T12:14:46.321-0400 [DEBUG] [org.gradle.process.internal.health.memory.DefaultMemoryManager] 1684925644 physical memory requested, 952651776 free
2024-10-01T12:14:46.321-0400 [DEBUG] [org.gradle.workers.internal.WorkerDaemonExpiration] Will attempt to release 1606 of memory
2024-10-01T12:14:46.321-0400 [DEBUG] [org.gradle.process.internal.health.memory.DefaultMemoryManager] 1684925644 physical memory requested, 0 released, 952651776 free
2024-10-01T12:14:51.330-0400 [DEBUG] [org.gradle.process.internal.health.memory.DefaultMemoryManager] 1684925644 physical memory requested, 1482776576 free
2024-10-01T12:14:51.331-0400 [DEBUG] [org.gradle.workers.internal.WorkerDaemonExpiration] Will attempt to release 1606 of memory
2024-10-01T12:14:51.331-0400 [DEBUG] [org.gradle.process.internal.health.memory.DefaultMemoryManager] 1684925644 physical memory requested, 0 released, 1482776576 free
2024-10-01T12:14:53.830-0400 [DEBUG] [org.gradle.cache.internal.DefaultFileLockManager] Waiting to acquire shared lock on daemon addresses registry.
2024-10-01T12:14:53.830-0400 [DEBUG] [org.gradle.cache.internal.DefaultFileLockManager] Lock acquired on daemon addresses registry.
2024-10-01T12:14:53.830-0400 [DEBUG] [org.gradle.cache.internal.DefaultFileLockManager] Releasing lock on daemon addresses registry.
2024-10-01T12:14:53.832-0400 [DEBUG] [org.gradle.cache.internal.DefaultFileLockManager] Waiting to acquire shared lock on daemon addresses registry.
2024-10-01T12:14:53.832-0400 [DEBUG] [org.gradle.cache.internal.DefaultFileLockManager] Lock acquired on daemon addresses registry.
2024-10-01T12:14:53.832-0400 [DEBUG] [org.gradle.cache.internal.DefaultFileLockManager] Releasing lock on daemon addresses registry.
2024-10-01T12:14:53.833-0400 [DEBUG] [org.gradle.cache.internal.DefaultFileLockManager] Waiting to acquire shared lock on daemon addresses registry.
2024-10-01T12:14:53.833-0400 [DEBUG] [org.gradle.cache.internal.DefaultFileLockManager] Lock acquired on daemon addresses registry.
2024-10-01T12:14:53.833-0400 [DEBUG] [org.gradle.cache.internal.DefaultFileLockManager] Releasing lock on daemon addresses registry.
2024-10-01T12:15:03.868-0400 [DEBUG] [org.gradle.cache.internal.DefaultFileLockManager] Waiting to acquire shared lock on daemon addresses registry.
2024-10-01T12:15:03.870-0400 [DEBUG] [org.gradle.cache.internal.DefaultFileLockManager] Lock acquired on daemon addresses registry.
2024-10-01T12:15:03.878-0400 [DEBUG] [org.gradle.cache.internal.DefaultFileLockManager] Releasing lock on daemon addresses registry.
2024-10-01T12:15:03.888-0400 [DEBUG] [org.gradle.cache.internal.DefaultFileLockManager] Waiting to acquire shared lock on daemon addresses registry.
2024-10-01T12:15:03.888-0400 [DEBUG] [org.gradle.cache.internal.DefaultFileLockManager] Lock acquired on daemon addresses registry.
2024-10-01T12:15:03.889-0400 [DEBUG] [org.gradle.cache.internal.DefaultFileLockManager] Releasing lock on daemon addresses registry.
2024-10-01T12:15:03.891-0400 [DEBUG] [org.gradle.cache.internal.DefaultFileLockManager] Waiting to acquire shared lock on daemon addresses registry.
2024-10-01T12:15:03.892-0400 [DEBUG] [org.gradle.cache.internal.DefaultFileLockManager] Lock acquired on daemon addresses registry.
2024-10-01T12:15:03.893-0400 [DEBUG] [org.gradle.cache.internal.DefaultFileLockManager] Releasing lock on daemon addresses registry.
2024-10-01T12:15:06.322-0400 [DEBUG] [org.gradle.process.internal.health.memory.DefaultMemoryManager] 1684925644 physical memory requested, 1646981120 free
2024-10-01T12:15:06.322-0400 [DEBUG] [org.gradle.workers.internal.WorkerDaemonExpiration] Will attempt to release 1606 of memory
2024-10-01T12:15:06.322-0400 [DEBUG] [org.gradle.process.internal.health.memory.DefaultMemoryManager] 1684925644 physical memory requested, 0 released, 1646981120 free
2024-10-01T12:15:13.830-0400 [DEBUG] [org.gradle.cache.internal.DefaultFileLockManager] Waiting to acquire shared lock on daemon addresses registry.
2024-10-01T12:15:13.830-0400 [DEBUG] [org.gradle.cache.internal.DefaultFileLockManager] Lock acquired on daemon addresses registry.
2024-10-01T12:15:13.831-0400 [DEBUG] [org.gradle.cache.internal.DefaultFileLockManager] Releasing lock on daemon addresses registry.
2024-10-01T12:15:13.833-0400 [DEBUG] [org.gradle.cache.internal.DefaultFileLockManager] Waiting to acquire shared lock on daemon addresses registry.
2024-10-01T12:15:13.834-0400 [DEBUG] [org.gradle.cache.internal.DefaultFileLockManager] Lock acquired on daemon addresses registry.
2024-10-01T12:15:13.834-0400 [DEBUG] [org.gradle.cache.internal.DefaultFileLockManager] Releasing lock on daemon addresses registry.
2024-10-01T12:15:13.836-0400 [DEBUG] [org.gradle.cache.internal.DefaultFileLockManager] Waiting to acquire shared lock on daemon addresses registry.
2024-10-01T12:15:13.837-0400 [DEBUG] [org.gradle.cache.internal.DefaultFileLockManager] Lock acquired on daemon addresses registry.
2024-10-01T12:15:13.837-0400 [DEBUG] [org.gradle.cache.internal.DefaultFileLockManager] Releasing lock on daemon addresses registry.
2024-10-01T12:15:21.323-0400 [DEBUG] [org.gradle.process.internal.health.memory.DefaultMemoryManager] 1684925644 physical memory requested, 1658839040 free
2024-10-01T12:15:21.323-0400 [DEBUG] [org.gradle.workers.internal.WorkerDaemonExpiration] Will attempt to release 1606 of memory
2024-10-01T12:15:21.323-0400 [DEBUG] [org.gradle.process.internal.health.memory.DefaultMemoryManager] 1684925644 physical memory requested, 0 released, 1658839040 free
2024-10-01T12:15:23.829-0400 [DEBUG] [org.gradle.cache.internal.DefaultFileLockManager] Waiting to acquire shared lock on daemon addresses registry.
2024-10-01T12:15:23.830-0400 [DEBUG] [org.gradle.cache.internal.DefaultFileLockManager] Lock acquired on daemon addresses registry.
2024-10-01T12:15:23.830-0400 [DEBUG] [org.gradle.cache.internal.DefaultFileLockManager] Releasing lock on daemon addresses registry.
2024-10-01T12:15:23.832-0400 [DEBUG] [org.gradle.cache.internal.DefaultFileLockManager] Waiting to acquire shared lock on daemon addresses registry.
2024-10-01T12:15:23.832-0400 [DEBUG] [org.gradle.cache.internal.DefaultFileLockManager] Lock acquired on daemon addresses registry.
2024-10-01T12:15:23.833-0400 [DEBUG] [org.gradle.cache.internal.DefaultFileLockManager] Releasing lock on daemon addresses registry.
2024-10-01T12:15:23.834-0400 [DEBUG] [org.gradle.cache.internal.DefaultFileLockManager] Waiting to acquire shared lock on daemon addresses registry.
2024-10-01T12:15:23.834-0400 [DEBUG] [org.gradle.cache.internal.DefaultFileLockManager] Lock acquired on daemon addresses registry.
2024-10-01T12:15:23.835-0400 [DEBUG] [org.gradle.cache.internal.DefaultFileLockManager] Releasing lock on daemon addresses registry.
2024-10-01T12:15:26.321-0400 [DEBUG] [org.gradle.process.internal.health.memory.DefaultMemoryManager] 1684925644 physical memory requested, 1497718784 free
2024-10-01T12:15:26.321-0400 [DEBUG] [org.gradle.workers.internal.WorkerDaemonExpiration] Will attempt to release 1606 of memory
2024-10-01T12:15:26.321-0400 [DEBUG] [org.gradle.process.internal.health.memory.DefaultMemoryManager] 1684925644 physical memory requested, 0 released, 1497718784 free
2024-10-01T12:15:31.321-0400 [DEBUG] [org.gradle.process.internal.health.memory.DefaultMemoryManager] 1684925644 physical memory requested, 1527226368 free
2024-10-01T12:15:31.321-0400 [DEBUG] [org.gradle.workers.internal.WorkerDaemonExpiration] Will attempt to release 1606 of memory
2024-10-01T12:15:31.321-0400 [DEBUG] [org.gradle.process.internal.health.memory.DefaultMemoryManager] 1684925644 physical memory requested, 0 released, 1527226368 free
2024-10-01T12:15:33.828-0400 [DEBUG] [org.gradle.cache.internal.DefaultFileLockManager] Waiting to acquire shared lock on daemon addresses registry.
2024-10-01T12:15:33.829-0400 [DEBUG] [org.gradle.cache.internal.DefaultFileLockManager] Lock acquired on daemon addresses registry.
2024-10-01T12:15:33.829-0400 [DEBUG] [org.gradle.cache.internal.DefaultFileLockManager] Releasing lock on daemon addresses registry.
2024-10-01T12:15:33.831-0400 [DEBUG] [org.gradle.cache.internal.DefaultFileLockManager] Waiting to acquire shared lock on daemon addresses registry.
2024-10-01T12:15:33.831-0400 [DEBUG] [org.gradle.cache.internal.DefaultFileLockManager] Lock acquired on daemon addresses registry.
2024-10-01T12:15:33.832-0400 [DEBUG] [org.gradle.cache.internal.DefaultFileLockManager] Releasing lock on daemon addresses registry.
2024-10-01T12:15:33.833-0400 [DEBUG] [org.gradle.cache.internal.DefaultFileLockManager] Waiting to acquire shared lock on daemon addresses registry.
2024-10-01T12:15:33.834-0400 [DEBUG] [org.gradle.cache.internal.DefaultFileLockManager] Lock acquired on daemon addresses registry.
2024-10-01T12:15:33.834-0400 [DEBUG] [org.gradle.cache.internal.DefaultFileLockManager] Releasing lock on daemon addresses registry.
2024-10-01T12:15:36.322-0400 [DEBUG] [org.gradle.process.internal.health.memory.DefaultMemoryManager] 1684925644 physical memory requested, 1494503424 free
2024-10-01T12:15:36.322-0400 [DEBUG] [org.gradle.workers.internal.WorkerDaemonExpiration] Will attempt to release 1606 of memory
2024-10-01T12:15:36.322-0400 [DEBUG] [org.gradle.process.internal.health.memory.DefaultMemoryManager] 1684925644 physical memory requested, 0 released, 1494503424 free
2024-10-01T12:15:41.324-0400 [DEBUG] [org.gradle.process.internal.health.memory.DefaultMemoryManager] 1684925644 physical memory requested, 1502339072 free
2024-10-01T12:15:41.324-0400 [DEBUG] [org.gradle.workers.internal.WorkerDaemonExpiration] Will attempt to release 1606 of memory
2024-10-01T12:15:41.324-0400 [DEBUG] [org.gradle.process.internal.health.memory.DefaultMemoryManager] 1684925644 physical memory requested, 0 released, 1502339072 free
2024-10-01T12:15:43.829-0400 [DEBUG] [org.gradle.cache.internal.DefaultFileLockManager] Waiting to acquire shared lock on daemon addresses registry.
2024-10-01T12:15:43.830-0400 [DEBUG] [org.gradle.cache.internal.DefaultFileLockManager] Lock acquired on daemon addresses registry.
2024-10-01T12:15:43.830-0400 [DEBUG] [org.gradle.cache.internal.DefaultFileLockManager] Releasing lock on daemon addresses registry.
2024-10-01T12:15:43.833-0400 [DEBUG] [org.gradle.cache.internal.DefaultFileLockManager] Waiting to acquire shared lock on daemon addresses registry.
2024-10-01T12:15:43.834-0400 [DEBUG] [org.gradle.cache.internal.DefaultFileLockManager] Lock acquired on daemon addresses registry.
2024-10-01T12:15:43.834-0400 [DEBUG] [org.gradle.cache.internal.DefaultFileLockManager] Releasing lock on daemon addresses registry.
2024-10-01T12:15:43.838-0400 [DEBUG] [org.gradle.cache.internal.DefaultFileLockManager] Waiting to acquire shared lock on daemon addresses registry.
2024-10-01T12:15:43.838-0400 [DEBUG] [org.gradle.cache.internal.DefaultFileLockManager] Lock acquired on daemon addresses registry.
2024-10-01T12:15:43.839-0400 [DEBUG] [org.gradle.cache.internal.DefaultFileLockManager] Releasing lock on daemon addresses registry.
2024-10-01T12:15:46.322-0400 [DEBUG] [org.gradle.process.internal.health.memory.DefaultMemoryManager] 1684925644 physical memory requested, 1486438400 free
2024-10-01T12:15:46.322-0400 [DEBUG] [org.gradle.workers.internal.WorkerDaemonExpiration] Will attempt to release 1606 of memory
2024-10-01T12:15:46.322-0400 [DEBUG] [org.gradle.process.internal.health.memory.DefaultMemoryManager] 1684925644 physical memory requested, 0 released, 1486438400 free
2024-10-01T12:15:51.322-0400 [DEBUG] [org.gradle.process.internal.health.memory.DefaultMemoryManager] 1684925644 physical memory requested, 1539424256 free
2024-10-01T12:15:51.323-0400 [DEBUG] [org.gradle.workers.internal.WorkerDaemonExpiration] Will attempt to release 1606 of memory
2024-10-01T12:15:51.323-0400 [DEBUG] [org.gradle.process.internal.health.memory.DefaultMemoryManager] 1684925644 physical memory requested, 0 released, 1539424256 free
2024-10-01T12:15:53.357-0400 [DEBUG] [sun.rmi.transport.tcp] RMI TCP Connection(11)-127.0.0.1: accepted socket from [127.0.0.1:60716]
2024-10-01T12:15:53.360-0400 [DEBUG] [sun.rmi.transport.tcp] RMI TCP Connection(11)-127.0.0.1: (port 63653) op = 80
2024-10-01T12:15:53.361-0400 [DEBUG] [sun.rmi.loader] RMI TCP Connection(11)-127.0.0.1: name = "[Ljava.rmi.server.ObjID;", codebase = "", defaultLoader = jdk.internal.loader.ClassLoaders$PlatformClassLoader@4b80dbe7
2024-10-01T12:15:53.361-0400 [DEBUG] [sun.rmi.loader] RMI TCP Connection(11)-127.0.0.1: name = "java.rmi.dgc.Lease", codebase = "", defaultLoader = jdk.internal.loader.ClassLoaders$PlatformClassLoader@4b80dbe7
2024-10-01T12:15:53.361-0400 [DEBUG] [sun.rmi.loader] RMI TCP Connection(11)-127.0.0.1: name = "java.rmi.dgc.VMID", codebase = "", defaultLoader = jdk.internal.loader.ClassLoaders$PlatformClassLoader@4b80dbe7
2024-10-01T12:15:53.361-0400 [DEBUG] [sun.rmi.loader] RMI TCP Connection(11)-127.0.0.1: name = "[B", codebase = "", defaultLoader = jdk.internal.loader.ClassLoaders$PlatformClassLoader@4b80dbe7
2024-10-01T12:15:53.362-0400 [DEBUG] [sun.rmi.loader] RMI TCP Connection(11)-127.0.0.1: name = "java.rmi.server.UID", codebase = "", defaultLoader = jdk.internal.loader.ClassLoaders$PlatformClassLoader@4b80dbe7
2024-10-01T12:15:53.828-0400 [DEBUG] [org.gradle.cache.internal.DefaultFileLockManager] Waiting to acquire shared lock on daemon addresses registry.
2024-10-01T12:15:53.829-0400 [DEBUG] [org.gradle.cache.internal.DefaultFileLockManager] Lock acquired on daemon addresses registry.
2024-10-01T12:15:53.829-0400 [DEBUG] [org.gradle.cache.internal.DefaultFileLockManager] Releasing lock on daemon addresses registry.
2024-10-01T12:15:53.831-0400 [DEBUG] [org.gradle.cache.internal.DefaultFileLockManager] Waiting to acquire shared lock on daemon addresses registry.
2024-10-01T12:15:53.831-0400 [DEBUG] [org.gradle.cache.internal.DefaultFileLockManager] Lock acquired on daemon addresses registry.
2024-10-01T12:15:53.831-0400 [DEBUG] [org.gradle.cache.internal.DefaultFileLockManager] Releasing lock on daemon addresses registry.
2024-10-01T12:15:53.833-0400 [DEBUG] [org.gradle.cache.internal.DefaultFileLockManager] Waiting to acquire shared lock on daemon addresses registry.
2024-10-01T12:15:53.833-0400 [DEBUG] [org.gradle.cache.internal.DefaultFileLockManager] Lock acquired on daemon addresses registry.
2024-10-01T12:15:53.833-0400 [DEBUG] [org.gradle.cache.internal.DefaultFileLockManager] Releasing lock on daemon addresses registry.
2024-10-01T12:15:56.322-0400 [DEBUG] [org.gradle.process.internal.health.memory.DefaultMemoryManager] 1684925644 physical memory requested, 1542094848 free
2024-10-01T12:15:56.322-0400 [DEBUG] [org.gradle.workers.internal.WorkerDaemonExpiration] Will attempt to release 1606 of memory
2024-10-01T12:15:56.323-0400 [DEBUG] [org.gradle.process.internal.health.memory.DefaultMemoryManager] 1684925644 physical memory requested, 0 released, 1542094848 free
2024-10-01T12:16:01.321-0400 [DEBUG] [org.gradle.process.internal.health.memory.DefaultMemoryManager] 1684925644 physical memory requested, 1587900416 free
2024-10-01T12:16:01.321-0400 [DEBUG] [org.gradle.workers.internal.WorkerDaemonExpiration] Will attempt to release 1606 of memory
2024-10-01T12:16:01.321-0400 [DEBUG] [org.gradle.process.internal.health.memory.DefaultMemoryManager] 1684925644 physical memory requested, 0 released, 1587900416 free
2024-10-01T12:16:03.828-0400 [DEBUG] [org.gradle.cache.internal.DefaultFileLockManager] Waiting to acquire shared lock on daemon addresses registry.
2024-10-01T12:16:03.829-0400 [DEBUG] [org.gradle.cache.internal.DefaultFileLockManager] Lock acquired on daemon addresses registry.
2024-10-01T12:16:03.829-0400 [DEBUG] [org.gradle.cache.internal.DefaultFileLockManager] Releasing lock on daemon addresses registry.
2024-10-01T12:16:03.831-0400 [DEBUG] [org.gradle.cache.internal.DefaultFileLockManager] Waiting to acquire shared lock on daemon addresses registry.
2024-10-01T12:16:03.831-0400 [DEBUG] [org.gradle.cache.internal.DefaultFileLockManager] Lock acquired on daemon addresses registry.
2024-10-01T12:16:03.832-0400 [DEBUG] [org.gradle.cache.internal.DefaultFileLockManager] Releasing lock on daemon addresses registry.
2024-10-01T12:16:03.833-0400 [DEBUG] [org.gradle.cache.internal.DefaultFileLockManager] Waiting to acquire shared lock on daemon addresses registry.
2024-10-01T12:16:03.834-0400 [DEBUG] [org.gradle.cache.internal.DefaultFileLockManager] Lock acquired on daemon addresses registry.
2024-10-01T12:16:03.834-0400 [DEBUG] [org.gradle.cache.internal.DefaultFileLockManager] Releasing lock on daemon addresses registry.
2024-10-01T12:16:06.322-0400 [DEBUG] [org.gradle.process.internal.health.memory.DefaultMemoryManager] 1684925644 physical memory requested, 1569476608 free
2024-10-01T12:16:06.322-0400 [DEBUG] [org.gradle.workers.internal.WorkerDaemonExpiration] Will attempt to release 1606 of memory
2024-10-01T12:16:06.322-0400 [DEBUG] [org.gradle.process.internal.health.memory.DefaultMemoryManager] 1684925644 physical memory requested, 0 released, 1569476608 free
2024-10-01T12:16:08.365-0400 [DEBUG] [sun.rmi.transport.tcp] RMI TCP Connection(11)-127.0.0.1: (port 63653) connection closed
2024-10-01T12:16:08.365-0400 [DEBUG] [sun.rmi.transport.tcp] RMI TCP Connection(11)-127.0.0.1: close connection, socket: Socket[addr=/127.0.0.1,port=60716,localport=63653]
2024-10-01T12:16:08.366-0400 [DEBUG] [sun.rmi.transport.tcp] RMI TCP Connection(11)-127.0.0.1: socket close: Socket[addr=/127.0.0.1,port=60716,localport=63653]
2024-10-01T12:16:11.322-0400 [DEBUG] [org.gradle.process.internal.health.memory.DefaultMemoryManager] 1684925644 physical memory requested, 1569046528 free
2024-10-01T12:16:11.322-0400 [DEBUG] [org.gradle.workers.internal.WorkerDaemonExpiration] Will attempt to release 1606 of memory
2024-10-01T12:16:11.322-0400 [DEBUG] [org.gradle.process.internal.health.memory.DefaultMemoryManager] 1684925644 physical memory requested, 0 released, 1569046528 free
2024-10-01T12:16:13.830-0400 [DEBUG] [org.gradle.cache.internal.DefaultFileLockManager] Waiting to acquire shared lock on daemon addresses registry.
2024-10-01T12:16:13.830-0400 [DEBUG] [org.gradle.cache.internal.DefaultFileLockManager] Lock acquired on daemon addresses registry.
2024-10-01T12:16:13.831-0400 [DEBUG] [org.gradle.cache.internal.DefaultFileLockManager] Releasing lock on daemon addresses registry.
2024-10-01T12:16:13.833-0400 [DEBUG] [org.gradle.cache.internal.DefaultFileLockManager] Waiting to acquire shared lock on daemon addresses registry.
2024-10-01T12:16:13.834-0400 [DEBUG] [org.gradle.cache.internal.DefaultFileLockManager] Lock acquired on daemon addresses registry.
2024-10-01T12:16:13.834-0400 [DEBUG] [org.gradle.cache.internal.DefaultFileLockManager] Releasing lock on daemon addresses registry.
2024-10-01T12:16:13.836-0400 [DEBUG] [org.gradle.cache.internal.DefaultFileLockManager] Waiting to acquire shared lock on daemon addresses registry.
2024-10-01T12:16:13.836-0400 [DEBUG] [org.gradle.cache.internal.DefaultFileLockManager] Lock acquired on daemon addresses registry.
2024-10-01T12:16:13.837-0400 [DEBUG] [org.gradle.cache.internal.DefaultFileLockManager] Releasing lock on daemon addresses registry.
2024-10-01T12:16:16.320-0400 [DEBUG] [org.gradle.process.internal.health.memory.DefaultMemoryManager] 1684925644 physical memory requested, 1583337472 free
2024-10-01T12:16:16.320-0400 [DEBUG] [org.gradle.workers.internal.WorkerDaemonExpiration] Will attempt to release 1606 of memory
2024-10-01T12:16:16.321-0400 [DEBUG] [org.gradle.process.internal.health.memory.DefaultMemoryManager] 1684925644 physical memory requested, 0 released, 1583337472 free
2024-10-01T12:16:21.322-0400 [DEBUG] [org.gradle.process.internal.health.memory.DefaultMemoryManager] 1684925644 physical memory requested, 1602433024 free
2024-10-01T12:16:21.322-0400 [DEBUG] [org.gradle.workers.internal.WorkerDaemonExpiration] Will attempt to release 1606 of memory
2024-10-01T12:16:21.322-0400 [DEBUG] [org.gradle.process.internal.health.memory.DefaultMemoryManager] 1684925644 physical memory requested, 0 released, 1602433024 free
2024-10-01T12:16:23.828-0400 [DEBUG] [org.gradle.cache.internal.DefaultFileLockManager] Waiting to acquire shared lock on daemon addresses registry.
2024-10-01T12:16:23.828-0400 [DEBUG] [org.gradle.cache.internal.DefaultFileLockManager] Lock acquired on daemon addresses registry.
2024-10-01T12:16:23.829-0400 [DEBUG] [org.gradle.cache.internal.DefaultFileLockManager] Releasing lock on daemon addresses registry.
2024-10-01T12:16:23.831-0400 [DEBUG] [org.gradle.cache.internal.DefaultFileLockManager] Waiting to acquire shared lock on daemon addresses registry.
2024-10-01T12:16:23.831-0400 [DEBUG] [org.gradle.cache.internal.DefaultFileLockManager] Lock acquired on daemon addresses registry.
2024-10-01T12:16:23.831-0400 [DEBUG] [org.gradle.cache.internal.DefaultFileLockManager] Releasing lock on daemon addresses registry.
2024-10-01T12:16:23.833-0400 [DEBUG] [org.gradle.cache.internal.DefaultFileLockManager] Waiting to acquire shared lock on daemon addresses registry.
2024-10-01T12:16:23.833-0400 [DEBUG] [org.gradle.cache.internal.DefaultFileLockManager] Lock acquired on daemon addresses registry.
2024-10-01T12:16:23.833-0400 [DEBUG] [org.gradle.cache.internal.DefaultFileLockManager] Releasing lock on daemon addresses registry.
2024-10-01T12:16:26.321-0400 [DEBUG] [org.gradle.process.internal.health.memory.DefaultMemoryManager] 1684925644 physical memory requested, 1613504512 free
2024-10-01T12:16:26.322-0400 [DEBUG] [org.gradle.workers.internal.WorkerDaemonExpiration] Will attempt to release 1606 of memory
2024-10-01T12:16:26.322-0400 [DEBUG] [org.gradle.process.internal.health.memory.DefaultMemoryManager] 1684925644 physical memory requested, 0 released, 1613504512 free
2024-10-01T12:16:31.324-0400 [DEBUG] [org.gradle.process.internal.health.memory.DefaultMemoryManager] 1684925644 physical memory requested, 1591308288 free
2024-10-01T12:16:31.324-0400 [DEBUG] [org.gradle.workers.internal.WorkerDaemonExpiration] Will attempt to release 1606 of memory
2024-10-01T12:16:31.324-0400 [DEBUG] [org.gradle.process.internal.health.memory.DefaultMemoryManager] 1684925644 physical memory requested, 0 released, 1591308288 free
2024-10-01T12:16:33.830-0400 [DEBUG] [org.gradle.cache.internal.DefaultFileLockManager] Waiting to acquire shared lock on daemon addresses registry.
2024-10-01T12:16:33.830-0400 [DEBUG] [org.gradle.cache.internal.DefaultFileLockManager] Lock acquired on daemon addresses registry.
2024-10-01T12:16:33.830-0400 [DEBUG] [org.gradle.cache.internal.DefaultFileLockManager] Releasing lock on daemon addresses registry.
2024-10-01T12:16:33.832-0400 [DEBUG] [org.gradle.cache.internal.DefaultFileLockManager] Waiting to acquire shared lock on daemon addresses registry.
2024-10-01T12:16:33.832-0400 [DEBUG] [org.gradle.cache.internal.DefaultFileLockManager] Lock acquired on daemon addresses registry.
2024-10-01T12:16:33.833-0400 [DEBUG] [org.gradle.cache.internal.DefaultFileLockManager] Releasing lock on daemon addresses registry.
2024-10-01T12:16:33.834-0400 [DEBUG] [org.gradle.cache.internal.DefaultFileLockManager] Waiting to acquire shared lock on daemon addresses registry.
2024-10-01T12:16:33.834-0400 [DEBUG] [org.gradle.cache.internal.DefaultFileLockManager] Lock acquired on daemon addresses registry.
2024-10-01T12:16:33.835-0400 [DEBUG] [org.gradle.cache.internal.DefaultFileLockManager] Releasing lock on daemon addresses registry.
2024-10-01T12:16:36.322-0400 [DEBUG] [org.gradle.process.internal.health.memory.DefaultMemoryManager] 1684925644 physical memory requested, 1593356288 free
2024-10-01T12:16:36.322-0400 [DEBUG] [org.gradle.workers.internal.WorkerDaemonExpiration] Will attempt to release 1606 of memory
2024-10-01T12:16:36.322-0400 [DEBUG] [org.gradle.process.internal.health.memory.DefaultMemoryManager] 1684925644 physical memory requested, 0 released, 1593356288 free
2024-10-01T12:16:41.324-0400 [DEBUG] [org.gradle.process.internal.health.memory.DefaultMemoryManager] 1684925644 physical memory requested, 1595936768 free
2024-10-01T12:16:41.324-0400 [DEBUG] [org.gradle.workers.internal.WorkerDaemonExpiration] Will attempt to release 1606 of memory
2024-10-01T12:16:41.324-0400 [DEBUG] [org.gradle.process.internal.health.memory.DefaultMemoryManager] 1684925644 physical memory requested, 0 released, 1595936768 free
2024-10-01T12:16:43.831-0400 [DEBUG] [org.gradle.cache.internal.DefaultFileLockManager] Waiting to acquire shared lock on daemon addresses registry.
2024-10-01T12:16:43.831-0400 [DEBUG] [org.gradle.cache.internal.DefaultFileLockManager] Lock acquired on daemon addresses registry.
2024-10-01T12:16:43.831-0400 [DEBUG] [org.gradle.cache.internal.DefaultFileLockManager] Releasing lock on daemon addresses registry.
2024-10-01T12:16:43.833-0400 [DEBUG] [org.gradle.cache.internal.DefaultFileLockManager] Waiting to acquire shared lock on daemon addresses registry.
2024-10-01T12:16:43.834-0400 [DEBUG] [org.gradle.cache.internal.DefaultFileLockManager] Lock acquired on daemon addresses registry.
2024-10-01T12:16:43.834-0400 [DEBUG] [org.gradle.cache.internal.DefaultFileLockManager] Releasing lock on daemon addresses registry.
2024-10-01T12:16:43.835-0400 [DEBUG] [org.gradle.cache.internal.DefaultFileLockManager] Waiting to acquire shared lock on daemon addresses registry.
2024-10-01T12:16:43.835-0400 [DEBUG] [org.gradle.cache.internal.DefaultFileLockManager] Lock acquired on daemon addresses registry.
2024-10-01T12:16:43.836-0400 [DEBUG] [org.gradle.cache.internal.DefaultFileLockManager] Releasing lock on daemon addresses registry.
2024-10-01T12:16:46.321-0400 [DEBUG] [org.gradle.process.internal.health.memory.DefaultMemoryManager] 1684925644 physical memory requested, 1579253760 free
2024-10-01T12:16:46.321-0400 [DEBUG] [org.gradle.workers.internal.WorkerDaemonExpiration] Will attempt to release 1606 of memory
2024-10-01T12:16:46.321-0400 [DEBUG] [org.gradle.process.internal.health.memory.DefaultMemoryManager] 1684925644 physical memory requested, 0 released, 1579253760 free
2024-10-01T12:16:51.319-0400 [DEBUG] [org.gradle.process.internal.health.memory.DefaultMemoryManager] 1684925644 physical memory requested, 1607254016 free
2024-10-01T12:16:51.319-0400 [DEBUG] [org.gradle.workers.internal.WorkerDaemonExpiration] Will attempt to release 1606 of memory
2024-10-01T12:16:51.319-0400 [DEBUG] [org.gradle.process.internal.health.memory.DefaultMemoryManager] 1684925644 physical memory requested, 0 released, 1607254016 free
2024-10-01T12:16:53.830-0400 [DEBUG] [org.gradle.cache.internal.DefaultFileLockManager] Waiting to acquire shared lock on daemon addresses registry.
2024-10-01T12:16:53.830-0400 [DEBUG] [org.gradle.cache.internal.DefaultFileLockManager] Lock acquired on daemon addresses registry.
2024-10-01T12:16:53.831-0400 [DEBUG] [org.gradle.cache.internal.DefaultFileLockManager] Releasing lock on daemon addresses registry.
2024-10-01T12:16:53.832-0400 [DEBUG] [org.gradle.cache.internal.DefaultFileLockManager] Waiting to acquire shared lock on daemon addresses registry.
2024-10-01T12:16:53.832-0400 [DEBUG] [org.gradle.cache.internal.DefaultFileLockManager] Lock acquired on daemon addresses registry.
2024-10-01T12:16:53.832-0400 [DEBUG] [org.gradle.cache.internal.DefaultFileLockManager] Releasing lock on daemon addresses registry.
2024-10-01T12:16:53.833-0400 [DEBUG] [org.gradle.cache.internal.DefaultFileLockManager] Waiting to acquire shared lock on daemon addresses registry.
2024-10-01T12:16:53.833-0400 [DEBUG] [org.gradle.cache.internal.DefaultFileLockManager] Lock acquired on daemon addresses registry.
2024-10-01T12:16:53.833-0400 [DEBUG] [org.gradle.cache.internal.DefaultFileLockManager] Releasing lock on daemon addresses registry.
2024-10-01T12:16:56.318-0400 [DEBUG] [org.gradle.process.internal.health.memory.DefaultMemoryManager] 1684925644 physical memory requested, 1586917376 free
2024-10-01T12:16:56.318-0400 [DEBUG] [org.gradle.workers.internal.WorkerDaemonExpiration] Will attempt to release 1606 of memory
2024-10-01T12:16:56.318-0400 [DEBUG] [org.gradle.process.internal.health.memory.DefaultMemoryManager] 1684925644 physical memory requested, 0 released, 1586917376 free
2024-10-01T12:17:01.324-0400 [DEBUG] [org.gradle.process.internal.health.memory.DefaultMemoryManager] 1684925644 physical memory requested, 1567834112 free
2024-10-01T12:17:01.325-0400 [DEBUG] [org.gradle.workers.internal.WorkerDaemonExpiration] Will attempt to release 1606 of memory
2024-10-01T12:17:01.325-0400 [DEBUG] [org.gradle.process.internal.health.memory.DefaultMemoryManager] 1684925644 physical memory requested, 0 released, 1567834112 free
2024-10-01T12:17:03.829-0400 [DEBUG] [org.gradle.cache.internal.DefaultFileLockManager] Waiting to acquire shared lock on daemon addresses registry.
2024-10-01T12:17:03.829-0400 [DEBUG] [org.gradle.cache.internal.DefaultFileLockManager] Lock acquired on daemon addresses registry.
2024-10-01T12:17:03.830-0400 [DEBUG] [org.gradle.cache.internal.DefaultFileLockManager] Releasing lock on daemon addresses registry.
2024-10-01T12:17:03.832-0400 [DEBUG] [org.gradle.cache.internal.DefaultFileLockManager] Waiting to acquire shared lock on daemon addresses registry.
2024-10-01T12:17:03.832-0400 [DEBUG] [org.gradle.cache.internal.DefaultFileLockManager] Lock acquired on daemon addresses registry.
2024-10-01T12:17:03.832-0400 [DEBUG] [org.gradle.cache.internal.DefaultFileLockManager] Releasing lock on daemon addresses registry.
2024-10-01T12:17:03.834-0400 [DEBUG] [org.gradle.cache.internal.DefaultFileLockManager] Waiting to acquire shared lock on daemon addresses registry.
2024-10-01T12:17:03.834-0400 [DEBUG] [org.gradle.cache.internal.DefaultFileLockManager] Lock acquired on daemon addresses registry.
2024-10-01T12:17:03.834-0400 [DEBUG] [org.gradle.cache.internal.DefaultFileLockManager] Releasing lock on daemon addresses registry.
2024-10-01T12:17:06.323-0400 [DEBUG] [org.gradle.process.internal.health.memory.DefaultMemoryManager] 1684925644 physical memory requested, 1577312256 free
2024-10-01T12:17:06.323-0400 [DEBUG] [org.gradle.workers.internal.WorkerDaemonExpiration] Will attempt to release 1606 of memory
2024-10-01T12:17:06.324-0400 [DEBUG] [org.gradle.process.internal.health.memory.DefaultMemoryManager] 1684925644 physical memory requested, 0 released, 1577312256 free
2024-10-01T12:17:11.320-0400 [DEBUG] [org.gradle.process.internal.health.memory.DefaultMemoryManager] 1684925644 physical memory requested, 1563553792 free
2024-10-01T12:17:11.320-0400 [DEBUG] [org.gradle.workers.internal.WorkerDaemonExpiration] Will attempt to release 1606 of memory
2024-10-01T12:17:11.320-0400 [DEBUG] [org.gradle.process.internal.health.memory.DefaultMemoryManager] 1684925644 physical memory requested, 0 released, 1563553792 free
2024-10-01T12:17:13.830-0400 [DEBUG] [org.gradle.cache.internal.DefaultFileLockManager] Waiting to acquire shared lock on daemon addresses registry.
2024-10-01T12:17:13.830-0400 [DEBUG] [org.gradle.cache.internal.DefaultFileLockManager] Lock acquired on daemon addresses registry.
2024-10-01T12:17:13.831-0400 [DEBUG] [org.gradle.cache.internal.DefaultFileLockManager] Releasing lock on daemon addresses registry.
2024-10-01T12:17:13.832-0400 [DEBUG] [org.gradle.cache.internal.DefaultFileLockManager] Waiting to acquire shared lock on daemon addresses registry.
2024-10-01T12:17:13.833-0400 [DEBUG] [org.gradle.cache.internal.DefaultFileLockManager] Lock acquired on daemon addresses registry.
2024-10-01T12:17:13.833-0400 [DEBUG] [org.gradle.cache.internal.DefaultFileLockManager] Releasing lock on daemon addresses registry.
2024-10-01T12:17:13.834-0400 [DEBUG] [org.gradle.cache.internal.DefaultFileLockManager] Waiting to acquire shared lock on daemon addresses registry.
2024-10-01T12:17:13.835-0400 [DEBUG] [org.gradle.cache.internal.DefaultFileLockManager] Lock acquired on daemon addresses registry.
2024-10-01T12:17:13.835-0400 [DEBUG] [org.gradle.cache.internal.DefaultFileLockManager] Releasing lock on daemon addresses registry.
2024-10-01T12:17:16.319-0400 [DEBUG] [org.gradle.process.internal.health.memory.DefaultMemoryManager] 1684925644 physical memory requested, 1553518592 free
2024-10-01T12:17:16.319-0400 [DEBUG] [org.gradle.workers.internal.WorkerDaemonExpiration] Will attempt to release 1606 of memory
2024-10-01T12:17:16.319-0400 [DEBUG] [org.gradle.process.internal.health.memory.DefaultMemoryManager] 1684925644 physical memory requested, 0 released, 1553518592 free
2024-10-01T12:17:21.318-0400 [DEBUG] [org.gradle.process.internal.health.memory.DefaultMemoryManager] 1684925644 physical memory requested, 1613475840 free
2024-10-01T12:17:21.318-0400 [DEBUG] [org.gradle.workers.internal.WorkerDaemonExpiration] Will attempt to release 1606 of memory
2024-10-01T12:17:21.318-0400 [DEBUG] [org.gradle.process.internal.health.memory.DefaultMemoryManager] 1684925644 physical memory requested, 0 released, 1613475840 free
2024-10-01T12:17:23.829-0400 [DEBUG] [org.gradle.cache.internal.DefaultFileLockManager] Waiting to acquire shared lock on daemon addresses registry.
2024-10-01T12:17:23.830-0400 [DEBUG] [org.gradle.cache.internal.DefaultFileLockManager] Lock acquired on daemon addresses registry.
2024-10-01T12:17:23.830-0400 [DEBUG] [org.gradle.cache.internal.DefaultFileLockManager] Releasing lock on daemon addresses registry.
2024-10-01T12:17:23.831-0400 [DEBUG] [org.gradle.cache.internal.DefaultFileLockManager] Waiting to acquire shared lock on daemon addresses registry.
2024-10-01T12:17:23.831-0400 [DEBUG] [org.gradle.cache.internal.DefaultFileLockManager] Lock acquired on daemon addresses registry.
2024-10-01T12:17:23.831-0400 [DEBUG] [org.gradle.cache.internal.DefaultFileLockManager] Releasing lock on daemon addresses registry.
2024-10-01T12:17:23.832-0400 [DEBUG] [org.gradle.cache.internal.DefaultFileLockManager] Waiting to acquire shared lock on daemon addresses registry.
2024-10-01T12:17:23.832-0400 [DEBUG] [org.gradle.cache.internal.DefaultFileLockManager] Lock acquired on daemon addresses registry.
2024-10-01T12:17:23.832-0400 [DEBUG] [org.gradle.cache.internal.DefaultFileLockManager] Releasing lock on daemon addresses registry.
2024-10-01T12:17:26.319-0400 [DEBUG] [org.gradle.process.internal.health.memory.DefaultMemoryManager] 1684925644 physical memory requested, 1624600576 free
2024-10-01T12:17:26.320-0400 [DEBUG] [org.gradle.workers.internal.WorkerDaemonExpiration] Will attempt to release 1606 of memory
2024-10-01T12:17:26.320-0400 [DEBUG] [org.gradle.process.internal.health.memory.DefaultMemoryManager] 1684925644 physical memory requested, 0 released, 1624600576 free
2024-10-01T12:17:31.362-0400 [DEBUG] [org.gradle.process.internal.health.memory.DefaultMemoryManager] 1684925644 physical memory requested, 1612062720 free
2024-10-01T12:17:31.363-0400 [DEBUG] [org.gradle.workers.internal.WorkerDaemonExpiration] Will attempt to release 1606 of memory
2024-10-01T12:17:31.363-0400 [DEBUG] [org.gradle.process.internal.health.memory.DefaultMemoryManager] 1684925644 physical memory requested, 0 released, 1612062720 free
2024-10-01T12:17:33.829-0400 [DEBUG] [org.gradle.cache.internal.DefaultFileLockManager] Waiting to acquire shared lock on daemon addresses registry.
2024-10-01T12:17:33.829-0400 [DEBUG] [org.gradle.cache.internal.DefaultFileLockManager] Lock acquired on daemon addresses registry.
2024-10-01T12:17:33.829-0400 [DEBUG] [org.gradle.cache.internal.DefaultFileLockManager] Releasing lock on daemon addresses registry.
2024-10-01T12:17:33.830-0400 [DEBUG] [org.gradle.cache.internal.DefaultFileLockManager] Waiting to acquire shared lock on daemon addresses registry.
2024-10-01T12:17:33.830-0400 [DEBUG] [org.gradle.cache.internal.DefaultFileLockManager] Lock acquired on daemon addresses registry.
2024-10-01T12:17:33.830-0400 [DEBUG] [org.gradle.cache.internal.DefaultFileLockManager] Releasing lock on daemon addresses registry.
2024-10-01T12:17:33.832-0400 [DEBUG] [org.gradle.cache.internal.DefaultFileLockManager] Waiting to acquire shared lock on daemon addresses registry.
2024-10-01T12:17:33.832-0400 [DEBUG] [org.gradle.cache.internal.DefaultFileLockManager] Lock acquired on daemon addresses registry.
2024-10-01T12:17:33.832-0400 [DEBUG] [org.gradle.cache.internal.DefaultFileLockManager] Releasing lock on daemon addresses registry.
2024-10-01T12:17:36.321-0400 [DEBUG] [org.gradle.process.internal.health.memory.DefaultMemoryManager] 1684925644 physical memory requested, 1605480448 free
2024-10-01T12:17:36.321-0400 [DEBUG] [org.gradle.workers.internal.WorkerDaemonExpiration] Will attempt to release 1606 of memory
2024-10-01T12:17:36.321-0400 [DEBUG] [org.gradle.process.internal.health.memory.DefaultMemoryManager] 1684925644 physical memory requested, 0 released, 1605480448 free
2024-10-01T12:17:41.318-0400 [DEBUG] [org.gradle.process.internal.health.memory.DefaultMemoryManager] 1684925644 physical memory requested, 1608171520 free
2024-10-01T12:17:41.318-0400 [DEBUG] [org.gradle.workers.internal.WorkerDaemonExpiration] Will attempt to release 1606 of memory
2024-10-01T12:17:41.318-0400 [DEBUG] [org.gradle.process.internal.health.memory.DefaultMemoryManager] 1684925644 physical memory requested, 0 released, 1608171520 free
2024-10-01T12:17:43.828-0400 [DEBUG] [org.gradle.cache.internal.DefaultFileLockManager] Waiting to acquire shared lock on daemon addresses registry.
2024-10-01T12:17:43.828-0400 [DEBUG] [org.gradle.cache.internal.DefaultFileLockManager] Lock acquired on daemon addresses registry.
2024-10-01T12:17:43.829-0400 [DEBUG] [org.gradle.cache.internal.DefaultFileLockManager] Releasing lock on daemon addresses registry.
2024-10-01T12:17:43.830-0400 [DEBUG] [org.gradle.cache.internal.DefaultFileLockManager] Waiting to acquire shared lock on daemon addresses registry.
2024-10-01T12:17:43.830-0400 [DEBUG] [org.gradle.cache.internal.DefaultFileLockManager] Lock acquired on daemon addresses registry.
2024-10-01T12:17:43.830-0400 [DEBUG] [org.gradle.cache.internal.DefaultFileLockManager] Releasing lock on daemon addresses registry.
2024-10-01T12:17:43.831-0400 [DEBUG] [org.gradle.cache.internal.DefaultFileLockManager] Waiting to acquire shared lock on daemon addresses registry.
2024-10-01T12:17:43.831-0400 [DEBUG] [org.gradle.cache.internal.DefaultFileLockManager] Lock acquired on daemon addresses registry.
2024-10-01T12:17:43.831-0400 [DEBUG] [org.gradle.cache.internal.DefaultFileLockManager] Releasing lock on daemon addresses registry.
2024-10-01T12:17:46.320-0400 [DEBUG] [org.gradle.process.internal.health.memory.DefaultMemoryManager] 1684925644 physical memory requested, 1633411072 free
2024-10-01T12:17:46.320-0400 [DEBUG] [org.gradle.workers.internal.WorkerDaemonExpiration] Will attempt to release 1606 of memory
2024-10-01T12:17:46.320-0400 [DEBUG] [org.gradle.process.internal.health.memory.DefaultMemoryManager] 1684925644 physical memory requested, 0 released, 1633411072 free
2024-10-01T12:17:51.320-0400 [DEBUG] [org.gradle.process.internal.health.memory.DefaultMemoryManager] 1684925644 physical memory requested, 1630564352 free
2024-10-01T12:17:51.320-0400 [DEBUG] [org.gradle.workers.internal.WorkerDaemonExpiration] Will attempt to release 1606 of memory
2024-10-01T12:17:51.320-0400 [DEBUG] [org.gradle.process.internal.health.memory.DefaultMemoryManager] 1684925644 physical memory requested, 0 released, 1630564352 free
2024-10-01T12:17:53.829-0400 [DEBUG] [org.gradle.cache.internal.DefaultFileLockManager] Waiting to acquire shared lock on daemon addresses registry.
2024-10-01T12:17:53.829-0400 [DEBUG] [org.gradle.cache.internal.DefaultFileLockManager] Lock acquired on daemon addresses registry.
2024-10-01T12:17:53.829-0400 [DEBUG] [org.gradle.cache.internal.DefaultFileLockManager] Releasing lock on daemon addresses registry.
2024-10-01T12:17:53.831-0400 [DEBUG] [org.gradle.cache.internal.DefaultFileLockManager] Waiting to acquire shared lock on daemon addresses registry.
2024-10-01T12:17:53.831-0400 [DEBUG] [org.gradle.cache.internal.DefaultFileLockManager] Lock acquired on daemon addresses registry.
2024-10-01T12:17:53.831-0400 [DEBUG] [org.gradle.cache.internal.DefaultFileLockManager] Releasing lock on daemon addresses registry.
2024-10-01T12:17:53.832-0400 [DEBUG] [org.gradle.cache.internal.DefaultFileLockManager] Waiting to acquire shared lock on daemon addresses registry.
2024-10-01T12:17:53.832-0400 [DEBUG] [org.gradle.cache.internal.DefaultFileLockManager] Lock acquired on daemon addresses registry.
2024-10-01T12:17:53.832-0400 [DEBUG] [org.gradle.cache.internal.DefaultFileLockManager] Releasing lock on daemon addresses registry.
2024-10-01T12:17:54.853-0400 [DEBUG] [org.gradle.internal.watch.vfs.impl.WatchingVirtualFileSystem] Handling VFS change CREATED C:\Users\baray\AndroidStudioProjects\CIS3515_Activity_Activity\app\src\main\java\edu\temple\activities\MainActivity.kt~
2024-10-01T12:17:54.856-0400 [DEBUG] [org.gradle.internal.watch.vfs.impl.WatchingVirtualFileSystem] Handling VFS change MODIFIED C:\Users\baray\AndroidStudioProjects\CIS3515_Activity_Activity\app\src\main\java\edu\temple\activities\MainActivity.kt
2024-10-01T12:17:56.319-0400 [DEBUG] [org.gradle.process.internal.health.memory.DefaultMemoryManager] 1684925644 physical memory requested, 1579773952 free
2024-10-01T12:17:56.319-0400 [DEBUG] [org.gradle.workers.internal.WorkerDaemonExpiration] Will attempt to release 1606 of memory
2024-10-01T12:17:56.319-0400 [DEBUG] [org.gradle.process.internal.health.memory.DefaultMemoryManager] 1684925644 physical memory requested, 0 released, 1579773952 free
2024-10-01T12:18:01.320-0400 [DEBUG] [org.gradle.process.internal.health.memory.DefaultMemoryManager] 1684925644 physical memory requested, 1575710720 free
2024-10-01T12:18:01.320-0400 [DEBUG] [org.gradle.workers.internal.WorkerDaemonExpiration] Will attempt to release 1606 of memory
2024-10-01T12:18:01.320-0400 [DEBUG] [org.gradle.process.internal.health.memory.DefaultMemoryManager] 1684925644 physical memory requested, 0 released, 1575710720 free
2024-10-01T12:18:03.830-0400 [DEBUG] [org.gradle.cache.internal.DefaultFileLockManager] Waiting to acquire shared lock on daemon addresses registry.
2024-10-01T12:18:03.830-0400 [DEBUG] [org.gradle.cache.internal.DefaultFileLockManager] Lock acquired on daemon addresses registry.
2024-10-01T12:18:03.831-0400 [DEBUG] [org.gradle.cache.internal.DefaultFileLockManager] Releasing lock on daemon addresses registry.
2024-10-01T12:18:03.832-0400 [DEBUG] [org.gradle.cache.internal.DefaultFileLockManager] Waiting to acquire shared lock on daemon addresses registry.
2024-10-01T12:18:03.832-0400 [DEBUG] [org.gradle.cache.internal.DefaultFileLockManager] Lock acquired on daemon addresses registry.
2024-10-01T12:18:03.832-0400 [DEBUG] [org.gradle.cache.internal.DefaultFileLockManager] Releasing lock on daemon addresses registry.
2024-10-01T12:18:03.833-0400 [DEBUG] [org.gradle.cache.internal.DefaultFileLockManager] Waiting to acquire shared lock on daemon addresses registry.
2024-10-01T12:18:03.833-0400 [DEBUG] [org.gradle.cache.internal.DefaultFileLockManager] Lock acquired on daemon addresses registry.
2024-10-01T12:18:03.833-0400 [DEBUG] [org.gradle.cache.internal.DefaultFileLockManager] Releasing lock on daemon addresses registry.
2024-10-01T12:18:06.317-0400 [DEBUG] [org.gradle.process.internal.health.memory.DefaultMemoryManager] 1684925644 physical memory requested, 1576017920 free
2024-10-01T12:18:06.317-0400 [DEBUG] [org.gradle.workers.internal.WorkerDaemonExpiration] Will attempt to release 1606 of memory
2024-10-01T12:18:06.317-0400 [DEBUG] [org.gradle.process.internal.health.memory.DefaultMemoryManager] 1684925644 physical memory requested, 0 released, 1576017920 free
2024-10-01T12:18:11.318-0400 [DEBUG] [org.gradle.process.internal.health.memory.DefaultMemoryManager] 1684925644 physical memory requested, 1580834816 free
2024-10-01T12:18:11.318-0400 [DEBUG] [org.gradle.workers.internal.WorkerDaemonExpiration] Will attempt to release 1606 of memory
2024-10-01T12:18:11.318-0400 [DEBUG] [org.gradle.process.internal.health.memory.DefaultMemoryManager] 1684925644 physical memory requested, 0 released, 1580834816 free
2024-10-01T12:18:13.829-0400 [DEBUG] [org.gradle.cache.internal.DefaultFileLockManager] Waiting to acquire shared lock on daemon addresses registry.
2024-10-01T12:18:13.830-0400 [DEBUG] [org.gradle.cache.internal.DefaultFileLockManager] Lock acquired on daemon addresses registry.
2024-10-01T12:18:13.830-0400 [DEBUG] [org.gradle.cache.internal.DefaultFileLockManager] Releasing lock on daemon addresses registry.
2024-10-01T12:18:13.830-0400 [DEBUG] [org.gradle.cache.internal.DefaultFileLockManager] Waiting to acquire shared lock on daemon addresses registry.
2024-10-01T12:18:13.830-0400 [DEBUG] [org.gradle.cache.internal.DefaultFileLockManager] Lock acquired on daemon addresses registry.
2024-10-01T12:18:13.831-0400 [DEBUG] [org.gradle.cache.internal.DefaultFileLockManager] Releasing lock on daemon addresses registry.
2024-10-01T12:18:13.831-0400 [DEBUG] [org.gradle.cache.internal.DefaultFileLockManager] Waiting to acquire shared lock on daemon addresses registry.
2024-10-01T12:18:13.831-0400 [DEBUG] [org.gradle.cache.internal.DefaultFileLockManager] Lock acquired on daemon addresses registry.
2024-10-01T12:18:13.831-0400 [DEBUG] [org.gradle.cache.internal.DefaultFileLockManager] Releasing lock on daemon addresses registry.
2024-10-01T12:18:16.319-0400 [DEBUG] [org.gradle.process.internal.health.memory.DefaultMemoryManager] 1684925644 physical memory requested, 1588305920 free
2024-10-01T12:18:16.319-0400 [DEBUG] [org.gradle.workers.internal.WorkerDaemonExpiration] Will attempt to release 1606 of memory
2024-10-01T12:18:16.319-0400 [DEBUG] [org.gradle.process.internal.health.memory.DefaultMemoryManager] 1684925644 physical memory requested, 0 released, 1588305920 free
2024-10-01T12:18:21.320-0400 [DEBUG] [org.gradle.process.internal.health.memory.DefaultMemoryManager] 1684925644 physical memory requested, 1606205440 free
2024-10-01T12:18:21.320-0400 [DEBUG] [org.gradle.workers.internal.WorkerDaemonExpiration] Will attempt to release 1606 of memory
2024-10-01T12:18:21.320-0400 [DEBUG] [org.gradle.process.internal.health.memory.DefaultMemoryManager] 1684925644 physical memory requested, 0 released, 1606205440 free
2024-10-01T12:18:23.829-0400 [DEBUG] [org.gradle.cache.internal.DefaultFileLockManager] Waiting to acquire shared lock on daemon addresses registry.
2024-10-01T12:18:23.829-0400 [DEBUG] [org.gradle.cache.internal.DefaultFileLockManager] Lock acquired on daemon addresses registry.
2024-10-01T12:18:23.829-0400 [DEBUG] [org.gradle.cache.internal.DefaultFileLockManager] Releasing lock on daemon addresses registry.
2024-10-01T12:18:23.830-0400 [DEBUG] [org.gradle.cache.internal.DefaultFileLockManager] Waiting to acquire shared lock on daemon addresses registry.
2024-10-01T12:18:23.830-0400 [DEBUG] [org.gradle.cache.internal.DefaultFileLockManager] Lock acquired on daemon addresses registry.
2024-10-01T12:18:23.830-0400 [DEBUG] [org.gradle.cache.internal.DefaultFileLockManager] Releasing lock on daemon addresses registry.
2024-10-01T12:18:23.831-0400 [DEBUG] [org.gradle.cache.internal.DefaultFileLockManager] Waiting to acquire shared lock on daemon addresses registry.
2024-10-01T12:18:23.831-0400 [DEBUG] [org.gradle.cache.internal.DefaultFileLockManager] Lock acquired on daemon addresses registry.
2024-10-01T12:18:23.831-0400 [DEBUG] [org.gradle.cache.internal.DefaultFileLockManager] Releasing lock on daemon addresses registry.
2024-10-01T12:18:26.317-0400 [DEBUG] [org.gradle.process.internal.health.memory.DefaultMemoryManager] 1684925644 physical memory requested, 1611231232 free
2024-10-01T12:18:26.317-0400 [DEBUG] [org.gradle.workers.internal.WorkerDaemonExpiration] Will attempt to release 1606 of memory
2024-10-01T12:18:26.317-0400 [DEBUG] [org.gradle.process.internal.health.memory.DefaultMemoryManager] 1684925644 physical memory requested, 0 released, 1611231232 free
2024-10-01T12:18:31.318-0400 [DEBUG] [org.gradle.process.internal.health.memory.DefaultMemoryManager] 1684925644 physical memory requested, 1603153920 free
2024-10-01T12:18:31.318-0400 [DEBUG] [org.gradle.workers.internal.WorkerDaemonExpiration] Will attempt to release 1606 of memory
2024-10-01T12:18:31.318-0400 [DEBUG] [org.gradle.process.internal.health.memory.DefaultMemoryManager] 1684925644 physical memory requested, 0 released, 1603153920 free
2024-10-01T12:18:33.830-0400 [DEBUG] [org.gradle.cache.internal.DefaultFileLockManager] Waiting to acquire shared lock on daemon addresses registry.
2024-10-01T12:18:33.830-0400 [DEBUG] [org.gradle.cache.internal.DefaultFileLockManager] Lock acquired on daemon addresses registry.
2024-10-01T12:18:33.830-0400 [DEBUG] [org.gradle.cache.internal.DefaultFileLockManager] Releasing lock on daemon addresses registry.
2024-10-01T12:18:33.831-0400 [DEBUG] [org.gradle.cache.internal.DefaultFileLockManager] Waiting to acquire shared lock on daemon addresses registry.
2024-10-01T12:18:33.832-0400 [DEBUG] [org.gradle.cache.internal.DefaultFileLockManager] Lock acquired on daemon addresses registry.
2024-10-01T12:18:33.832-0400 [DEBUG] [org.gradle.cache.internal.DefaultFileLockManager] Releasing lock on daemon addresses registry.
2024-10-01T12:18:33.833-0400 [DEBUG] [org.gradle.cache.internal.DefaultFileLockManager] Waiting to acquire shared lock on daemon addresses registry.
2024-10-01T12:18:33.833-0400 [DEBUG] [org.gradle.cache.internal.DefaultFileLockManager] Lock acquired on daemon addresses registry.
2024-10-01T12:18:33.833-0400 [DEBUG] [org.gradle.cache.internal.DefaultFileLockManager] Releasing lock on daemon addresses registry.
2024-10-01T12:18:36.319-0400 [DEBUG] [org.gradle.process.internal.health.memory.DefaultMemoryManager] 1684925644 physical memory requested, 1607516160 free
2024-10-01T12:18:36.319-0400 [DEBUG] [org.gradle.workers.internal.WorkerDaemonExpiration] Will attempt to release 1606 of memory
2024-10-01T12:18:36.319-0400 [DEBUG] [org.gradle.process.internal.health.memory.DefaultMemoryManager] 1684925644 physical memory requested, 0 released, 1607516160 free
2024-10-01T12:18:41.319-0400 [DEBUG] [org.gradle.process.internal.health.memory.DefaultMemoryManager] 1684925644 physical memory requested, 1609060352 free
2024-10-01T12:18:41.319-0400 [DEBUG] [org.gradle.workers.internal.WorkerDaemonExpiration] Will attempt to release 1606 of memory
2024-10-01T12:18:41.319-0400 [DEBUG] [org.gradle.process.internal.health.memory.DefaultMemoryManager] 1684925644 physical memory requested, 0 released, 1609060352 free
2024-10-01T12:18:43.829-0400 [DEBUG] [org.gradle.cache.internal.DefaultFileLockManager] Waiting to acquire shared lock on daemon addresses registry.
2024-10-01T12:18:43.829-0400 [DEBUG] [org.gradle.cache.internal.DefaultFileLockManager] Lock acquired on daemon addresses registry.
2024-10-01T12:18:43.830-0400 [DEBUG] [org.gradle.cache.internal.DefaultFileLockManager] Releasing lock on daemon addresses registry.
2024-10-01T12:18:43.831-0400 [DEBUG] [org.gradle.cache.internal.DefaultFileLockManager] Waiting to acquire shared lock on daemon addresses registry.
2024-10-01T12:18:43.831-0400 [DEBUG] [org.gradle.cache.internal.DefaultFileLockManager] Lock acquired on daemon addresses registry.
2024-10-01T12:18:43.832-0400 [DEBUG] [org.gradle.cache.internal.DefaultFileLockManager] Releasing lock on daemon addresses registry.
2024-10-01T12:18:43.832-0400 [DEBUG] [org.gradle.cache.internal.DefaultFileLockManager] Waiting to acquire shared lock on daemon addresses registry.
2024-10-01T12:18:43.833-0400 [DEBUG] [org.gradle.cache.internal.DefaultFileLockManager] Lock acquired on daemon addresses registry.
2024-10-01T12:18:43.833-0400 [DEBUG] [org.gradle.cache.internal.DefaultFileLockManager] Releasing lock on daemon addresses registry.
2024-10-01T12:18:46.319-0400 [DEBUG] [org.gradle.process.internal.health.memory.DefaultMemoryManager] 1684925644 physical memory requested, 1599602688 free
2024-10-01T12:18:46.319-0400 [DEBUG] [org.gradle.workers.internal.WorkerDaemonExpiration] Will attempt to release 1606 of memory
2024-10-01T12:18:46.319-0400 [DEBUG] [org.gradle.process.internal.health.memory.DefaultMemoryManager] 1684925644 physical memory requested, 0 released, 1599602688 free
2024-10-01T12:18:51.320-0400 [DEBUG] [org.gradle.process.internal.health.memory.DefaultMemoryManager] 1684925644 physical memory requested, 1599524864 free
2024-10-01T12:18:51.320-0400 [DEBUG] [org.gradle.workers.internal.WorkerDaemonExpiration] Will attempt to release 1606 of memory
2024-10-01T12:18:51.320-0400 [DEBUG] [org.gradle.process.internal.health.memory.DefaultMemoryManager] 1684925644 physical memory requested, 0 released, 1599524864 free
2024-10-01T12:18:53.829-0400 [DEBUG] [org.gradle.cache.internal.DefaultFileLockManager] Waiting to acquire shared lock on daemon addresses registry.
2024-10-01T12:18:53.829-0400 [DEBUG] [org.gradle.cache.internal.DefaultFileLockManager] Lock acquired on daemon addresses registry.
2024-10-01T12:18:53.829-0400 [DEBUG] [org.gradle.cache.internal.DefaultFileLockManager] Releasing lock on daemon addresses registry.
2024-10-01T12:18:53.830-0400 [DEBUG] [org.gradle.cache.internal.DefaultFileLockManager] Waiting to acquire shared lock on daemon addresses registry.
2024-10-01T12:18:53.830-0400 [DEBUG] [org.gradle.cache.internal.DefaultFileLockManager] Lock acquired on daemon addresses registry.
2024-10-01T12:18:53.831-0400 [DEBUG] [org.gradle.cache.internal.DefaultFileLockManager] Releasing lock on daemon addresses registry.
2024-10-01T12:18:53.831-0400 [DEBUG] [org.gradle.cache.internal.DefaultFileLockManager] Waiting to acquire shared lock on daemon addresses registry.
2024-10-01T12:18:53.831-0400 [DEBUG] [org.gradle.cache.internal.DefaultFileLockManager] Lock acquired on daemon addresses registry.
2024-10-01T12:18:53.832-0400 [DEBUG] [org.gradle.cache.internal.DefaultFileLockManager] Releasing lock on daemon addresses registry.
2024-10-01T12:18:56.320-0400 [DEBUG] [org.gradle.process.internal.health.memory.DefaultMemoryManager] 1684925644 physical memory requested, 1604448256 free
2024-10-01T12:18:56.320-0400 [DEBUG] [org.gradle.workers.internal.WorkerDaemonExpiration] Will attempt to release 1606 of memory
2024-10-01T12:18:56.320-0400 [DEBUG] [org.gradle.process.internal.health.memory.DefaultMemoryManager] 1684925644 physical memory requested, 0 released, 1604448256 free
2024-10-01T12:19:01.321-0400 [DEBUG] [org.gradle.process.internal.health.memory.DefaultMemoryManager] 1684925644 physical memory requested, 1624829952 free
2024-10-01T12:19:01.321-0400 [DEBUG] [org.gradle.workers.internal.WorkerDaemonExpiration] Will attempt to release 1606 of memory
2024-10-01T12:19:01.321-0400 [DEBUG] [org.gradle.process.internal.health.memory.DefaultMemoryManager] 1684925644 physical memory requested, 0 released, 1624829952 free
2024-10-01T12:19:03.829-0400 [DEBUG] [org.gradle.cache.internal.DefaultFileLockManager] Waiting to acquire shared lock on daemon addresses registry.
2024-10-01T12:19:03.829-0400 [DEBUG] [org.gradle.cache.internal.DefaultFileLockManager] Lock acquired on daemon addresses registry.
2024-10-01T12:19:03.829-0400 [DEBUG] [org.gradle.cache.internal.DefaultFileLockManager] Releasing lock on daemon addresses registry.
2024-10-01T12:19:03.830-0400 [DEBUG] [org.gradle.cache.internal.DefaultFileLockManager] Waiting to acquire shared lock on daemon addresses registry.
2024-10-01T12:19:03.830-0400 [DEBUG] [org.gradle.cache.internal.DefaultFileLockManager] Lock acquired on daemon addresses registry.
2024-10-01T12:19:03.831-0400 [DEBUG] [org.gradle.cache.internal.DefaultFileLockManager] Releasing lock on daemon addresses registry.
2024-10-01T12:19:03.832-0400 [DEBUG] [org.gradle.cache.internal.DefaultFileLockManager] Waiting to acquire shared lock on daemon addresses registry.
2024-10-01T12:19:03.832-0400 [DEBUG] [org.gradle.cache.internal.DefaultFileLockManager] Lock acquired on daemon addresses registry.
2024-10-01T12:19:03.832-0400 [DEBUG] [org.gradle.cache.internal.DefaultFileLockManager] Releasing lock on daemon addresses registry.
2024-10-01T12:19:06.319-0400 [DEBUG] [org.gradle.process.internal.health.memory.DefaultMemoryManager] 1684925644 physical memory requested, 1626349568 free
2024-10-01T12:19:06.319-0400 [DEBUG] [org.gradle.workers.internal.WorkerDaemonExpiration] Will attempt to release 1606 of memory
2024-10-01T12:19:06.319-0400 [DEBUG] [org.gradle.process.internal.health.memory.DefaultMemoryManager] 1684925644 physical memory requested, 0 released, 1626349568 free
2024-10-01T12:19:11.323-0400 [DEBUG] [org.gradle.process.internal.health.memory.DefaultMemoryManager] 1684925644 physical memory requested, 1615532032 free
2024-10-01T12:19:11.323-0400 [DEBUG] [org.gradle.workers.internal.WorkerDaemonExpiration] Will attempt to release 1606 of memory
2024-10-01T12:19:11.323-0400 [DEBUG] [org.gradle.process.internal.health.memory.DefaultMemoryManager] 1684925644 physical memory requested, 0 released, 1615532032 free
2024-10-01T12:19:13.829-0400 [DEBUG] [org.gradle.cache.internal.DefaultFileLockManager] Waiting to acquire shared lock on daemon addresses registry.
2024-10-01T12:19:13.829-0400 [DEBUG] [org.gradle.cache.internal.DefaultFileLockManager] Lock acquired on daemon addresses registry.
2024-10-01T12:19:13.829-0400 [DEBUG] [org.gradle.cache.internal.DefaultFileLockManager] Releasing lock on daemon addresses registry.
2024-10-01T12:19:13.830-0400 [DEBUG] [org.gradle.cache.internal.DefaultFileLockManager] Waiting to acquire shared lock on daemon addresses registry.
2024-10-01T12:19:13.830-0400 [DEBUG] [org.gradle.cache.internal.DefaultFileLockManager] Lock acquired on daemon addresses registry.
2024-10-01T12:19:13.831-0400 [DEBUG] [org.gradle.cache.internal.DefaultFileLockManager] Releasing lock on daemon addresses registry.
2024-10-01T12:19:13.831-0400 [DEBUG] [org.gradle.cache.internal.DefaultFileLockManager] Waiting to acquire shared lock on daemon addresses registry.
2024-10-01T12:19:13.832-0400 [DEBUG] [org.gradle.cache.internal.DefaultFileLockManager] Lock acquired on daemon addresses registry.
2024-10-01T12:19:13.832-0400 [DEBUG] [org.gradle.cache.internal.DefaultFileLockManager] Releasing lock on daemon addresses registry.
2024-10-01T12:19:16.320-0400 [DEBUG] [org.gradle.process.internal.health.memory.DefaultMemoryManager] 1684925644 physical memory requested, 1610326016 free
2024-10-01T12:19:16.320-0400 [DEBUG] [org.gradle.workers.internal.WorkerDaemonExpiration] Will attempt to release 1606 of memory
2024-10-01T12:19:16.320-0400 [DEBUG] [org.gradle.process.internal.health.memory.DefaultMemoryManager] 1684925644 physical memory requested, 0 released, 1610326016 free
2024-10-01T12:19:21.322-0400 [DEBUG] [org.gradle.process.internal.health.memory.DefaultMemoryManager] 1684925644 physical memory requested, 1633624064 free
2024-10-01T12:19:21.322-0400 [DEBUG] [org.gradle.workers.internal.WorkerDaemonExpiration] Will attempt to release 1606 of memory
2024-10-01T12:19:21.322-0400 [DEBUG] [org.gradle.process.internal.health.memory.DefaultMemoryManager] 1684925644 physical memory requested, 0 released, 1633624064 free
2024-10-01T12:19:23.828-0400 [DEBUG] [org.gradle.cache.internal.DefaultFileLockManager] Waiting to acquire shared lock on daemon addresses registry.
2024-10-01T12:19:23.829-0400 [DEBUG] [org.gradle.cache.internal.DefaultFileLockManager] Lock acquired on daemon addresses registry.
2024-10-01T12:19:23.829-0400 [DEBUG] [org.gradle.cache.internal.DefaultFileLockManager] Releasing lock on daemon addresses registry.
2024-10-01T12:19:23.830-0400 [DEBUG] [org.gradle.cache.internal.DefaultFileLockManager] Waiting to acquire shared lock on daemon addresses registry.
2024-10-01T12:19:23.830-0400 [DEBUG] [org.gradle.cache.internal.DefaultFileLockManager] Lock acquired on daemon addresses registry.
2024-10-01T12:19:23.830-0400 [DEBUG] [org.gradle.cache.internal.DefaultFileLockManager] Releasing lock on daemon addresses registry.
2024-10-01T12:19:23.831-0400 [DEBUG] [org.gradle.cache.internal.DefaultFileLockManager] Waiting to acquire shared lock on daemon addresses registry.
2024-10-01T12:19:23.831-0400 [DEBUG] [org.gradle.cache.internal.DefaultFileLockManager] Lock acquired on daemon addresses registry.
2024-10-01T12:19:23.831-0400 [DEBUG] [org.gradle.cache.internal.DefaultFileLockManager] Releasing lock on daemon addresses registry.
2024-10-01T12:19:26.322-0400 [DEBUG] [org.gradle.process.internal.health.memory.DefaultMemoryManager] 1684925644 physical memory requested, 1305911296 free
2024-10-01T12:19:26.323-0400 [DEBUG] [org.gradle.workers.internal.WorkerDaemonExpiration] Will attempt to release 1606 of memory
2024-10-01T12:19:26.323-0400 [DEBUG] [org.gradle.process.internal.health.memory.DefaultMemoryManager] 1684925644 physical memory requested, 0 released, 1305911296 free
2024-10-01T12:19:31.321-0400 [DEBUG] [org.gradle.process.internal.health.memory.DefaultMemoryManager] 1684925644 physical memory requested, 1299148800 free
2024-10-01T12:19:31.321-0400 [DEBUG] [org.gradle.workers.internal.WorkerDaemonExpiration] Will attempt to release 1606 of memory
2024-10-01T12:19:31.321-0400 [DEBUG] [org.gradle.process.internal.health.memory.DefaultMemoryManager] 1684925644 physical memory requested, 0 released, 1299148800 free
2024-10-01T12:19:33.829-0400 [DEBUG] [org.gradle.cache.internal.DefaultFileLockManager] Waiting to acquire shared lock on daemon addresses registry.
2024-10-01T12:19:33.829-0400 [DEBUG] [org.gradle.cache.internal.DefaultFileLockManager] Lock acquired on daemon addresses registry.
2024-10-01T12:19:33.829-0400 [DEBUG] [org.gradle.cache.internal.DefaultFileLockManager] Releasing lock on daemon addresses registry.
2024-10-01T12:19:33.832-0400 [DEBUG] [org.gradle.cache.internal.DefaultFileLockManager] Waiting to acquire shared lock on daemon addresses registry.
2024-10-01T12:19:33.832-0400 [DEBUG] [org.gradle.cache.internal.DefaultFileLockManager] Lock acquired on daemon addresses registry.
2024-10-01T12:19:33.832-0400 [DEBUG] [org.gradle.cache.internal.DefaultFileLockManager] Releasing lock on daemon addresses registry.
2024-10-01T12:19:33.833-0400 [DEBUG] [org.gradle.cache.internal.DefaultFileLockManager] Waiting to acquire shared lock on daemon addresses registry.
2024-10-01T12:19:33.833-0400 [DEBUG] [org.gradle.cache.internal.DefaultFileLockManager] Lock acquired on daemon addresses registry.
2024-10-01T12:19:33.834-0400 [DEBUG] [org.gradle.cache.internal.DefaultFileLockManager] Releasing lock on daemon addresses registry.
2024-10-01T12:19:36.319-0400 [DEBUG] [org.gradle.process.internal.health.memory.DefaultMemoryManager] 1684925644 physical memory requested, 1299435520 free
2024-10-01T12:19:36.319-0400 [DEBUG] [org.gradle.workers.internal.WorkerDaemonExpiration] Will attempt to release 1606 of memory
2024-10-01T12:19:36.319-0400 [DEBUG] [org.gradle.process.internal.health.memory.DefaultMemoryManager] 1684925644 physical memory requested, 0 released, 1299435520 free
2024-10-01T17:52:56.216-0400 [DEBUG] [org.gradle.process.internal.health.memory.DefaultMemoryManager] 1684925644 physical memory requested, 1676963840 free
2024-10-01T17:52:56.216-0400 [DEBUG] [org.gradle.workers.internal.WorkerDaemonExpiration] Will attempt to release 1606 of memory
2024-10-01T17:52:56.216-0400 [DEBUG] [org.gradle.process.internal.health.memory.DefaultMemoryManager] 1684925644 physical memory requested, 0 released, 1676963840 free
2024-10-01T17:52:56.222-0400 [DEBUG] [org.gradle.process.internal.health.memory.DefaultMemoryManager] 1684925644 physical memory requested, 1605812224 free
2024-10-01T17:52:56.222-0400 [DEBUG] [org.gradle.workers.internal.WorkerDaemonExpiration] Will attempt to release 1606 of memory
2024-10-01T17:52:56.222-0400 [DEBUG] [org.gradle.process.internal.health.memory.DefaultMemoryManager] 1684925644 physical memory requested, 0 released, 1605812224 free
2024-10-01T17:52:56.255-0400 [DEBUG] [org.gradle.process.internal.health.memory.DefaultMemoryManager] 1684925644 physical memory requested, 1605238784 free
2024-10-01T17:52:56.255-0400 [DEBUG] [org.gradle.workers.internal.WorkerDaemonExpiration] Will attempt to release 1606 of memory
2024-10-01T17:52:56.255-0400 [DEBUG] [org.gradle.process.internal.health.memory.DefaultMemoryManager] 1684925644 physical memory requested, 0 released, 1605238784 free
2024-10-01T17:52:56.273-0400 [DEBUG] [org.gradle.process.internal.health.memory.DefaultMemoryManager] 1684925644 physical memory requested, 1579311104 free
2024-10-01T17:52:56.273-0400 [DEBUG] [org.gradle.workers.internal.WorkerDaemonExpiration] Will attempt to release 1606 of memory
2024-10-01T17:52:56.273-0400 [DEBUG] [org.gradle.process.internal.health.memory.DefaultMemoryManager] 1684925644 physical memory requested, 0 released, 1579311104 free
2024-10-01T17:52:56.295-0400 [DEBUG] [org.gradle.process.internal.health.memory.DefaultMemoryManager] 1684925644 physical memory requested, 1569615872 free
2024-10-01T17:52:56.295-0400 [DEBUG] [org.gradle.workers.internal.WorkerDaemonExpiration] Will attempt to release 1606 of memory
2024-10-01T17:52:56.295-0400 [DEBUG] [org.gradle.process.internal.health.memory.DefaultMemoryManager] 1684925644 physical memory requested, 0 released, 1569615872 free
2024-10-01T17:52:56.317-0400 [DEBUG] [org.gradle.process.internal.health.memory.DefaultMemoryManager] 1684925644 physical memory requested, 1557184512 free
2024-10-01T17:52:56.317-0400 [DEBUG] [org.gradle.workers.internal.WorkerDaemonExpiration] Will attempt to release 1606 of memory
2024-10-01T17:52:56.317-0400 [DEBUG] [org.gradle.process.internal.health.memory.DefaultMemoryManager] 1684925644 physical memory requested, 0 released, 1557184512 free
2024-10-01T17:52:56.326-0400 [DEBUG] [org.gradle.process.internal.health.memory.DefaultMemoryManager] 1684925644 physical memory requested, 1542557696 free
2024-10-01T17:52:56.326-0400 [DEBUG] [org.gradle.workers.internal.WorkerDaemonExpiration] Will attempt to release 1606 of memory
2024-10-01T17:52:56.326-0400 [DEBUG] [org.gradle.process.internal.health.memory.DefaultMemoryManager] 1684925644 physical memory requested, 0 released, 1542557696 free
2024-10-01T17:52:56.333-0400 [DEBUG] [org.gradle.process.internal.health.memory.DefaultMemoryManager] 1684925644 physical memory requested, 1544486912 free
2024-10-01T17:52:56.333-0400 [DEBUG] [org.gradle.workers.internal.WorkerDaemonExpiration] Will attempt to release 1606 of memory
2024-10-01T17:52:56.333-0400 [DEBUG] [org.gradle.process.internal.health.memory.DefaultMemoryManager] 1684925644 physical memory requested, 0 released, 1544486912 free
2024-10-01T17:52:56.348-0400 [DEBUG] [org.gradle.process.internal.health.memory.DefaultMemoryManager] 1684925644 physical memory requested, 1552347136 free
2024-10-01T17:52:56.348-0400 [DEBUG] [org.gradle.workers.internal.WorkerDaemonExpiration] Will attempt to release 1606 of memory
2024-10-01T17:52:56.348-0400 [DEBUG] [org.gradle.process.internal.health.memory.DefaultMemoryManager] 1684925644 physical memory requested, 0 released, 1552347136 free
2024-10-01T17:52:56.353-0400 [DEBUG] [org.gradle.process.internal.health.memory.DefaultMemoryManager] 1684925644 physical memory requested, 1542856704 free
2024-10-01T17:52:56.353-0400 [DEBUG] [org.gradle.workers.internal.WorkerDaemonExpiration] Will attempt to release 1606 of memory
2024-10-01T17:52:56.353-0400 [DEBUG] [org.gradle.process.internal.health.memory.DefaultMemoryManager] 1684925644 physical memory requested, 0 released, 1542856704 free
2024-10-01T17:52:56.358-0400 [DEBUG] [org.gradle.process.internal.health.memory.DefaultMemoryManager] 1684925644 physical memory requested, 1551306752 free
2024-10-01T17:52:56.359-0400 [DEBUG] [org.gradle.workers.internal.WorkerDaemonExpiration] Will attempt to release 1606 of memory
2024-10-01T17:52:56.359-0400 [DEBUG] [org.gradle.process.internal.health.memory.DefaultMemoryManager] 1684925644 physical memory requested, 0 released, 1551306752 free
2024-10-01T17:52:56.370-0400 [DEBUG] [org.gradle.process.internal.health.memory.DefaultMemoryManager] 1684925644 physical memory requested, 1546387456 free
2024-10-01T17:52:56.370-0400 [DEBUG] [org.gradle.workers.internal.WorkerDaemonExpiration] Will attempt to release 1606 of memory
2024-10-01T17:52:56.370-0400 [DEBUG] [org.gradle.process.internal.health.memory.DefaultMemoryManager] 1684925644 physical memory requested, 0 released, 1546387456 free
2024-10-01T17:52:56.380-0400 [DEBUG] [org.gradle.process.internal.health.memory.DefaultMemoryManager] 1684925644 physical memory requested, 1547345920 free
2024-10-01T17:52:56.380-0400 [DEBUG] [org.gradle.workers.internal.WorkerDaemonExpiration] Will attempt to release 1606 of memory
2024-10-01T17:52:56.380-0400 [DEBUG] [org.gradle.process.internal.health.memory.DefaultMemoryManager] 1684925644 physical memory requested, 0 released, 1547345920 free
2024-10-01T17:52:56.386-0400 [DEBUG] [org.gradle.process.internal.health.memory.DefaultMemoryManager] 1684925644 physical memory requested, 1548853248 free
2024-10-01T17:52:56.386-0400 [DEBUG] [org.gradle.workers.internal.WorkerDaemonExpiration] Will attempt to release 1606 of memory
2024-10-01T17:52:56.386-0400 [DEBUG] [org.gradle.process.internal.health.memory.DefaultMemoryManager] 1684925644 physical memory requested, 0 released, 1548853248 free
2024-10-01T17:52:56.397-0400 [DEBUG] [org.gradle.process.internal.health.memory.DefaultMemoryManager] 1684925644 physical memory requested, 1544974336 free
2024-10-01T17:52:56.398-0400 [DEBUG] [org.gradle.workers.internal.WorkerDaemonExpiration] Will attempt to release 1606 of memory
2024-10-01T17:52:56.398-0400 [DEBUG] [org.gradle.process.internal.health.memory.DefaultMemoryManager] 1684925644 physical memory requested, 0 released, 1544974336 free
2024-10-01T17:52:56.426-0400 [DEBUG] [org.gradle.process.internal.health.memory.DefaultMemoryManager] 1684925644 physical memory requested, 1539887104 free
2024-10-01T17:52:56.426-0400 [DEBUG] [org.gradle.workers.internal.WorkerDaemonExpiration] Will attempt to release 1606 of memory
2024-10-01T17:52:56.427-0400 [DEBUG] [org.gradle.process.internal.health.memory.DefaultMemoryManager] 1684925644 physical memory requested, 0 released, 1539887104 free
2024-10-01T17:52:56.432-0400 [DEBUG] [org.gradle.process.internal.health.memory.DefaultMemoryManager] 1684925644 physical memory requested, 1535750144 free
2024-10-01T17:52:56.432-0400 [DEBUG] [org.gradle.workers.internal.WorkerDaemonExpiration] Will attempt to release 1606 of memory
2024-10-01T17:52:56.432-0400 [DEBUG] [org.gradle.process.internal.health.memory.DefaultMemoryManager] 1684925644 physical memory requested, 0 released, 1535750144 free
2024-10-01T17:52:56.448-0400 [DEBUG] [org.gradle.process.internal.health.memory.DefaultMemoryManager] 1684925644 physical memory requested, 1535438848 free
2024-10-01T17:52:56.448-0400 [DEBUG] [org.gradle.workers.internal.WorkerDaemonExpiration] Will attempt to release 1606 of memory
2024-10-01T17:52:56.448-0400 [DEBUG] [org.gradle.process.internal.health.memory.DefaultMemoryManager] 1684925644 physical memory requested, 0 released, 1535438848 free
2024-10-01T17:52:56.454-0400 [DEBUG] [org.gradle.process.internal.health.memory.DefaultMemoryManager] 1684925644 physical memory requested, 1528537088 free
2024-10-01T17:52:56.454-0400 [DEBUG] [org.gradle.workers.internal.WorkerDaemonExpiration] Will attempt to release 1606 of memory
2024-10-01T17:52:56.455-0400 [DEBUG] [org.gradle.process.internal.health.memory.DefaultMemoryManager] 1684925644 physical memory requested, 0 released, 1528537088 free
2024-10-01T17:52:56.461-0400 [DEBUG] [org.gradle.process.internal.health.memory.DefaultMemoryManager] 1684925644 physical memory requested, 1528094720 free
2024-10-01T17:52:56.461-0400 [DEBUG] [org.gradle.workers.internal.WorkerDaemonExpiration] Will attempt to release 1606 of memory
2024-10-01T17:52:56.461-0400 [DEBUG] [org.gradle.process.internal.health.memory.DefaultMemoryManager] 1684925644 physical memory requested, 0 released, 1528094720 free
2024-10-01T17:52:56.476-0400 [DEBUG] [org.gradle.process.internal.health.memory.DefaultMemoryManager] 1684925644 physical memory requested, 1525661696 free
2024-10-01T17:52:56.476-0400 [DEBUG] [org.gradle.workers.internal.WorkerDaemonExpiration] Will attempt to release 1606 of memory
2024-10-01T17:52:56.476-0400 [DEBUG] [org.gradle.process.internal.health.memory.DefaultMemoryManager] 1684925644 physical memory requested, 0 released, 1525661696 free
2024-10-01T17:52:56.482-0400 [DEBUG] [org.gradle.process.internal.health.memory.DefaultMemoryManager] 1684925644 physical memory requested, 1522491392 free
2024-10-01T17:52:56.483-0400 [DEBUG] [org.gradle.workers.internal.WorkerDaemonExpiration] Will attempt to release 1606 of memory
2024-10-01T17:52:56.483-0400 [DEBUG] [org.gradle.process.internal.health.memory.DefaultMemoryManager] 1684925644 physical memory requested, 0 released, 1522491392 free
2024-10-01T17:52:56.489-0400 [DEBUG] [org.gradle.process.internal.health.memory.DefaultMemoryManager] 1684925644 physical memory requested, 1522229248 free
2024-10-01T17:52:56.489-0400 [DEBUG] [org.gradle.workers.internal.WorkerDaemonExpiration] Will attempt to release 1606 of memory
2024-10-01T17:52:56.490-0400 [DEBUG] [org.gradle.process.internal.health.memory.DefaultMemoryManager] 1684925644 physical memory requested, 0 released, 1522229248 free
2024-10-01T17:52:56.496-0400 [DEBUG] [org.gradle.process.internal.health.memory.DefaultMemoryManager] 1684925644 physical memory requested, 1520009216 free
2024-10-01T17:52:56.496-0400 [DEBUG] [org.gradle.workers.internal.WorkerDaemonExpiration] Will attempt to release 1606 of memory
2024-10-01T17:52:56.496-0400 [DEBUG] [org.gradle.process.internal.health.memory.DefaultMemoryManager] 1684925644 physical memory requested, 0 released, 1520009216 free
2024-10-01T17:52:56.503-0400 [DEBUG] [org.gradle.process.internal.health.memory.DefaultMemoryManager] 1684925644 physical memory requested, 1519595520 free
2024-10-01T17:52:56.503-0400 [DEBUG] [org.gradle.workers.internal.WorkerDaemonExpiration] Will attempt to release 1606 of memory
2024-10-01T17:52:56.503-0400 [DEBUG] [org.gradle.process.internal.health.memory.DefaultMemoryManager] 1684925644 physical memory requested, 0 released, 1519595520 free
2024-10-01T17:52:56.509-0400 [DEBUG] [org.gradle.process.internal.health.memory.DefaultMemoryManager] 1684925644 physical memory requested, 1521324032 free
2024-10-01T17:52:56.509-0400 [DEBUG] [org.gradle.workers.internal.WorkerDaemonExpiration] Will attempt to release 1606 of memory
2024-10-01T17:52:56.509-0400 [DEBUG] [org.gradle.process.internal.health.memory.DefaultMemoryManager] 1684925644 physical memory requested, 0 released, 1521324032 free
2024-10-01T17:52:56.516-0400 [DEBUG] [org.gradle.process.internal.health.memory.DefaultMemoryManager] 1684925644 physical memory requested, 1521455104 free
2024-10-01T17:52:56.516-0400 [DEBUG] [org.gradle.workers.internal.WorkerDaemonExpiration] Will attempt to release 1606 of memory
2024-10-01T17:52:56.517-0400 [DEBUG] [org.gradle.process.internal.health.memory.DefaultMemoryManager] 1684925644 physical memory requested, 0 released, 1521455104 free
2024-10-01T17:52:56.524-0400 [DEBUG] [org.gradle.process.internal.health.memory.DefaultMemoryManager] 1684925644 physical memory requested, 1521131520 free
2024-10-01T17:52:56.524-0400 [DEBUG] [org.gradle.workers.internal.WorkerDaemonExpiration] Will attempt to release 1606 of memory
2024-10-01T17:52:56.524-0400 [DEBUG] [org.gradle.process.internal.health.memory.DefaultMemoryManager] 1684925644 physical memory requested, 0 released, 1521131520 free
2024-10-01T17:52:56.531-0400 [DEBUG] [org.gradle.process.internal.health.memory.DefaultMemoryManager] 1684925644 physical memory requested, 1515659264 free
2024-10-01T17:52:56.531-0400 [DEBUG] [org.gradle.workers.internal.WorkerDaemonExpiration] Will attempt to release 1606 of memory
2024-10-01T17:52:56.531-0400 [DEBUG] [org.gradle.process.internal.health.memory.DefaultMemoryManager] 1684925644 physical memory requested, 0 released, 1515659264 free
2024-10-01T17:52:56.538-0400 [DEBUG] [org.gradle.process.internal.health.memory.DefaultMemoryManager] 1684925644 physical memory requested, 1517637632 free
2024-10-01T17:52:56.538-0400 [DEBUG] [org.gradle.workers.internal.WorkerDaemonExpiration] Will attempt to release 1606 of memory
2024-10-01T17:52:56.538-0400 [DEBUG] [org.gradle.process.internal.health.memory.DefaultMemoryManager] 1684925644 physical memory requested, 0 released, 1517637632 free
2024-10-01T17:52:56.550-0400 [DEBUG] [org.gradle.process.internal.health.memory.DefaultMemoryManager] 1684925644 physical memory requested, 1525993472 free
2024-10-01T17:52:56.550-0400 [DEBUG] [org.gradle.workers.internal.WorkerDaemonExpiration] Will attempt to release 1606 of memory
2024-10-01T17:52:56.550-0400 [DEBUG] [org.gradle.process.internal.health.memory.DefaultMemoryManager] 1684925644 physical memory requested, 0 released, 1525993472 free
2024-10-01T17:52:56.564-0400 [DEBUG] [org.gradle.process.internal.health.memory.DefaultMemoryManager] 1684925644 physical memory requested, 1514504192 free
2024-10-01T17:52:56.564-0400 [DEBUG] [org.gradle.workers.internal.WorkerDaemonExpiration] Will attempt to release 1606 of memory
2024-10-01T17:52:56.564-0400 [DEBUG] [org.gradle.process.internal.health.memory.DefaultMemoryManager] 1684925644 physical memory requested, 0 released, 1514504192 free
2024-10-01T17:52:56.574-0400 [DEBUG] [org.gradle.process.internal.health.memory.DefaultMemoryManager] 1684925644 physical memory requested, 1519865856 free
2024-10-01T17:52:56.574-0400 [DEBUG] [org.gradle.workers.internal.WorkerDaemonExpiration] Will attempt to release 1606 of memory
2024-10-01T17:52:56.574-0400 [DEBUG] [org.gradle.process.internal.health.memory.DefaultMemoryManager] 1684925644 physical memory requested, 0 released, 1519865856 free
2024-10-01T17:52:56.586-0400 [DEBUG] [org.gradle.process.internal.health.memory.DefaultMemoryManager] 1684925644 physical memory requested, 1519906816 free
2024-10-01T17:52:56.587-0400 [DEBUG] [org.gradle.workers.internal.WorkerDaemonExpiration] Will attempt to release 1606 of memory
2024-10-01T17:52:56.587-0400 [DEBUG] [org.gradle.process.internal.health.memory.DefaultMemoryManager] 1684925644 physical memory requested, 0 released, 1519906816 free
2024-10-01T17:52:56.599-0400 [DEBUG] [org.gradle.process.internal.health.memory.DefaultMemoryManager] 1684925644 physical memory requested, 1527517184 free
2024-10-01T17:52:56.599-0400 [DEBUG] [org.gradle.workers.internal.WorkerDaemonExpiration] Will attempt to release 1606 of memory
2024-10-01T17:52:56.599-0400 [DEBUG] [org.gradle.process.internal.health.memory.DefaultMemoryManager] 1684925644 physical memory requested, 0 released, 1527517184 free
2024-10-01T17:52:56.610-0400 [DEBUG] [org.gradle.process.internal.health.memory.DefaultMemoryManager] 1684925644 physical memory requested, 1531895808 free
2024-10-01T17:52:56.611-0400 [DEBUG] [org.gradle.workers.internal.WorkerDaemonExpiration] Will attempt to release 1606 of memory
2024-10-01T17:52:56.611-0400 [DEBUG] [org.gradle.process.internal.health.memory.DefaultMemoryManager] 1684925644 physical memory requested, 0 released, 1531895808 free
2024-10-01T17:52:56.628-0400 [DEBUG] [org.gradle.process.internal.health.memory.DefaultMemoryManager] 1684925644 physical memory requested, 1523355648 free
2024-10-01T17:52:56.628-0400 [DEBUG] [org.gradle.workers.internal.WorkerDaemonExpiration] Will attempt to release 1606 of memory
2024-10-01T17:52:56.628-0400 [DEBUG] [org.gradle.process.internal.health.memory.DefaultMemoryManager] 1684925644 physical memory requested, 0 released, 1523355648 free
2024-10-01T17:52:56.639-0400 [DEBUG] [org.gradle.process.internal.health.memory.DefaultMemoryManager] 1684925644 physical memory requested, 1523445760 free
2024-10-01T17:52:56.639-0400 [DEBUG] [org.gradle.workers.internal.WorkerDaemonExpiration] Will attempt to release 1606 of memory
2024-10-01T17:52:56.639-0400 [DEBUG] [org.gradle.process.internal.health.memory.DefaultMemoryManager] 1684925644 physical memory requested, 0 released, 1523445760 free
2024-10-01T17:52:56.649-0400 [DEBUG] [org.gradle.process.internal.health.memory.DefaultMemoryManager] 1684925644 physical memory requested, 1524854784 free
2024-10-01T17:52:56.649-0400 [DEBUG] [org.gradle.workers.internal.WorkerDaemonExpiration] Will attempt to release 1606 of memory
2024-10-01T17:52:56.649-0400 [DEBUG] [org.gradle.process.internal.health.memory.DefaultMemoryManager] 1684925644 physical memory requested, 0 released, 1524854784 free
2024-10-01T17:52:56.659-0400 [DEBUG] [org.gradle.process.internal.health.memory.DefaultMemoryManager] 1684925644 physical memory requested, 1523630080 free
2024-10-01T17:52:56.660-0400 [DEBUG] [org.gradle.workers.internal.WorkerDaemonExpiration] Will attempt to release 1606 of memory
2024-10-01T17:52:56.660-0400 [DEBUG] [org.gradle.process.internal.health.memory.DefaultMemoryManager] 1684925644 physical memory requested, 0 released, 1523630080 free
2024-10-01T17:52:56.669-0400 [DEBUG] [org.gradle.process.internal.health.memory.DefaultMemoryManager] 1684925644 physical memory requested, 1524219904 free
2024-10-01T17:52:56.669-0400 [DEBUG] [org.gradle.workers.internal.WorkerDaemonExpiration] Will attempt to release 1606 of memory
2024-10-01T17:52:56.670-0400 [DEBUG] [org.gradle.process.internal.health.memory.DefaultMemoryManager] 1684925644 physical memory requested, 0 released, 1524219904 free
2024-10-01T17:52:56.679-0400 [DEBUG] [org.gradle.process.internal.health.memory.DefaultMemoryManager] 1684925644 physical memory requested, 1523056640 free
2024-10-01T17:52:56.679-0400 [DEBUG] [org.gradle.workers.internal.WorkerDaemonExpiration] Will attempt to release 1606 of memory
2024-10-01T17:52:56.679-0400 [DEBUG] [org.gradle.process.internal.health.memory.DefaultMemoryManager] 1684925644 physical memory requested, 0 released, 1523056640 free
2024-10-01T17:52:56.689-0400 [DEBUG] [org.gradle.process.internal.health.memory.DefaultMemoryManager] 1684925644 physical memory requested, 1525420032 free
2024-10-01T17:52:56.690-0400 [DEBUG] [org.gradle.workers.internal.WorkerDaemonExpiration] Will attempt to release 1606 of memory
2024-10-01T17:52:56.690-0400 [DEBUG] [org.gradle.process.internal.health.memory.DefaultMemoryManager] 1684925644 physical memory requested, 0 released, 1525420032 free
2024-10-01T17:52:56.707-0400 [DEBUG] [org.gradle.process.internal.health.memory.DefaultMemoryManager] 1684925644 physical memory requested, 1523097600 free
2024-10-01T17:52:56.707-0400 [DEBUG] [org.gradle.workers.internal.WorkerDaemonExpiration] Will attempt to release 1606 of memory
2024-10-01T17:52:56.707-0400 [DEBUG] [org.gradle.process.internal.health.memory.DefaultMemoryManager] 1684925644 physical memory requested, 0 released, 1523097600 free
2024-10-01T17:52:56.717-0400 [DEBUG] [org.gradle.process.internal.health.memory.DefaultMemoryManager] 1684925644 physical memory requested, 1518452736 free
2024-10-01T17:52:56.717-0400 [DEBUG] [org.gradle.workers.internal.WorkerDaemonExpiration] Will attempt to release 1606 of memory
2024-10-01T17:52:56.717-0400 [DEBUG] [org.gradle.process.internal.health.memory.DefaultMemoryManager] 1684925644 physical memory requested, 0 released, 1518452736 free
2024-10-01T17:52:56.726-0400 [DEBUG] [org.gradle.process.internal.health.memory.DefaultMemoryManager] 1684925644 physical memory requested, 1517895680 free
2024-10-01T17:52:56.726-0400 [DEBUG] [org.gradle.workers.internal.WorkerDaemonExpiration] Will attempt to release 1606 of memory
2024-10-01T17:52:56.727-0400 [DEBUG] [org.gradle.process.internal.health.memory.DefaultMemoryManager] 1684925644 physical memory requested, 0 released, 1517895680 free
2024-10-01T17:52:56.737-0400 [DEBUG] [org.gradle.process.internal.health.memory.DefaultMemoryManager] 1684925644 physical memory requested, 1518522368 free
2024-10-01T17:52:56.737-0400 [DEBUG] [org.gradle.workers.internal.WorkerDaemonExpiration] Will attempt to release 1606 of memory
2024-10-01T17:52:56.737-0400 [DEBUG] [org.gradle.process.internal.health.memory.DefaultMemoryManager] 1684925644 physical memory requested, 0 released, 1518522368 free
2024-10-01T17:52:56.747-0400 [DEBUG] [org.gradle.process.internal.health.memory.DefaultMemoryManager] 1684925644 physical memory requested, 1518170112 free
2024-10-01T17:52:56.748-0400 [DEBUG] [org.gradle.workers.internal.WorkerDaemonExpiration] Will attempt to release 1606 of memory
2024-10-01T17:52:56.748-0400 [DEBUG] [org.gradle.process.internal.health.memory.DefaultMemoryManager] 1684925644 physical memory requested, 0 released, 1518170112 free
2024-10-01T17:52:56.757-0400 [DEBUG] [org.gradle.process.internal.health.memory.DefaultMemoryManager] 1684925644 physical memory requested, 1516150784 free
2024-10-01T17:52:56.757-0400 [DEBUG] [org.gradle.workers.internal.WorkerDaemonExpiration] Will attempt to release 1606 of memory
2024-10-01T17:52:56.757-0400 [DEBUG] [org.gradle.process.internal.health.memory.DefaultMemoryManager] 1684925644 physical memory requested, 0 released, 1516150784 free
2024-10-01T17:52:56.768-0400 [DEBUG] [org.gradle.process.internal.health.memory.DefaultMemoryManager] 1684925644 physical memory requested, 1515552768 free
2024-10-01T17:52:56.768-0400 [DEBUG] [org.gradle.workers.internal.WorkerDaemonExpiration] Will attempt to release 1606 of memory
2024-10-01T17:52:56.768-0400 [DEBUG] [org.gradle.process.internal.health.memory.DefaultMemoryManager] 1684925644 physical memory requested, 0 released, 1515552768 free
2024-10-01T17:52:56.778-0400 [DEBUG] [org.gradle.process.internal.health.memory.DefaultMemoryManager] 1684925644 physical memory requested, 1510498304 free
2024-10-01T17:52:56.778-0400 [DEBUG] [org.gradle.workers.internal.WorkerDaemonExpiration] Will attempt to release 1606 of memory
2024-10-01T17:52:56.778-0400 [DEBUG] [org.gradle.process.internal.health.memory.DefaultMemoryManager] 1684925644 physical memory requested, 0 released, 1510498304 free
2024-10-01T17:52:56.787-0400 [DEBUG] [org.gradle.process.internal.health.memory.DefaultMemoryManager] 1684925644 physical memory requested, 1512382464 free
2024-10-01T17:52:56.787-0400 [DEBUG] [org.gradle.workers.internal.WorkerDaemonExpiration] Will attempt to release 1606 of memory
2024-10-01T17:52:56.788-0400 [DEBUG] [org.gradle.process.internal.health.memory.DefaultMemoryManager] 1684925644 physical memory requested, 0 released, 1512382464 free
2024-10-01T17:52:56.796-0400 [DEBUG] [org.gradle.process.internal.health.memory.DefaultMemoryManager] 1684925644 physical memory requested, 1512431616 free
2024-10-01T17:52:56.796-0400 [DEBUG] [org.gradle.workers.internal.WorkerDaemonExpiration] Will attempt to release 1606 of memory
2024-10-01T17:52:56.796-0400 [DEBUG] [org.gradle.process.internal.health.memory.DefaultMemoryManager] 1684925644 physical memory requested, 0 released, 1512431616 free
2024-10-01T17:52:56.805-0400 [DEBUG] [org.gradle.process.internal.health.memory.DefaultMemoryManager] 1684925644 physical memory requested, 1511215104 free
2024-10-01T17:52:56.806-0400 [DEBUG] [org.gradle.workers.internal.WorkerDaemonExpiration] Will attempt to release 1606 of memory
2024-10-01T17:52:56.806-0400 [DEBUG] [org.gradle.process.internal.health.memory.DefaultMemoryManager] 1684925644 physical memory requested, 0 released, 1511215104 free
2024-10-01T17:52:56.815-0400 [DEBUG] [org.gradle.process.internal.health.memory.DefaultMemoryManager] 1684925644 physical memory requested, 1511538688 free
2024-10-01T17:52:56.815-0400 [DEBUG] [org.gradle.workers.internal.WorkerDaemonExpiration] Will attempt to release 1606 of memory
2024-10-01T17:52:56.815-0400 [DEBUG] [org.gradle.process.internal.health.memory.DefaultMemoryManager] 1684925644 physical memory requested, 0 released, 1511538688 free
2024-10-01T17:52:56.826-0400 [DEBUG] [org.gradle.process.internal.health.memory.DefaultMemoryManager] 1684925644 physical memory requested, 1511874560 free
2024-10-01T17:52:56.826-0400 [DEBUG] [org.gradle.workers.internal.WorkerDaemonExpiration] Will attempt to release 1606 of memory
2024-10-01T17:52:56.826-0400 [DEBUG] [org.gradle.process.internal.health.memory.DefaultMemoryManager] 1684925644 physical memory requested, 0 released, 1511874560 free
2024-10-01T17:52:56.845-0400 [DEBUG] [org.gradle.process.internal.health.memory.DefaultMemoryManager] 1684925644 physical memory requested, 1498587136 free
2024-10-01T17:52:56.845-0400 [DEBUG] [org.gradle.workers.internal.WorkerDaemonExpiration] Will attempt to release 1606 of memory
2024-10-01T17:52:56.845-0400 [DEBUG] [org.gradle.process.internal.health.memory.DefaultMemoryManager] 1684925644 physical memory requested, 0 released, 1498587136 free
2024-10-01T17:52:56.865-0400 [DEBUG] [org.gradle.process.internal.health.memory.DefaultMemoryManager] 1684925644 physical memory requested, 1503043584 free
2024-10-01T17:52:56.865-0400 [DEBUG] [org.gradle.workers.internal.WorkerDaemonExpiration] Will attempt to release 1606 of memory
2024-10-01T17:52:56.865-0400 [DEBUG] [org.gradle.process.internal.health.memory.DefaultMemoryManager] 1684925644 physical memory requested, 0 released, 1503043584 free
2024-10-01T17:52:56.874-0400 [DEBUG] [org.gradle.process.internal.health.memory.DefaultMemoryManager] 1684925644 physical memory requested, 1501822976 free
2024-10-01T17:52:56.874-0400 [DEBUG] [org.gradle.workers.internal.WorkerDaemonExpiration] Will attempt to release 1606 of memory
2024-10-01T17:52:56.874-0400 [DEBUG] [org.gradle.process.internal.health.memory.DefaultMemoryManager] 1684925644 physical memory requested, 0 released, 1501822976 free
2024-10-01T17:52:56.896-0400 [DEBUG] [org.gradle.process.internal.health.memory.DefaultMemoryManager] 1684925644 physical memory requested, 1498341376 free
2024-10-01T17:52:56.896-0400 [DEBUG] [org.gradle.workers.internal.WorkerDaemonExpiration] Will attempt to release 1606 of memory
2024-10-01T17:52:56.896-0400 [DEBUG] [org.gradle.process.internal.health.memory.DefaultMemoryManager] 1684925644 physical memory requested, 0 released, 1498341376 free
2024-10-01T17:52:56.923-0400 [DEBUG] [org.gradle.process.internal.health.memory.DefaultMemoryManager] 1684925644 physical memory requested, 1490673664 free
2024-10-01T17:52:56.923-0400 [DEBUG] [org.gradle.workers.internal.WorkerDaemonExpiration] Will attempt to release 1606 of memory
2024-10-01T17:52:56.923-0400 [DEBUG] [org.gradle.process.internal.health.memory.DefaultMemoryManager] 1684925644 physical memory requested, 0 released, 1490673664 free
2024-10-01T17:52:56.936-0400 [DEBUG] [org.gradle.process.internal.health.memory.DefaultMemoryManager] 1684925644 physical memory requested, 1491030016 free
2024-10-01T17:52:56.936-0400 [DEBUG] [org.gradle.workers.internal.WorkerDaemonExpiration] Will attempt to release 1606 of memory
2024-10-01T17:52:56.936-0400 [DEBUG] [org.gradle.process.internal.health.memory.DefaultMemoryManager] 1684925644 physical memory requested, 0 released, 1491030016 free
2024-10-01T17:52:56.946-0400 [DEBUG] [org.gradle.process.internal.health.memory.DefaultMemoryManager] 1684925644 physical memory requested, 1494298624 free
2024-10-01T17:52:56.947-0400 [DEBUG] [org.gradle.workers.internal.WorkerDaemonExpiration] Will attempt to release 1606 of memory
2024-10-01T17:52:56.947-0400 [DEBUG] [org.gradle.process.internal.health.memory.DefaultMemoryManager] 1684925644 physical memory requested, 0 released, 1494298624 free
2024-10-01T17:52:56.959-0400 [DEBUG] [org.gradle.process.internal.health.memory.DefaultMemoryManager] 1684925644 physical memory requested, 1496186880 free
2024-10-01T17:52:56.959-0400 [DEBUG] [org.gradle.workers.internal.WorkerDaemonExpiration] Will attempt to release 1606 of memory
2024-10-01T17:52:56.959-0400 [DEBUG] [org.gradle.process.internal.health.memory.DefaultMemoryManager] 1684925644 physical memory requested, 0 released, 1496186880 free
2024-10-01T17:52:56.971-0400 [DEBUG] [org.gradle.process.internal.health.memory.DefaultMemoryManager] 1684925644 physical memory requested, 1497305088 free
2024-10-01T17:52:56.971-0400 [DEBUG] [org.gradle.workers.internal.WorkerDaemonExpiration] Will attempt to release 1606 of memory
2024-10-01T17:52:56.971-0400 [DEBUG] [org.gradle.process.internal.health.memory.DefaultMemoryManager] 1684925644 physical memory requested, 0 released, 1497305088 free
2024-10-01T17:52:56.982-0400 [DEBUG] [org.gradle.process.internal.health.memory.DefaultMemoryManager] 1684925644 physical memory requested, 1497931776 free
2024-10-01T17:52:56.982-0400 [DEBUG] [org.gradle.workers.internal.WorkerDaemonExpiration] Will attempt to release 1606 of memory
2024-10-01T17:52:56.982-0400 [DEBUG] [org.gradle.process.internal.health.memory.DefaultMemoryManager] 1684925644 physical memory requested, 0 released, 1497931776 free
2024-10-01T17:52:56.990-0400 [DEBUG] [org.gradle.process.internal.health.memory.DefaultMemoryManager] 1684925644 physical memory requested, 1492668416 free
2024-10-01T17:52:56.991-0400 [DEBUG] [org.gradle.workers.internal.WorkerDaemonExpiration] Will attempt to release 1606 of memory
2024-10-01T17:52:56.991-0400 [DEBUG] [org.gradle.process.internal.health.memory.DefaultMemoryManager] 1684925644 physical memory requested, 0 released, 1492668416 free
2024-10-01T17:52:57.001-0400 [DEBUG] [org.gradle.process.internal.health.memory.DefaultMemoryManager] 1684925644 physical memory requested, 1488818176 free
2024-10-01T17:52:57.001-0400 [DEBUG] [org.gradle.workers.internal.WorkerDaemonExpiration] Will attempt to release 1606 of memory
2024-10-01T17:52:57.001-0400 [DEBUG] [org.gradle.process.internal.health.memory.DefaultMemoryManager] 1684925644 physical memory requested, 0 released, 1488818176 free
2024-10-01T17:52:57.010-0400 [DEBUG] [org.gradle.process.internal.health.memory.DefaultMemoryManager] 1684925644 physical memory requested, 1486123008 free
2024-10-01T17:52:57.010-0400 [DEBUG] [org.gradle.workers.internal.WorkerDaemonExpiration] Will attempt to release 1606 of memory
2024-10-01T17:52:57.011-0400 [DEBUG] [org.gradle.process.internal.health.memory.DefaultMemoryManager] 1684925644 physical memory requested, 0 released, 1486123008 free
2024-10-01T17:52:57.023-0400 [DEBUG] [org.gradle.process.internal.health.memory.DefaultMemoryManager] 1684925644 physical memory requested, 1485750272 free
2024-10-01T17:52:57.023-0400 [DEBUG] [org.gradle.workers.internal.WorkerDaemonExpiration] Will attempt to release 1606 of memory
2024-10-01T17:52:57.023-0400 [DEBUG] [org.gradle.process.internal.health.memory.DefaultMemoryManager] 1684925644 physical memory requested, 0 released, 1485750272 free
2024-10-01T17:52:57.032-0400 [DEBUG] [org.gradle.process.internal.health.memory.DefaultMemoryManager] 1684925644 physical memory requested, 1488183296 free
2024-10-01T17:52:57.032-0400 [DEBUG] [org.gradle.workers.internal.WorkerDaemonExpiration] Will attempt to release 1606 of memory
2024-10-01T17:52:57.032-0400 [DEBUG] [org.gradle.process.internal.health.memory.DefaultMemoryManager] 1684925644 physical memory requested, 0 released, 1488183296 free
2024-10-01T17:52:57.052-0400 [DEBUG] [org.gradle.process.internal.health.memory.DefaultMemoryManager] 1684925644 physical memory requested, 1489920000 free
2024-10-01T17:52:57.052-0400 [DEBUG] [org.gradle.workers.internal.WorkerDaemonExpiration] Will attempt to release 1606 of memory
2024-10-01T17:52:57.052-0400 [DEBUG] [org.gradle.process.internal.health.memory.DefaultMemoryManager] 1684925644 physical memory requested, 0 released, 1489920000 free
2024-10-01T17:52:57.070-0400 [DEBUG] [org.gradle.process.internal.health.memory.DefaultMemoryManager] 1684925644 physical memory requested, 1476407296 free
2024-10-01T17:52:57.070-0400 [DEBUG] [org.gradle.workers.internal.WorkerDaemonExpiration] Will attempt to release 1606 of memory
2024-10-01T17:52:57.070-0400 [DEBUG] [org.gradle.process.internal.health.memory.DefaultMemoryManager] 1684925644 physical memory requested, 0 released, 1476407296 free
2024-10-01T17:52:57.082-0400 [DEBUG] [org.gradle.process.internal.health.memory.DefaultMemoryManager] 1684925644 physical memory requested, 1472430080 free
2024-10-01T17:52:57.082-0400 [DEBUG] [org.gradle.workers.internal.WorkerDaemonExpiration] Will attempt to release 1606 of memory
2024-10-01T17:52:57.083-0400 [DEBUG] [org.gradle.process.internal.health.memory.DefaultMemoryManager] 1684925644 physical memory requested, 0 released, 1472430080 free
2024-10-01T17:52:57.092-0400 [DEBUG] [org.gradle.process.internal.health.memory.DefaultMemoryManager] 1684925644 physical memory requested, 1469972480 free
2024-10-01T17:52:57.092-0400 [DEBUG] [org.gradle.workers.internal.WorkerDaemonExpiration] Will attempt to release 1606 of memory
2024-10-01T17:52:57.092-0400 [DEBUG] [org.gradle.process.internal.health.memory.DefaultMemoryManager] 1684925644 physical memory requested, 0 released, 1469972480 free
2024-10-01T17:52:57.104-0400 [DEBUG] [org.gradle.process.internal.health.memory.DefaultMemoryManager] 1684925644 physical memory requested, 1467805696 free
2024-10-01T17:52:57.104-0400 [DEBUG] [org.gradle.workers.internal.WorkerDaemonExpiration] Will attempt to release 1606 of memory
2024-10-01T17:52:57.104-0400 [DEBUG] [org.gradle.process.internal.health.memory.DefaultMemoryManager] 1684925644 physical memory requested, 0 released, 1467805696 free
2024-10-01T17:52:57.114-0400 [DEBUG] [org.gradle.process.internal.health.memory.DefaultMemoryManager] 1684925644 physical memory requested, 1470025728 free
2024-10-01T17:52:57.114-0400 [DEBUG] [org.gradle.workers.internal.WorkerDaemonExpiration] Will attempt to release 1606 of memory
2024-10-01T17:52:57.114-0400 [DEBUG] [org.gradle.process.internal.health.memory.DefaultMemoryManager] 1684925644 physical memory requested, 0 released, 1470025728 free
2024-10-01T17:52:57.127-0400 [DEBUG] [org.gradle.process.internal.health.memory.DefaultMemoryManager] 1684925644 physical memory requested, 1469710336 free
2024-10-01T17:52:57.127-0400 [DEBUG] [org.gradle.workers.internal.WorkerDaemonExpiration] Will attempt to release 1606 of memory
2024-10-01T17:52:57.127-0400 [DEBUG] [org.gradle.process.internal.health.memory.DefaultMemoryManager] 1684925644 physical memory requested, 0 released, 1469710336 free
2024-10-01T17:52:57.138-0400 [DEBUG] [org.gradle.process.internal.health.memory.DefaultMemoryManager] 1684925644 physical memory requested, 1468248064 free
2024-10-01T17:52:57.139-0400 [DEBUG] [org.gradle.workers.internal.WorkerDaemonExpiration] Will attempt to release 1606 of memory
2024-10-01T17:52:57.139-0400 [DEBUG] [org.gradle.process.internal.health.memory.DefaultMemoryManager] 1684925644 physical memory requested, 0 released, 1468248064 free
2024-10-01T17:52:57.150-0400 [DEBUG] [org.gradle.process.internal.health.memory.DefaultMemoryManager] 1684925644 physical memory requested, 1465913344 free
2024-10-01T17:52:57.150-0400 [DEBUG] [org.gradle.workers.internal.WorkerDaemonExpiration] Will attempt to release 1606 of memory
2024-10-01T17:52:57.150-0400 [DEBUG] [org.gradle.process.internal.health.memory.DefaultMemoryManager] 1684925644 physical memory requested, 0 released, 1465913344 free
2024-10-01T17:52:57.163-0400 [DEBUG] [org.gradle.process.internal.health.memory.DefaultMemoryManager] 1684925644 physical memory requested, 1467379712 free
2024-10-01T17:52:57.163-0400 [DEBUG] [org.gradle.workers.internal.WorkerDaemonExpiration] Will attempt to release 1606 of memory
2024-10-01T17:52:57.163-0400 [DEBUG] [org.gradle.process.internal.health.memory.DefaultMemoryManager] 1684925644 physical memory requested, 0 released, 1467379712 free
2024-10-01T17:52:57.229-0400 [DEBUG] [org.gradle.process.internal.health.memory.DefaultMemoryManager] 1684925644 physical memory requested, 1463762944 free
2024-10-01T17:52:57.232-0400 [DEBUG] [org.gradle.workers.internal.WorkerDaemonExpiration] Will attempt to release 1606 of memory
2024-10-01T17:52:57.232-0400 [DEBUG] [org.gradle.process.internal.health.memory.DefaultMemoryManager] 1684925644 physical memory requested, 0 released, 1463762944 free
2024-10-01T17:52:57.271-0400 [DEBUG] [org.gradle.process.internal.health.memory.DefaultMemoryManager] 1684925644 physical memory requested, 1432219648 free
2024-10-01T17:52:57.272-0400 [DEBUG] [org.gradle.workers.internal.WorkerDaemonExpiration] Will attempt to release 1606 of memory
2024-10-01T17:52:57.272-0400 [DEBUG] [org.gradle.process.internal.health.memory.DefaultMemoryManager] 1684925644 physical memory requested, 0 released, 1432219648 free
2024-10-01T17:52:57.284-0400 [DEBUG] [org.gradle.process.internal.health.memory.DefaultMemoryManager] 1684925644 physical memory requested, 1444528128 free
2024-10-01T17:52:57.284-0400 [DEBUG] [org.gradle.workers.internal.WorkerDaemonExpiration] Will attempt to release 1606 of memory
2024-10-01T17:52:57.284-0400 [DEBUG] [org.gradle.process.internal.health.memory.DefaultMemoryManager] 1684925644 physical memory requested, 0 released, 1444528128 free
2024-10-01T17:52:57.296-0400 [DEBUG] [org.gradle.process.internal.health.memory.DefaultMemoryManager] 1684925644 physical memory requested, 1443172352 free
2024-10-01T17:52:57.296-0400 [DEBUG] [org.gradle.workers.internal.WorkerDaemonExpiration] Will attempt to release 1606 of memory
2024-10-01T17:52:57.296-0400 [DEBUG] [org.gradle.process.internal.health.memory.DefaultMemoryManager] 1684925644 physical memory requested, 0 released, 1443172352 free
2024-10-01T17:52:57.305-0400 [DEBUG] [org.gradle.process.internal.health.memory.DefaultMemoryManager] 1684925644 physical memory requested, 1443823616 free
2024-10-01T17:52:57.305-0400 [DEBUG] [org.gradle.workers.internal.WorkerDaemonExpiration] Will attempt to release 1606 of memory
2024-10-01T17:52:57.305-0400 [DEBUG] [org.gradle.process.internal.health.memory.DefaultMemoryManager] 1684925644 physical memory requested, 0 released, 1443823616 free
2024-10-01T17:52:57.317-0400 [DEBUG] [org.gradle.process.internal.health.memory.DefaultMemoryManager] 1684925644 physical memory requested, 1443594240 free
2024-10-01T17:52:57.317-0400 [DEBUG] [org.gradle.workers.internal.WorkerDaemonExpiration] Will attempt to release 1606 of memory
2024-10-01T17:52:57.317-0400 [DEBUG] [org.gradle.process.internal.health.memory.DefaultMemoryManager] 1684925644 physical memory requested, 0 released, 1443594240 free
2024-10-01T17:52:57.327-0400 [DEBUG] [org.gradle.process.internal.health.memory.DefaultMemoryManager] 1684925644 physical memory requested, 1442258944 free
2024-10-01T17:52:57.327-0400 [DEBUG] [org.gradle.workers.internal.WorkerDaemonExpiration] Will attempt to release 1606 of memory
2024-10-01T17:52:57.327-0400 [DEBUG] [org.gradle.process.internal.health.memory.DefaultMemoryManager] 1684925644 physical memory requested, 0 released, 1442258944 free
2024-10-01T17:52:57.337-0400 [DEBUG] [org.gradle.process.internal.health.memory.DefaultMemoryManager] 1684925644 physical memory requested, 1427320832 free
2024-10-01T17:52:57.337-0400 [DEBUG] [org.gradle.workers.internal.WorkerDaemonExpiration] Will attempt to release 1606 of memory
2024-10-01T17:52:57.337-0400 [DEBUG] [org.gradle.process.internal.health.memory.DefaultMemoryManager] 1684925644 physical memory requested, 0 released, 1427320832 free
2024-10-01T17:52:57.348-0400 [DEBUG] [org.gradle.process.internal.health.memory.DefaultMemoryManager] 1684925644 physical memory requested, 1439145984 free
2024-10-01T17:52:57.348-0400 [DEBUG] [org.gradle.workers.internal.WorkerDaemonExpiration] Will attempt to release 1606 of memory
2024-10-01T17:52:57.349-0400 [DEBUG] [org.gradle.process.internal.health.memory.DefaultMemoryManager] 1684925644 physical memory requested, 0 released, 1439145984 free
2024-10-01T17:52:57.369-0400 [DEBUG] [org.gradle.process.internal.health.memory.DefaultMemoryManager] 1684925644 physical memory requested, 1439686656 free
2024-10-01T17:52:57.369-0400 [DEBUG] [org.gradle.workers.internal.WorkerDaemonExpiration] Will attempt to release 1606 of memory
2024-10-01T17:52:57.369-0400 [DEBUG] [org.gradle.process.internal.health.memory.DefaultMemoryManager] 1684925644 physical memory requested, 0 released, 1439686656 free
2024-10-01T17:52:57.381-0400 [DEBUG] [org.gradle.process.internal.health.memory.DefaultMemoryManager] 1684925644 physical memory requested, 1438765056 free
2024-10-01T17:52:57.381-0400 [DEBUG] [org.gradle.workers.internal.WorkerDaemonExpiration] Will attempt to release 1606 of memory
2024-10-01T17:52:57.381-0400 [DEBUG] [org.gradle.process.internal.health.memory.DefaultMemoryManager] 1684925644 physical memory requested, 0 released, 1438765056 free
2024-10-01T17:52:57.392-0400 [DEBUG] [org.gradle.process.internal.health.memory.DefaultMemoryManager] 1684925644 physical memory requested, 1425285120 free
2024-10-01T17:52:57.392-0400 [DEBUG] [org.gradle.workers.internal.WorkerDaemonExpiration] Will attempt to release 1606 of memory
2024-10-01T17:52:57.392-0400 [DEBUG] [org.gradle.process.internal.health.memory.DefaultMemoryManager] 1684925644 physical memory requested, 0 released, 1425285120 free
2024-10-01T17:52:57.419-0400 [DEBUG] [org.gradle.process.internal.health.memory.DefaultMemoryManager] 1684925644 physical memory requested, 1423011840 free
2024-10-01T17:52:57.419-0400 [DEBUG] [org.gradle.workers.internal.WorkerDaemonExpiration] Will attempt to release 1606 of memory
2024-10-01T17:52:57.419-0400 [DEBUG] [org.gradle.process.internal.health.memory.DefaultMemoryManager] 1684925644 physical memory requested, 0 released, 1423011840 free
2024-10-01T17:52:57.429-0400 [DEBUG] [org.gradle.process.internal.health.memory.DefaultMemoryManager] 1684925644 physical memory requested, 1424207872 free
2024-10-01T17:52:57.430-0400 [DEBUG] [org.gradle.workers.internal.WorkerDaemonExpiration] Will attempt to release 1606 of memory
2024-10-01T17:52:57.430-0400 [DEBUG] [org.gradle.process.internal.health.memory.DefaultMemoryManager] 1684925644 physical memory requested, 0 released, 1424207872 free
2024-10-01T17:52:57.440-0400 [DEBUG] [org.gradle.process.internal.health.memory.DefaultMemoryManager] 1684925644 physical memory requested, 1424715776 free
2024-10-01T17:52:57.440-0400 [DEBUG] [org.gradle.workers.internal.WorkerDaemonExpiration] Will attempt to release 1606 of memory
2024-10-01T17:52:57.440-0400 [DEBUG] [org.gradle.process.internal.health.memory.DefaultMemoryManager] 1684925644 physical memory requested, 0 released, 1424715776 free
2024-10-01T17:52:57.465-0400 [DEBUG] [org.gradle.process.internal.health.memory.DefaultMemoryManager] 1684925644 physical memory requested, 1424891904 free
2024-10-01T17:52:57.465-0400 [DEBUG] [org.gradle.workers.internal.WorkerDaemonExpiration] Will attempt to release 1606 of memory
2024-10-01T17:52:57.465-0400 [DEBUG] [org.gradle.process.internal.health.memory.DefaultMemoryManager] 1684925644 physical memory requested, 0 released, 1424891904 free
2024-10-01T17:52:57.476-0400 [DEBUG] [org.gradle.process.internal.health.memory.DefaultMemoryManager] 1684925644 physical memory requested, 1419575296 free
2024-10-01T17:52:57.476-0400 [DEBUG] [org.gradle.workers.internal.WorkerDaemonExpiration] Will attempt to release 1606 of memory
2024-10-01T17:52:57.476-0400 [DEBUG] [org.gradle.process.internal.health.memory.DefaultMemoryManager] 1684925644 physical memory requested, 0 released, 1419575296 free
2024-10-01T17:52:57.502-0400 [DEBUG] [org.gradle.process.internal.health.memory.DefaultMemoryManager] 1684925644 physical memory requested, 1423474688 free
2024-10-01T17:52:57.502-0400 [DEBUG] [org.gradle.workers.internal.WorkerDaemonExpiration] Will attempt to release 1606 of memory
2024-10-01T17:52:57.502-0400 [DEBUG] [org.gradle.process.internal.health.memory.DefaultMemoryManager] 1684925644 physical memory requested, 0 released, 1423474688 free
2024-10-01T17:52:57.521-0400 [DEBUG] [org.gradle.process.internal.health.memory.DefaultMemoryManager] 1684925644 physical memory requested, 1421152256 free
2024-10-01T17:52:57.521-0400 [DEBUG] [org.gradle.workers.internal.WorkerDaemonExpiration] Will attempt to release 1606 of memory
2024-10-01T17:52:57.521-0400 [DEBUG] [org.gradle.process.internal.health.memory.DefaultMemoryManager] 1684925644 physical memory requested, 0 released, 1421152256 free
2024-10-01T17:52:57.533-0400 [DEBUG] [org.gradle.process.internal.health.memory.DefaultMemoryManager] 1684925644 physical memory requested, 1422602240 free
2024-10-01T17:52:57.533-0400 [DEBUG] [org.gradle.workers.internal.WorkerDaemonExpiration] Will attempt to release 1606 of memory
2024-10-01T17:52:57.533-0400 [DEBUG] [org.gradle.process.internal.health.memory.DefaultMemoryManager] 1684925644 physical memory requested, 0 released, 1422602240 free
2024-10-01T17:52:57.552-0400 [DEBUG] [org.gradle.process.internal.health.memory.DefaultMemoryManager] 1684925644 physical memory requested, 1421885440 free
2024-10-01T17:52:57.552-0400 [DEBUG] [org.gradle.workers.internal.WorkerDaemonExpiration] Will attempt to release 1606 of memory
2024-10-01T17:52:57.552-0400 [DEBUG] [org.gradle.process.internal.health.memory.DefaultMemoryManager] 1684925644 physical memory requested, 0 released, 1421885440 free
2024-10-01T17:52:57.572-0400 [DEBUG] [org.gradle.process.internal.health.memory.DefaultMemoryManager] 1684925644 physical memory requested, 1421029376 free
2024-10-01T17:52:57.573-0400 [DEBUG] [org.gradle.workers.internal.WorkerDaemonExpiration] Will attempt to release 1606 of memory
2024-10-01T17:52:57.573-0400 [DEBUG] [org.gradle.process.internal.health.memory.DefaultMemoryManager] 1684925644 physical memory requested, 0 released, 1421029376 free
2024-10-01T17:52:57.583-0400 [DEBUG] [org.gradle.process.internal.health.memory.DefaultMemoryManager] 1684925644 physical memory requested, 1421381632 free
2024-10-01T17:52:57.583-0400 [DEBUG] [org.gradle.workers.internal.WorkerDaemonExpiration] Will attempt to release 1606 of memory
2024-10-01T17:52:57.583-0400 [DEBUG] [org.gradle.process.internal.health.memory.DefaultMemoryManager] 1684925644 physical memory requested, 0 released, 1421381632 free
2024-10-01T17:52:57.597-0400 [DEBUG] [org.gradle.process.internal.health.memory.DefaultMemoryManager] 1684925644 physical memory requested, 1421611008 free
2024-10-01T17:52:57.598-0400 [DEBUG] [org.gradle.workers.internal.WorkerDaemonExpiration] Will attempt to release 1606 of memory
2024-10-01T17:52:57.598-0400 [DEBUG] [org.gradle.process.internal.health.memory.DefaultMemoryManager] 1684925644 physical memory requested, 0 released, 1421611008 free
2024-10-01T17:52:57.613-0400 [DEBUG] [org.gradle.process.internal.health.memory.DefaultMemoryManager] 1684925644 physical memory requested, 1422688256 free
2024-10-01T17:52:57.613-0400 [DEBUG] [org.gradle.workers.internal.WorkerDaemonExpiration] Will attempt to release 1606 of memory
2024-10-01T17:52:57.613-0400 [DEBUG] [org.gradle.process.internal.health.memory.DefaultMemoryManager] 1684925644 physical memory requested, 0 released, 1422688256 free
2024-10-01T17:52:57.627-0400 [DEBUG] [org.gradle.process.internal.health.memory.DefaultMemoryManager] 1684925644 physical memory requested, 1423323136 free
2024-10-01T17:52:57.627-0400 [DEBUG] [org.gradle.workers.internal.WorkerDaemonExpiration] Will attempt to release 1606 of memory
2024-10-01T17:52:57.627-0400 [DEBUG] [org.gradle.process.internal.health.memory.DefaultMemoryManager] 1684925644 physical memory requested, 0 released, 1423323136 free
2024-10-01T17:52:57.638-0400 [DEBUG] [org.gradle.process.internal.health.memory.DefaultMemoryManager] 1684925644 physical memory requested, 1423421440 free
2024-10-01T17:52:57.638-0400 [DEBUG] [org.gradle.workers.internal.WorkerDaemonExpiration] Will attempt to release 1606 of memory
2024-10-01T17:52:57.639-0400 [DEBUG] [org.gradle.process.internal.health.memory.DefaultMemoryManager] 1684925644 physical memory requested, 0 released, 1423421440 free
2024-10-01T17:52:57.649-0400 [DEBUG] [org.gradle.process.internal.health.memory.DefaultMemoryManager] 1684925644 physical memory requested, 1422749696 free
2024-10-01T17:52:57.649-0400 [DEBUG] [org.gradle.workers.internal.WorkerDaemonExpiration] Will attempt to release 1606 of memory
2024-10-01T17:52:57.649-0400 [DEBUG] [org.gradle.process.internal.health.memory.DefaultMemoryManager] 1684925644 physical memory requested, 0 released, 1422749696 free
2024-10-01T17:52:57.660-0400 [DEBUG] [org.gradle.process.internal.health.memory.DefaultMemoryManager] 1684925644 physical memory requested, 1422041088 free
2024-10-01T17:52:57.661-0400 [DEBUG] [org.gradle.workers.internal.WorkerDaemonExpiration] Will attempt to release 1606 of memory
2024-10-01T17:52:57.661-0400 [DEBUG] [org.gradle.process.internal.health.memory.DefaultMemoryManager] 1684925644 physical memory requested, 0 released, 1422041088 free
2024-10-01T17:52:57.670-0400 [DEBUG] [org.gradle.process.internal.health.memory.DefaultMemoryManager] 1684925644 physical memory requested, 1423294464 free
2024-10-01T17:52:57.670-0400 [DEBUG] [org.gradle.workers.internal.WorkerDaemonExpiration] Will attempt to release 1606 of memory
2024-10-01T17:52:57.670-0400 [DEBUG] [org.gradle.process.internal.health.memory.DefaultMemoryManager] 1684925644 physical memory requested, 0 released, 1423294464 free
2024-10-01T17:52:57.679-0400 [DEBUG] [org.gradle.process.internal.health.memory.DefaultMemoryManager] 1684925644 physical memory requested, 1424011264 free
2024-10-01T17:52:57.679-0400 [DEBUG] [org.gradle.workers.internal.WorkerDaemonExpiration] Will attempt to release 1606 of memory
2024-10-01T17:52:57.679-0400 [DEBUG] [org.gradle.process.internal.health.memory.DefaultMemoryManager] 1684925644 physical memory requested, 0 released, 1424011264 free
2024-10-01T17:52:57.690-0400 [DEBUG] [org.gradle.process.internal.health.memory.DefaultMemoryManager] 1684925644 physical memory requested, 1424781312 free
2024-10-01T17:52:57.690-0400 [DEBUG] [org.gradle.workers.internal.WorkerDaemonExpiration] Will attempt to release 1606 of memory
2024-10-01T17:52:57.690-0400 [DEBUG] [org.gradle.process.internal.health.memory.DefaultMemoryManager] 1684925644 physical memory requested, 0 released, 1424781312 free
2024-10-01T17:52:57.701-0400 [DEBUG] [org.gradle.process.internal.health.memory.DefaultMemoryManager] 1684925644 physical memory requested, 1425539072 free
2024-10-01T17:52:57.701-0400 [DEBUG] [org.gradle.workers.internal.WorkerDaemonExpiration] Will attempt to release 1606 of memory
2024-10-01T17:52:57.702-0400 [DEBUG] [org.gradle.process.internal.health.memory.DefaultMemoryManager] 1684925644 physical memory requested, 0 released, 1425539072 free
2024-10-01T17:52:57.737-0400 [DEBUG] [org.gradle.process.internal.health.memory.DefaultMemoryManager] 1684925644 physical memory requested, 1426960384 free
2024-10-01T17:52:57.737-0400 [DEBUG] [org.gradle.workers.internal.WorkerDaemonExpiration] Will attempt to release 1606 of memory
2024-10-01T17:52:57.737-0400 [DEBUG] [org.gradle.process.internal.health.memory.DefaultMemoryManager] 1684925644 physical memory requested, 0 released, 1426960384 free
2024-10-01T17:52:57.752-0400 [DEBUG] [org.gradle.process.internal.health.memory.DefaultMemoryManager] 1684925644 physical memory requested, 1393315840 free
2024-10-01T17:52:57.752-0400 [DEBUG] [org.gradle.workers.internal.WorkerDaemonExpiration] Will attempt to release 1606 of memory
2024-10-01T17:52:57.752-0400 [DEBUG] [org.gradle.process.internal.health.memory.DefaultMemoryManager] 1684925644 physical memory requested, 0 released, 1393315840 free
2024-10-01T17:52:57.765-0400 [DEBUG] [org.gradle.process.internal.health.memory.DefaultMemoryManager] 1684925644 physical memory requested, 1395257344 free
2024-10-01T17:52:57.765-0400 [DEBUG] [org.gradle.workers.internal.WorkerDaemonExpiration] Will attempt to release 1606 of memory
2024-10-01T17:52:57.765-0400 [DEBUG] [org.gradle.process.internal.health.memory.DefaultMemoryManager] 1684925644 physical memory requested, 0 released, 1395257344 free
2024-10-01T17:52:57.778-0400 [DEBUG] [org.gradle.process.internal.health.memory.DefaultMemoryManager] 1684925644 physical memory requested, 1382875136 free
2024-10-01T17:52:57.778-0400 [DEBUG] [org.gradle.workers.internal.WorkerDaemonExpiration] Will attempt to release 1606 of memory
2024-10-01T17:52:57.778-0400 [DEBUG] [org.gradle.process.internal.health.memory.DefaultMemoryManager] 1684925644 physical memory requested, 0 released, 1382875136 free
2024-10-01T17:52:57.788-0400 [DEBUG] [org.gradle.process.internal.health.memory.DefaultMemoryManager] 1684925644 physical memory requested, 1385308160 free
2024-10-01T17:52:57.788-0400 [DEBUG] [org.gradle.workers.internal.WorkerDaemonExpiration] Will attempt to release 1606 of memory
2024-10-01T17:52:57.788-0400 [DEBUG] [org.gradle.process.internal.health.memory.DefaultMemoryManager] 1684925644 physical memory requested, 0 released, 1385308160 free
2024-10-01T17:52:57.798-0400 [DEBUG] [org.gradle.process.internal.health.memory.DefaultMemoryManager] 1684925644 physical memory requested, 1385414656 free
2024-10-01T17:52:57.798-0400 [DEBUG] [org.gradle.workers.internal.WorkerDaemonExpiration] Will attempt to release 1606 of memory
2024-10-01T17:52:57.799-0400 [DEBUG] [org.gradle.process.internal.health.memory.DefaultMemoryManager] 1684925644 physical memory requested, 0 released, 1385414656 free
2024-10-01T17:52:57.809-0400 [DEBUG] [org.gradle.process.internal.health.memory.DefaultMemoryManager] 1684925644 physical memory requested, 1385385984 free
2024-10-01T17:52:57.809-0400 [DEBUG] [org.gradle.workers.internal.WorkerDaemonExpiration] Will attempt to release 1606 of memory
2024-10-01T17:52:57.809-0400 [DEBUG] [org.gradle.process.internal.health.memory.DefaultMemoryManager] 1684925644 physical memory requested, 0 released, 1385385984 free
2024-10-01T17:52:57.819-0400 [DEBUG] [org.gradle.process.internal.health.memory.DefaultMemoryManager] 1684925644 physical memory requested, 1389387776 free
2024-10-01T17:52:57.819-0400 [DEBUG] [org.gradle.workers.internal.WorkerDaemonExpiration] Will attempt to release 1606 of memory
2024-10-01T17:52:57.819-0400 [DEBUG] [org.gradle.process.internal.health.memory.DefaultMemoryManager] 1684925644 physical memory requested, 0 released, 1389387776 free
2024-10-01T17:52:57.830-0400 [DEBUG] [org.gradle.process.internal.health.memory.DefaultMemoryManager] 1684925644 physical memory requested, 1390686208 free
2024-10-01T17:52:57.830-0400 [DEBUG] [org.gradle.workers.internal.WorkerDaemonExpiration] Will attempt to release 1606 of memory
2024-10-01T17:52:57.830-0400 [DEBUG] [org.gradle.process.internal.health.memory.DefaultMemoryManager] 1684925644 physical memory requested, 0 released, 1390686208 free
2024-10-01T17:52:57.842-0400 [DEBUG] [org.gradle.process.internal.health.memory.DefaultMemoryManager] 1684925644 physical memory requested, 1390718976 free
2024-10-01T17:52:57.842-0400 [DEBUG] [org.gradle.workers.internal.WorkerDaemonExpiration] Will attempt to release 1606 of memory
2024-10-01T17:52:57.842-0400 [DEBUG] [org.gradle.process.internal.health.memory.DefaultMemoryManager] 1684925644 physical memory requested, 0 released, 1390718976 free
2024-10-01T17:52:57.852-0400 [DEBUG] [org.gradle.process.internal.health.memory.DefaultMemoryManager] 1684925644 physical memory requested, 1390837760 free
2024-10-01T17:52:57.853-0400 [DEBUG] [org.gradle.workers.internal.WorkerDaemonExpiration] Will attempt to release 1606 of memory
2024-10-01T17:52:57.853-0400 [DEBUG] [org.gradle.process.internal.health.memory.DefaultMemoryManager] 1684925644 physical memory requested, 0 released, 1390837760 free
2024-10-01T17:52:57.861-0400 [DEBUG] [org.gradle.process.internal.health.memory.DefaultMemoryManager] 1684925644 physical memory requested, 1398431744 free
2024-10-01T17:52:57.861-0400 [DEBUG] [org.gradle.workers.internal.WorkerDaemonExpiration] Will attempt to release 1606 of memory
2024-10-01T17:52:57.861-0400 [DEBUG] [org.gradle.process.internal.health.memory.DefaultMemoryManager] 1684925644 physical memory requested, 0 released, 1398431744 free
2024-10-01T17:52:57.873-0400 [DEBUG] [org.gradle.process.internal.health.memory.DefaultMemoryManager] 1684925644 physical memory requested, 1399918592 free
2024-10-01T17:52:57.873-0400 [DEBUG] [org.gradle.workers.internal.WorkerDaemonExpiration] Will attempt to release 1606 of memory
2024-10-01T17:52:57.874-0400 [DEBUG] [org.gradle.process.internal.health.memory.DefaultMemoryManager] 1684925644 physical memory requested, 0 released, 1399918592 free
2024-10-01T17:52:57.884-0400 [DEBUG] [org.gradle.process.internal.health.memory.DefaultMemoryManager] 1684925644 physical memory requested, 1400451072 free
2024-10-01T17:52:57.885-0400 [DEBUG] [org.gradle.workers.internal.WorkerDaemonExpiration] Will attempt to release 1606 of memory
2024-10-01T17:52:57.885-0400 [DEBUG] [org.gradle.process.internal.health.memory.DefaultMemoryManager] 1684925644 physical memory requested, 0 released, 1400451072 free
2024-10-01T17:52:57.896-0400 [DEBUG] [org.gradle.process.internal.health.memory.DefaultMemoryManager] 1684925644 physical memory requested, 1401151488 free
2024-10-01T17:52:57.896-0400 [DEBUG] [org.gradle.workers.internal.WorkerDaemonExpiration] Will attempt to release 1606 of memory
2024-10-01T17:52:57.897-0400 [DEBUG] [org.gradle.process.internal.health.memory.DefaultMemoryManager] 1684925644 physical memory requested, 0 released, 1401151488 free
2024-10-01T17:52:57.905-0400 [DEBUG] [org.gradle.process.internal.health.memory.DefaultMemoryManager] 1684925644 physical memory requested, 1433186304 free
2024-10-01T17:52:57.906-0400 [DEBUG] [org.gradle.workers.internal.WorkerDaemonExpiration] Will attempt to release 1606 of memory
2024-10-01T17:52:57.906-0400 [DEBUG] [org.gradle.process.internal.health.memory.DefaultMemoryManager] 1684925644 physical memory requested, 0 released, 1433186304 free
2024-10-01T17:52:57.915-0400 [DEBUG] [org.gradle.process.internal.health.memory.DefaultMemoryManager] 1684925644 physical memory requested, 1434333184 free
2024-10-01T17:52:57.916-0400 [DEBUG] [org.gradle.workers.internal.WorkerDaemonExpiration] Will attempt to release 1606 of memory
2024-10-01T17:52:57.916-0400 [DEBUG] [org.gradle.process.internal.health.memory.DefaultMemoryManager] 1684925644 physical memory requested, 0 released, 1434333184 free
2024-10-01T17:52:57.920-0400 [DEBUG] [org.gradle.process.internal.health.memory.DefaultMemoryManager] 1684925644 physical memory requested, 1434341376 free
2024-10-01T17:52:57.920-0400 [DEBUG] [org.gradle.workers.internal.WorkerDaemonExpiration] Will attempt to release 1606 of memory
2024-10-01T17:52:57.920-0400 [DEBUG] [org.gradle.process.internal.health.memory.DefaultMemoryManager] 1684925644 physical memory requested, 0 released, 1434341376 free
2024-10-01T17:52:57.925-0400 [DEBUG] [org.gradle.process.internal.health.memory.DefaultMemoryManager] 1684925644 physical memory requested, 1434324992 free
2024-10-01T17:52:57.925-0400 [DEBUG] [org.gradle.workers.internal.WorkerDaemonExpiration] Will attempt to release 1606 of memory
2024-10-01T17:52:57.925-0400 [DEBUG] [org.gradle.process.internal.health.memory.DefaultMemoryManager] 1684925644 physical memory requested, 0 released, 1434324992 free
2024-10-01T17:52:57.931-0400 [DEBUG] [org.gradle.process.internal.health.memory.DefaultMemoryManager] 1684925644 physical memory requested, 1434320896 free
2024-10-01T17:52:57.932-0400 [DEBUG] [org.gradle.workers.internal.WorkerDaemonExpiration] Will attempt to release 1606 of memory
2024-10-01T17:52:57.932-0400 [DEBUG] [org.gradle.process.internal.health.memory.DefaultMemoryManager] 1684925644 physical memory requested, 0 released, 1434320896 free
2024-10-01T17:52:57.941-0400 [DEBUG] [org.gradle.process.internal.health.memory.DefaultMemoryManager] 1684925644 physical memory requested, 1434804224 free
2024-10-01T17:52:57.941-0400 [DEBUG] [org.gradle.workers.internal.WorkerDaemonExpiration] Will attempt to release 1606 of memory
2024-10-01T17:52:57.941-0400 [DEBUG] [org.gradle.process.internal.health.memory.DefaultMemoryManager] 1684925644 physical memory requested, 0 released, 1434804224 free
2024-10-01T17:52:57.952-0400 [DEBUG] [org.gradle.process.internal.health.memory.DefaultMemoryManager] 1684925644 physical memory requested, 1435607040 free
2024-10-01T17:52:57.952-0400 [DEBUG] [org.gradle.workers.internal.WorkerDaemonExpiration] Will attempt to release 1606 of memory
2024-10-01T17:52:57.952-0400 [DEBUG] [org.gradle.process.internal.health.memory.DefaultMemoryManager] 1684925644 physical memory requested, 0 released, 1435607040 free
2024-10-01T17:52:57.962-0400 [DEBUG] [org.gradle.process.internal.health.memory.DefaultMemoryManager] 1684925644 physical memory requested, 1446928384 free
2024-10-01T17:52:57.962-0400 [DEBUG] [org.gradle.workers.internal.WorkerDaemonExpiration] Will attempt to release 1606 of memory
2024-10-01T17:52:57.962-0400 [DEBUG] [org.gradle.process.internal.health.memory.DefaultMemoryManager] 1684925644 physical memory requested, 0 released, 1446928384 free
2024-10-01T17:52:57.978-0400 [DEBUG] [org.gradle.process.internal.health.memory.DefaultMemoryManager] 1684925644 physical memory requested, 1452163072 free
2024-10-01T17:52:57.978-0400 [DEBUG] [org.gradle.workers.internal.WorkerDaemonExpiration] Will attempt to release 1606 of memory
2024-10-01T17:52:57.978-0400 [DEBUG] [org.gradle.process.internal.health.memory.DefaultMemoryManager] 1684925644 physical memory requested, 0 released, 1452163072 free
2024-10-01T17:52:57.982-0400 [DEBUG] [org.gradle.process.internal.health.memory.DefaultMemoryManager] 1684925644 physical memory requested, 1452711936 free
2024-10-01T17:52:57.983-0400 [DEBUG] [org.gradle.workers.internal.WorkerDaemonExpiration] Will attempt to release 1606 of memory
2024-10-01T17:52:57.983-0400 [DEBUG] [org.gradle.process.internal.health.memory.DefaultMemoryManager] 1684925644 physical memory requested, 0 released, 1452711936 free
2024-10-01T17:52:57.987-0400 [DEBUG] [org.gradle.process.internal.health.memory.DefaultMemoryManager] 1684925644 physical memory requested, 1452720128 free
2024-10-01T17:52:57.987-0400 [DEBUG] [org.gradle.workers.internal.WorkerDaemonExpiration] Will attempt to release 1606 of memory
2024-10-01T17:52:57.987-0400 [DEBUG] [org.gradle.process.internal.health.memory.DefaultMemoryManager] 1684925644 physical memory requested, 0 released, 1452720128 free
2024-10-01T17:52:57.992-0400 [DEBUG] [org.gradle.process.internal.health.memory.DefaultMemoryManager] 1684925644 physical memory requested, 1452687360 free
2024-10-01T17:52:57.993-0400 [DEBUG] [org.gradle.workers.internal.WorkerDaemonExpiration] Will attempt to release 1606 of memory
2024-10-01T17:52:57.993-0400 [DEBUG] [org.gradle.process.internal.health.memory.DefaultMemoryManager] 1684925644 physical memory requested, 0 released, 1452687360 free
2024-10-01T17:52:57.998-0400 [DEBUG] [org.gradle.process.internal.health.memory.DefaultMemoryManager] 1684925644 physical memory requested, 1452896256 free
2024-10-01T17:52:57.998-0400 [DEBUG] [org.gradle.workers.internal.WorkerDaemonExpiration] Will attempt to release 1606 of memory
2024-10-01T17:52:57.998-0400 [DEBUG] [org.gradle.process.internal.health.memory.DefaultMemoryManager] 1684925644 physical memory requested, 0 released, 1452896256 free
2024-10-01T17:52:58.004-0400 [DEBUG] [org.gradle.process.internal.health.memory.DefaultMemoryManager] 1684925644 physical memory requested, 1453060096 free
2024-10-01T17:52:58.004-0400 [DEBUG] [org.gradle.workers.internal.WorkerDaemonExpiration] Will attempt to release 1606 of memory
2024-10-01T17:52:58.004-0400 [DEBUG] [org.gradle.process.internal.health.memory.DefaultMemoryManager] 1684925644 physical memory requested, 0 released, 1453060096 free
2024-10-01T17:52:58.010-0400 [DEBUG] [org.gradle.process.internal.health.memory.DefaultMemoryManager] 1684925644 physical memory requested, 1453137920 free
2024-10-01T17:52:58.010-0400 [DEBUG] [org.gradle.workers.internal.WorkerDaemonExpiration] Will attempt to release 1606 of memory
2024-10-01T17:52:58.010-0400 [DEBUG] [org.gradle.process.internal.health.memory.DefaultMemoryManager] 1684925644 physical memory requested, 0 released, 1453137920 free
2024-10-01T17:52:58.016-0400 [DEBUG] [org.gradle.process.internal.health.memory.DefaultMemoryManager] 1684925644 physical memory requested, 1453670400 free
2024-10-01T17:52:58.016-0400 [DEBUG] [org.gradle.workers.internal.WorkerDaemonExpiration] Will attempt to release 1606 of memory
2024-10-01T17:52:58.016-0400 [DEBUG] [org.gradle.process.internal.health.memory.DefaultMemoryManager] 1684925644 physical memory requested, 0 released, 1453670400 free
2024-10-01T17:52:58.026-0400 [DEBUG] [org.gradle.process.internal.health.memory.DefaultMemoryManager] 1684925644 physical memory requested, 1454022656 free
2024-10-01T17:52:58.026-0400 [DEBUG] [org.gradle.workers.internal.WorkerDaemonExpiration] Will attempt to release 1606 of memory
2024-10-01T17:52:58.026-0400 [DEBUG] [org.gradle.process.internal.health.memory.DefaultMemoryManager] 1684925644 physical memory requested, 0 released, 1454022656 free
2024-10-01T17:52:58.035-0400 [DEBUG] [org.gradle.process.internal.health.memory.DefaultMemoryManager] 1684925644 physical memory requested, 1454350336 free
2024-10-01T17:52:58.035-0400 [DEBUG] [org.gradle.workers.internal.WorkerDaemonExpiration] Will attempt to release 1606 of memory
2024-10-01T17:52:58.035-0400 [DEBUG] [org.gradle.process.internal.health.memory.DefaultMemoryManager] 1684925644 physical memory requested, 0 released, 1454350336 free
2024-10-01T17:52:58.041-0400 [DEBUG] [org.gradle.process.internal.health.memory.DefaultMemoryManager] 1684925644 physical memory requested, 1454395392 free
2024-10-01T17:52:58.041-0400 [DEBUG] [org.gradle.workers.internal.WorkerDaemonExpiration] Will attempt to release 1606 of memory
2024-10-01T17:52:58.041-0400 [DEBUG] [org.gradle.process.internal.health.memory.DefaultMemoryManager] 1684925644 physical memory requested, 0 released, 1454395392 free
2024-10-01T17:52:58.047-0400 [DEBUG] [org.gradle.process.internal.health.memory.DefaultMemoryManager] 1684925644 physical memory requested, 1454346240 free
2024-10-01T17:52:58.047-0400 [DEBUG] [org.gradle.workers.internal.WorkerDaemonExpiration] Will attempt to release 1606 of memory
2024-10-01T17:52:58.047-0400 [DEBUG] [org.gradle.process.internal.health.memory.DefaultMemoryManager] 1684925644 physical memory requested, 0 released, 1454346240 free
2024-10-01T17:52:58.057-0400 [DEBUG] [org.gradle.process.internal.health.memory.DefaultMemoryManager] 1684925644 physical memory requested, 1454309376 free
2024-10-01T17:52:58.057-0400 [DEBUG] [org.gradle.workers.internal.WorkerDaemonExpiration] Will attempt to release 1606 of memory
2024-10-01T17:52:58.057-0400 [DEBUG] [org.gradle.process.internal.health.memory.DefaultMemoryManager] 1684925644 physical memory requested, 0 released, 1454309376 free
2024-10-01T17:52:58.062-0400 [DEBUG] [org.gradle.process.internal.health.memory.DefaultMemoryManager] 1684925644 physical memory requested, 1447686144 free
2024-10-01T17:52:58.062-0400 [DEBUG] [org.gradle.workers.internal.WorkerDaemonExpiration] Will attempt to release 1606 of memory
2024-10-01T17:52:58.062-0400 [DEBUG] [org.gradle.process.internal.health.memory.DefaultMemoryManager] 1684925644 physical memory requested, 0 released, 1447686144 free
2024-10-01T17:52:58.068-0400 [DEBUG] [org.gradle.process.internal.health.memory.DefaultMemoryManager] 1684925644 physical memory requested, 1440710656 free
2024-10-01T17:52:58.068-0400 [DEBUG] [org.gradle.workers.internal.WorkerDaemonExpiration] Will attempt to release 1606 of memory
2024-10-01T17:52:58.068-0400 [DEBUG] [org.gradle.process.internal.health.memory.DefaultMemoryManager] 1684925644 physical memory requested, 0 released, 1440710656 free
2024-10-01T17:52:58.073-0400 [DEBUG] [org.gradle.process.internal.health.memory.DefaultMemoryManager] 1684925644 physical memory requested, 1439895552 free
2024-10-01T17:52:58.074-0400 [DEBUG] [org.gradle.workers.internal.WorkerDaemonExpiration] Will attempt to release 1606 of memory
2024-10-01T17:52:58.074-0400 [DEBUG] [org.gradle.process.internal.health.memory.DefaultMemoryManager] 1684925644 physical memory requested, 0 released, 1439895552 free
2024-10-01T17:52:58.081-0400 [DEBUG] [org.gradle.process.internal.health.memory.DefaultMemoryManager] 1684925644 physical memory requested, 1439485952 free
2024-10-01T17:52:58.081-0400 [DEBUG] [org.gradle.workers.internal.WorkerDaemonExpiration] Will attempt to release 1606 of memory
2024-10-01T17:52:58.081-0400 [DEBUG] [org.gradle.process.internal.health.memory.DefaultMemoryManager] 1684925644 physical memory requested, 0 released, 1439485952 free
2024-10-01T17:52:58.086-0400 [DEBUG] [org.gradle.process.internal.health.memory.DefaultMemoryManager] 1684925644 physical memory requested, 1439952896 free
2024-10-01T17:52:58.086-0400 [DEBUG] [org.gradle.workers.internal.WorkerDaemonExpiration] Will attempt to release 1606 of memory
2024-10-01T17:52:58.087-0400 [DEBUG] [org.gradle.process.internal.health.memory.DefaultMemoryManager] 1684925644 physical memory requested, 0 released, 1439952896 free
2024-10-01T17:52:58.092-0400 [DEBUG] [org.gradle.process.internal.health.memory.DefaultMemoryManager] 1684925644 physical memory requested, 1443586048 free
2024-10-01T17:52:58.093-0400 [DEBUG] [org.gradle.workers.internal.WorkerDaemonExpiration] Will attempt to release 1606 of memory
2024-10-01T17:52:58.093-0400 [DEBUG] [org.gradle.process.internal.health.memory.DefaultMemoryManager] 1684925644 physical memory requested, 0 released, 1443586048 free
2024-10-01T17:52:58.102-0400 [DEBUG] [org.gradle.process.internal.health.memory.DefaultMemoryManager] 1684925644 physical memory requested, 1443737600 free
2024-10-01T17:52:58.103-0400 [DEBUG] [org.gradle.workers.internal.WorkerDaemonExpiration] Will attempt to release 1606 of memory
2024-10-01T17:52:58.103-0400 [DEBUG] [org.gradle.process.internal.health.memory.DefaultMemoryManager] 1684925644 physical memory requested, 0 released, 1443737600 free
2024-10-01T17:52:58.109-0400 [DEBUG] [org.gradle.process.internal.health.memory.DefaultMemoryManager] 1684925644 physical memory requested, 1443733504 free
2024-10-01T17:52:58.109-0400 [DEBUG] [org.gradle.workers.internal.WorkerDaemonExpiration] Will attempt to release 1606 of memory
2024-10-01T17:52:58.109-0400 [DEBUG] [org.gradle.process.internal.health.memory.DefaultMemoryManager] 1684925644 physical memory requested, 0 released, 1443733504 free
2024-10-01T17:52:58.119-0400 [DEBUG] [org.gradle.process.internal.health.memory.DefaultMemoryManager] 1684925644 physical memory requested, 1442897920 free
2024-10-01T17:52:58.119-0400 [DEBUG] [org.gradle.workers.internal.WorkerDaemonExpiration] Will attempt to release 1606 of memory
2024-10-01T17:52:58.119-0400 [DEBUG] [org.gradle.process.internal.health.memory.DefaultMemoryManager] 1684925644 physical memory requested, 0 released, 1442897920 free
2024-10-01T17:52:58.129-0400 [DEBUG] [org.gradle.process.internal.health.memory.DefaultMemoryManager] 1684925644 physical memory requested, 1444401152 free
2024-10-01T17:52:58.129-0400 [DEBUG] [org.gradle.workers.internal.WorkerDaemonExpiration] Will attempt to release 1606 of memory
2024-10-01T17:52:58.129-0400 [DEBUG] [org.gradle.process.internal.health.memory.DefaultMemoryManager] 1684925644 physical memory requested, 0 released, 1444401152 free
2024-10-01T17:52:58.143-0400 [DEBUG] [org.gradle.process.internal.health.memory.DefaultMemoryManager] 1684925644 physical memory requested, 1444278272 free
2024-10-01T17:52:58.143-0400 [DEBUG] [org.gradle.workers.internal.WorkerDaemonExpiration] Will attempt to release 1606 of memory
2024-10-01T17:52:58.143-0400 [DEBUG] [org.gradle.process.internal.health.memory.DefaultMemoryManager] 1684925644 physical memory requested, 0 released, 1444278272 free
2024-10-01T17:52:58.151-0400 [DEBUG] [org.gradle.process.internal.health.memory.DefaultMemoryManager] 1684925644 physical memory requested, 1432154112 free
2024-10-01T17:52:58.151-0400 [DEBUG] [org.gradle.workers.internal.WorkerDaemonExpiration] Will attempt to release 1606 of memory
2024-10-01T17:52:58.151-0400 [DEBUG] [org.gradle.process.internal.health.memory.DefaultMemoryManager] 1684925644 physical memory requested, 0 released, 1432154112 free
2024-10-01T17:52:58.163-0400 [DEBUG] [org.gradle.process.internal.health.memory.DefaultMemoryManager] 1684925644 physical memory requested, 1432391680 free
2024-10-01T17:52:58.164-0400 [DEBUG] [org.gradle.workers.internal.WorkerDaemonExpiration] Will attempt to release 1606 of memory
2024-10-01T17:52:58.164-0400 [DEBUG] [org.gradle.process.internal.health.memory.DefaultMemoryManager] 1684925644 physical memory requested, 0 released, 1432391680 free
2024-10-01T17:52:58.174-0400 [DEBUG] [org.gradle.process.internal.health.memory.DefaultMemoryManager] 1684925644 physical memory requested, 1433632768 free
2024-10-01T17:52:58.174-0400 [DEBUG] [org.gradle.workers.internal.WorkerDaemonExpiration] Will attempt to release 1606 of memory
2024-10-01T17:52:58.174-0400 [DEBUG] [org.gradle.process.internal.health.memory.DefaultMemoryManager] 1684925644 physical memory requested, 0 released, 1433632768 free
2024-10-01T17:52:58.185-0400 [DEBUG] [org.gradle.process.internal.health.memory.DefaultMemoryManager] 1684925644 physical memory requested, 1433989120 free
2024-10-01T17:52:58.185-0400 [DEBUG] [org.gradle.workers.internal.WorkerDaemonExpiration] Will attempt to release 1606 of memory
2024-10-01T17:52:58.185-0400 [DEBUG] [org.gradle.process.internal.health.memory.DefaultMemoryManager] 1684925644 physical memory requested, 0 released, 1433989120 free
2024-10-01T17:52:58.195-0400 [DEBUG] [org.gradle.process.internal.health.memory.DefaultMemoryManager] 1684925644 physical memory requested, 1434157056 free
2024-10-01T17:52:58.195-0400 [DEBUG] [org.gradle.workers.internal.WorkerDaemonExpiration] Will attempt to release 1606 of memory
2024-10-01T17:52:58.195-0400 [DEBUG] [org.gradle.process.internal.health.memory.DefaultMemoryManager] 1684925644 physical memory requested, 0 released, 1434157056 free
2024-10-01T17:52:58.206-0400 [DEBUG] [org.gradle.process.internal.health.memory.DefaultMemoryManager] 1684925644 physical memory requested, 1434140672 free
2024-10-01T17:52:58.206-0400 [DEBUG] [org.gradle.workers.internal.WorkerDaemonExpiration] Will attempt to release 1606 of memory
2024-10-01T17:52:58.206-0400 [DEBUG] [org.gradle.process.internal.health.memory.DefaultMemoryManager] 1684925644 physical memory requested, 0 released, 1434140672 free
2024-10-01T17:52:58.218-0400 [DEBUG] [org.gradle.process.internal.health.memory.DefaultMemoryManager] 1684925644 physical memory requested, 1434324992 free
2024-10-01T17:52:58.218-0400 [DEBUG] [org.gradle.workers.internal.WorkerDaemonExpiration] Will attempt to release 1606 of memory
2024-10-01T17:52:58.219-0400 [DEBUG] [org.gradle.process.internal.health.memory.DefaultMemoryManager] 1684925644 physical memory requested, 0 released, 1434324992 free
2024-10-01T17:52:58.239-0400 [DEBUG] [org.gradle.process.internal.health.memory.DefaultMemoryManager] 1684925644 physical memory requested, 1435443200 free
2024-10-01T17:52:58.239-0400 [DEBUG] [org.gradle.workers.internal.WorkerDaemonExpiration] Will attempt to release 1606 of memory
2024-10-01T17:52:58.239-0400 [DEBUG] [org.gradle.process.internal.health.memory.DefaultMemoryManager] 1684925644 physical memory requested, 0 released, 1435443200 free
2024-10-01T17:52:58.250-0400 [DEBUG] [org.gradle.process.internal.health.memory.DefaultMemoryManager] 1684925644 physical memory requested, 1436336128 free
2024-10-01T17:52:58.250-0400 [DEBUG] [org.gradle.workers.internal.WorkerDaemonExpiration] Will attempt to release 1606 of memory
2024-10-01T17:52:58.250-0400 [DEBUG] [org.gradle.process.internal.health.memory.DefaultMemoryManager] 1684925644 physical memory requested, 0 released, 1436336128 free
2024-10-01T17:52:58.262-0400 [DEBUG] [org.gradle.process.internal.health.memory.DefaultMemoryManager] 1684925644 physical memory requested, 1437220864 free
2024-10-01T17:52:58.263-0400 [DEBUG] [org.gradle.workers.internal.WorkerDaemonExpiration] Will attempt to release 1606 of memory
2024-10-01T17:52:58.263-0400 [DEBUG] [org.gradle.process.internal.health.memory.DefaultMemoryManager] 1684925644 physical memory requested, 0 released, 1437220864 free
2024-10-01T17:52:58.282-0400 [DEBUG] [org.gradle.process.internal.health.memory.DefaultMemoryManager] 1684925644 physical memory requested, 1438584832 free
2024-10-01T17:52:58.282-0400 [DEBUG] [org.gradle.workers.internal.WorkerDaemonExpiration] Will attempt to release 1606 of memory
2024-10-01T17:52:58.282-0400 [DEBUG] [org.gradle.process.internal.health.memory.DefaultMemoryManager] 1684925644 physical memory requested, 0 released, 1438584832 free
2024-10-01T17:52:58.291-0400 [DEBUG] [org.gradle.process.internal.health.memory.DefaultMemoryManager] 1684925644 physical memory requested, 1438896128 free
2024-10-01T17:52:58.291-0400 [DEBUG] [org.gradle.workers.internal.WorkerDaemonExpiration] Will attempt to release 1606 of memory
2024-10-01T17:52:58.291-0400 [DEBUG] [org.gradle.process.internal.health.memory.DefaultMemoryManager] 1684925644 physical memory requested, 0 released, 1438896128 free
2024-10-01T17:52:58.304-0400 [DEBUG] [org.gradle.process.internal.health.memory.DefaultMemoryManager] 1684925644 physical memory requested, 1439842304 free
2024-10-01T17:52:58.304-0400 [DEBUG] [org.gradle.workers.internal.WorkerDaemonExpiration] Will attempt to release 1606 of memory
2024-10-01T17:52:58.304-0400 [DEBUG] [org.gradle.process.internal.health.memory.DefaultMemoryManager] 1684925644 physical memory requested, 0 released, 1439842304 free
2024-10-01T17:52:58.316-0400 [DEBUG] [org.gradle.process.internal.health.memory.DefaultMemoryManager] 1684925644 physical memory requested, 1437196288 free
2024-10-01T17:52:58.317-0400 [DEBUG] [org.gradle.workers.internal.WorkerDaemonExpiration] Will attempt to release 1606 of memory
2024-10-01T17:52:58.317-0400 [DEBUG] [org.gradle.process.internal.health.memory.DefaultMemoryManager] 1684925644 physical memory requested, 0 released, 1437196288 free
2024-10-01T17:52:58.328-0400 [DEBUG] [org.gradle.process.internal.health.memory.DefaultMemoryManager] 1684925644 physical memory requested, 1436299264 free
2024-10-01T17:52:58.328-0400 [DEBUG] [org.gradle.workers.internal.WorkerDaemonExpiration] Will attempt to release 1606 of memory
2024-10-01T17:52:58.328-0400 [DEBUG] [org.gradle.process.internal.health.memory.DefaultMemoryManager] 1684925644 physical memory requested, 0 released, 1436299264 free
2024-10-01T17:52:58.335-0400 [DEBUG] [org.gradle.process.internal.health.memory.DefaultMemoryManager] 1684925644 physical memory requested, 1436835840 free
2024-10-01T17:52:58.335-0400 [DEBUG] [org.gradle.workers.internal.WorkerDaemonExpiration] Will attempt to release 1606 of memory
2024-10-01T17:52:58.335-0400 [DEBUG] [org.gradle.process.internal.health.memory.DefaultMemoryManager] 1684925644 physical memory requested, 0 released, 1436835840 free
2024-10-01T17:52:58.343-0400 [DEBUG] [org.gradle.process.internal.health.memory.DefaultMemoryManager] 1684925644 physical memory requested, 1436868608 free
2024-10-01T17:52:58.343-0400 [DEBUG] [org.gradle.workers.internal.WorkerDaemonExpiration] Will attempt to release 1606 of memory
2024-10-01T17:52:58.343-0400 [DEBUG] [org.gradle.process.internal.health.memory.DefaultMemoryManager] 1684925644 physical memory requested, 0 released, 1436868608 free
2024-10-01T17:52:58.362-0400 [DEBUG] [org.gradle.cache.internal.DefaultFileLockManager] Waiting to acquire shared lock on daemon addresses registry.
2024-10-01T17:52:58.362-0400 [DEBUG] [org.gradle.cache.internal.DefaultFileLockManager] Lock acquired on daemon addresses registry.
2024-10-01T17:52:58.364-0400 [DEBUG] [org.gradle.cache.internal.DefaultFileLockManager] Releasing lock on daemon addresses registry.
2024-10-01T17:52:58.364-0400 [DEBUG] [org.gradle.process.internal.health.memory.DefaultMemoryManager] 1684925644 physical memory requested, 1437040640 free
2024-10-01T17:52:58.365-0400 [DEBUG] [org.gradle.workers.internal.WorkerDaemonExpiration] Will attempt to release 1606 of memory
2024-10-01T17:52:58.365-0400 [DEBUG] [org.gradle.process.internal.health.memory.DefaultMemoryManager] 1684925644 physical memory requested, 0 released, 1437040640 free
2024-10-01T17:52:58.368-0400 [DEBUG] [org.gradle.cache.internal.DefaultFileLockManager] Waiting to acquire shared lock on daemon addresses registry.
2024-10-01T17:52:58.369-0400 [DEBUG] [org.gradle.cache.internal.DefaultFileLockManager] Lock acquired on daemon addresses registry.
2024-10-01T17:52:58.371-0400 [DEBUG] [org.gradle.cache.internal.DefaultFileLockManager] Releasing lock on daemon addresses registry.
2024-10-01T17:52:58.373-0400 [DEBUG] [org.gradle.cache.internal.DefaultFileLockManager] Waiting to acquire shared lock on daemon addresses registry.
2024-10-01T17:52:58.374-0400 [DEBUG] [org.gradle.cache.internal.DefaultFileLockManager] Lock acquired on daemon addresses registry.
2024-10-01T17:52:58.374-0400 [DEBUG] [org.gradle.cache.internal.DefaultFileLockManager] Releasing lock on daemon addresses registry.
2024-10-01T17:52:58.378-0400 [DEBUG] [org.gradle.process.internal.health.memory.DefaultMemoryManager] 1684925644 physical memory requested, 1437126656 free
2024-10-01T17:52:58.378-0400 [DEBUG] [org.gradle.workers.internal.WorkerDaemonExpiration] Will attempt to release 1606 of memory
2024-10-01T17:52:58.378-0400 [DEBUG] [org.gradle.process.internal.health.memory.DefaultMemoryManager] 1684925644 physical memory requested, 0 released, 1437126656 free
2024-10-01T17:52:58.388-0400 [LIFECYCLE] [org.gradle.launcher.daemon.server.DaemonStateCoordinator] Daemon will be stopped at the end of the build after being idle for 341 minutes
2024-10-01T17:52:58.388-0400 [DEBUG] [org.gradle.launcher.daemon.server.DaemonStateCoordinator] Marking daemon stopped due to after being idle for 341 minutes. The daemon is running a build: false
2024-10-01T17:52:58.388-0400 [DEBUG] [org.gradle.launcher.daemon.server.DaemonStateCoordinator] daemon has stopped.
2024-10-01T17:52:58.390-0400 [DEBUG] [org.gradle.launcher.daemon.server.Daemon] stop() called on daemon
2024-10-01T17:52:58.390-0400 [INFO] [org.gradle.launcher.daemon.server.Daemon] Stop requested. Daemon is removing its presence from the registry...
2024-10-01T17:52:58.391-0400 [DEBUG] [org.gradle.launcher.daemon.server.DaemonRegistryUpdater] Removing our presence to clients, eg. removing this address from the registry: [606a9522-a89f-47ad-9f69-d1350e00d8a9 port:63719, addresses:[localhost/127.0.0.1]]
2024-10-01T17:52:58.391-0400 [DEBUG] [org.gradle.process.internal.health.memory.DefaultMemoryManager] 1684925644 physical memory requested, 1437650944 free
2024-10-01T17:52:58.392-0400 [DEBUG] [org.gradle.workers.internal.WorkerDaemonExpiration] Will attempt to release 1606 of memory
2024-10-01T17:52:58.392-0400 [DEBUG] [org.gradle.process.internal.health.memory.DefaultMemoryManager] 1684925644 physical memory requested, 0 released, 1437650944 free
2024-10-01T17:52:58.392-0400 [DEBUG] [org.gradle.cache.internal.DefaultFileLockManager] Waiting to acquire shared lock on daemon addresses registry.
2024-10-01T17:52:58.392-0400 [DEBUG] [org.gradle.cache.internal.DefaultFileLockManager] Lock acquired on daemon addresses registry.
2024-10-01T17:52:58.394-0400 [DEBUG] [org.gradle.cache.internal.DefaultFileLockManager] Releasing lock on daemon addresses registry.
2024-10-01T17:52:58.395-0400 [DEBUG] [org.gradle.launcher.daemon.registry.PersistentDaemonRegistry] Removing daemon address: [606a9522-a89f-47ad-9f69-d1350e00d8a9 port:63719, addresses:[localhost/127.0.0.1]]
2024-10-01T17:52:58.402-0400 [DEBUG] [org.gradle.cache.internal.DefaultFileLockManager] Waiting to acquire exclusive lock on daemon addresses registry.
2024-10-01T17:52:58.402-0400 [DEBUG] [org.gradle.cache.internal.DefaultFileLockManager] Lock acquired on daemon addresses registry.
2024-10-01T17:52:58.404-0400 [DEBUG] [org.gradle.process.internal.health.memory.DefaultMemoryManager] 1684925644 physical memory requested, 1437958144 free
2024-10-01T17:52:58.405-0400 [DEBUG] [org.gradle.workers.internal.WorkerDaemonExpiration] Will attempt to release 1606 of memory
2024-10-01T17:52:58.405-0400 [DEBUG] [org.gradle.process.internal.health.memory.DefaultMemoryManager] 1684925644 physical memory requested, 0 released, 1437958144 free
2024-10-01T17:52:58.406-0400 [DEBUG] [org.gradle.cache.internal.DefaultFileLockManager] Releasing lock on daemon addresses registry.
2024-10-01T17:52:58.406-0400 [DEBUG] [org.gradle.launcher.daemon.server.DaemonRegistryUpdater] Address removed from registry.
2024-10-01T17:52:58.408-0400 [DEBUG] [org.gradle.cache.internal.DefaultFileLockManager] Waiting to acquire shared lock on daemon addresses registry.
2024-10-01T17:52:58.409-0400 [DEBUG] [org.gradle.cache.internal.DefaultFileLockManager] Lock acquired on daemon addresses registry.
2024-10-01T17:52:58.409-0400 [DEBUG] [org.gradle.cache.internal.DefaultFileLockManager] Releasing lock on daemon addresses registry.
2024-10-01T17:52:58.409-0400 [DEBUG] [org.gradle.launcher.daemon.server.DaemonRegistryUpdater] Storing daemon stop event: after the daemon was no longer found in the daemon registry
2024-10-01T17:52:58.416-0400 [DEBUG] [org.gradle.launcher.daemon.registry.PersistentDaemonRegistry] Storing daemon stop event with timestamp 1727819578410
2024-10-01T17:52:58.418-0400 [DEBUG] [org.gradle.process.internal.health.memory.DefaultMemoryManager] 1684925644 physical memory requested, 1438126080 free
2024-10-01T17:52:58.418-0400 [DEBUG] [org.gradle.process.internal.health.memory.DefaultMemoryManager] 1684925644 physical memory requested, 0 released, 1438126080 free
2024-10-01T17:52:58.420-0400 [DEBUG] [org.gradle.cache.internal.DefaultFileLockManager] Waiting to acquire exclusive lock on daemon addresses registry.
2024-10-01T17:52:58.424-0400 [DEBUG] [org.gradle.cache.internal.DefaultFileLockManager] Lock acquired on daemon addresses registry.
2024-10-01T17:52:58.429-0400 [DEBUG] [org.gradle.process.internal.health.memory.DefaultMemoryManager] 1684925644 physical memory requested, 1438441472 free
2024-10-01T17:52:58.429-0400 [DEBUG] [org.gradle.process.internal.health.memory.DefaultMemoryManager] 1684925644 physical memory requested, 0 released, 1438441472 free
2024-10-01T17:52:58.433-0400 [DEBUG] [org.gradle.cache.internal.DefaultFileLockManager] Releasing lock on daemon addresses registry.
2024-10-01T17:52:58.440-0400 [DEBUG] [org.gradle.process.internal.health.memory.DefaultMemoryManager] 1684925644 physical memory requested, 1438773248 free
2024-10-01T17:52:58.441-0400 [DEBUG] [org.gradle.process.internal.health.memory.DefaultMemoryManager] 1684925644 physical memory requested, 0 released, 1438773248 free
2024-10-01T17:52:58.457-0400 [DEBUG] [org.gradle.process.internal.health.memory.DefaultMemoryManager] 1684925644 physical memory requested, 1439182848 free
2024-10-01T17:52:58.457-0400 [DEBUG] [org.gradle.process.internal.health.memory.DefaultMemoryManager] 1684925644 physical memory requested, 0 released, 1439182848 free
2024-10-01T17:52:58.467-0400 [DEBUG] [org.gradle.process.internal.health.memory.DefaultMemoryManager] 1684925644 physical memory requested, 1441153024 free
2024-10-01T17:52:58.467-0400 [DEBUG] [org.gradle.process.internal.health.memory.DefaultMemoryManager] 1684925644 physical memory requested, 0 released, 1441153024 free
2024-10-01T17:52:58.479-0400 [DEBUG] [org.gradle.process.internal.health.memory.DefaultMemoryManager] 1684925644 physical memory requested, 1441337344 free
2024-10-01T17:52:58.479-0400 [DEBUG] [org.gradle.process.internal.health.memory.DefaultMemoryManager] 1684925644 physical memory requested, 0 released, 1441337344 free
2024-10-01T17:52:58.491-0400 [DEBUG] [org.gradle.process.internal.health.memory.DefaultMemoryManager] 1684925644 physical memory requested, 1442082816 free
2024-10-01T17:52:58.491-0400 [DEBUG] [org.gradle.process.internal.health.memory.DefaultMemoryManager] 1684925644 physical memory requested, 0 released, 1442082816 free
2024-10-01T17:52:58.502-0400 [DEBUG] [org.gradle.process.internal.health.memory.DefaultMemoryManager] 1684925644 physical memory requested, 1442525184 free
2024-10-01T17:52:58.503-0400 [DEBUG] [org.gradle.process.internal.health.memory.DefaultMemoryManager] 1684925644 physical memory requested, 0 released, 1442525184 free
2024-10-01T17:52:58.515-0400 [DEBUG] [org.gradle.process.internal.health.memory.DefaultMemoryManager] 1684925644 physical memory requested, 1442701312 free
2024-10-01T17:52:58.515-0400 [DEBUG] [org.gradle.process.internal.health.memory.DefaultMemoryManager] 1684925644 physical memory requested, 0 released, 1442701312 free
2024-10-01T17:52:58.521-0400 [DEBUG] [org.gradle.cache.internal.LockOnDemandCrossProcessCacheAccess] Releasing file lock for jars (C:\Users\baray\AndroidStudioProjects\CIS3515_Activity_Activity\caches\jars-9)
2024-10-01T17:52:58.521-0400 [DEBUG] [org.gradle.cache.internal.DefaultFileLockManager] Releasing lock on jars (C:\Users\baray\AndroidStudioProjects\CIS3515_Activity_Activity\caches\jars-9).
2024-10-01T17:52:58.527-0400 [DEBUG] [org.gradle.process.internal.health.memory.DefaultMemoryManager] 1684925644 physical memory requested, 1440444416 free
2024-10-01T17:52:58.527-0400 [DEBUG] [org.gradle.process.internal.health.memory.DefaultMemoryManager] 1684925644 physical memory requested, 0 released, 1440444416 free
2024-10-01T17:52:58.535-0400 [DEBUG] [org.gradle.process.internal.health.memory.DefaultMemoryManager] 1684925644 physical memory requested, 1438441472 free
2024-10-01T17:52:58.535-0400 [DEBUG] [org.gradle.process.internal.health.memory.DefaultMemoryManager] 1684925644 physical memory requested, 0 released, 1438441472 free
2024-10-01T17:52:58.542-0400 [DEBUG] [org.gradle.process.internal.health.memory.DefaultMemoryManager] 1684925644 physical memory requested, 1438318592 free
2024-10-01T17:52:58.543-0400 [DEBUG] [org.gradle.process.internal.health.memory.DefaultMemoryManager] 1684925644 physical memory requested, 0 released, 1438318592 free
2024-10-01T17:52:58.551-0400 [DEBUG] [org.gradle.process.internal.health.memory.DefaultMemoryManager] 1684925644 physical memory requested, 1438236672 free
2024-10-01T17:52:58.551-0400 [DEBUG] [org.gradle.process.internal.health.memory.DefaultMemoryManager] 1684925644 physical memory requested, 0 released, 1438236672 free
2024-10-01T17:52:58.558-0400 [DEBUG] [org.gradle.process.internal.health.memory.DefaultMemoryManager] 1684925644 physical memory requested, 1438130176 free
2024-10-01T17:52:58.558-0400 [DEBUG] [org.gradle.process.internal.health.memory.DefaultMemoryManager] 1684925644 physical memory requested, 0 released, 1438130176 free
2024-10-01T17:52:58.568-0400 [DEBUG] [org.gradle.process.internal.health.memory.DefaultMemoryManager] 1684925644 physical memory requested, 1438089216 free
2024-10-01T17:52:58.568-0400 [DEBUG] [org.gradle.process.internal.health.memory.DefaultMemoryManager] 1684925644 physical memory requested, 0 released, 1438089216 free
2024-10-01T17:52:58.574-0400 [DEBUG] [org.gradle.process.internal.health.memory.DefaultMemoryManager] 1684925644 physical memory requested, 1437093888 free
2024-10-01T17:52:58.574-0400 [DEBUG] [org.gradle.process.internal.health.memory.DefaultMemoryManager] 1684925644 physical memory requested, 0 released, 1437093888 free
2024-10-01T17:52:58.579-0400 [DEBUG] [org.gradle.process.internal.health.memory.DefaultMemoryManager] 1684925644 physical memory requested, 1437016064 free
2024-10-01T17:52:58.580-0400 [DEBUG] [org.gradle.process.internal.health.memory.DefaultMemoryManager] 1684925644 physical memory requested, 0 released, 1437016064 free
2024-10-01T17:52:58.589-0400 [DEBUG] [org.gradle.process.internal.health.memory.DefaultMemoryManager] 1684925644 physical memory requested, 1437007872 free
2024-10-01T17:52:58.589-0400 [DEBUG] [org.gradle.process.internal.health.memory.DefaultMemoryManager] 1684925644 physical memory requested, 0 released, 1437007872 free
2024-10-01T17:52:58.595-0400 [DEBUG] [org.gradle.process.internal.health.memory.DefaultMemoryManager] 1684925644 physical memory requested, 1436938240 free
2024-10-01T17:52:58.595-0400 [DEBUG] [org.gradle.process.internal.health.memory.DefaultMemoryManager] 1684925644 physical memory requested, 0 released, 1436938240 free
2024-10-01T17:52:58.600-0400 [DEBUG] [org.gradle.process.internal.health.memory.DefaultMemoryManager] 1684925644 physical memory requested, 1435799552 free
2024-10-01T17:52:58.600-0400 [DEBUG] [org.gradle.process.internal.health.memory.DefaultMemoryManager] 1684925644 physical memory requested, 0 released, 1435799552 free
2024-10-01T17:52:58.606-0400 [DEBUG] [org.gradle.process.internal.health.memory.DefaultMemoryManager] 1684925644 physical memory requested, 1435791360 free
2024-10-01T17:52:58.606-0400 [DEBUG] [org.gradle.process.internal.health.memory.DefaultMemoryManager] 1684925644 physical memory requested, 0 released, 1435791360 free
2024-10-01T17:52:58.612-0400 [DEBUG] [org.gradle.process.internal.health.memory.DefaultMemoryManager] 1684925644 physical memory requested, 1435791360 free
2024-10-01T17:52:58.612-0400 [DEBUG] [org.gradle.process.internal.health.memory.DefaultMemoryManager] 1684925644 physical memory requested, 0 released, 1435791360 free
2024-10-01T17:52:58.618-0400 [DEBUG] [org.gradle.process.internal.health.memory.DefaultMemoryManager] 1684925644 physical memory requested, 1435811840 free
2024-10-01T17:52:58.618-0400 [DEBUG] [org.gradle.process.internal.health.memory.DefaultMemoryManager] 1684925644 physical memory requested, 0 released, 1435811840 free
2024-10-01T17:52:58.623-0400 [DEBUG] [org.gradle.process.internal.health.memory.DefaultMemoryManager] 1684925644 physical memory requested, 1435811840 free
2024-10-01T17:52:58.623-0400 [DEBUG] [org.gradle.process.internal.health.memory.DefaultMemoryManager] 1684925644 physical memory requested, 0 released, 1435811840 free
2024-10-01T17:52:58.629-0400 [DEBUG] [org.gradle.process.internal.health.memory.DefaultMemoryManager] 1684925644 physical memory requested, 1435848704 free
2024-10-01T17:52:58.629-0400 [DEBUG] [org.gradle.process.internal.health.memory.DefaultMemoryManager] 1684925644 physical memory requested, 0 released, 1435848704 free
2024-10-01T17:52:58.635-0400 [DEBUG] [org.gradle.process.internal.health.memory.DefaultMemoryManager] 1684925644 physical memory requested, 1435848704 free
2024-10-01T17:52:58.636-0400 [DEBUG] [org.gradle.process.internal.health.memory.DefaultMemoryManager] 1684925644 physical memory requested, 0 released, 1435848704 free
2024-10-01T17:52:58.642-0400 [DEBUG] [org.gradle.process.internal.health.memory.DefaultMemoryManager] 1684925644 physical memory requested, 1435881472 free
2024-10-01T17:52:58.642-0400 [DEBUG] [org.gradle.process.internal.health.memory.DefaultMemoryManager] 1684925644 physical memory requested, 0 released, 1435881472 free
2024-10-01T17:52:58.647-0400 [DEBUG] [org.gradle.process.internal.health.memory.DefaultMemoryManager] 1684925644 physical memory requested, 1436172288 free
2024-10-01T17:52:58.648-0400 [DEBUG] [org.gradle.process.internal.health.memory.DefaultMemoryManager] 1684925644 physical memory requested, 0 released, 1436172288 free
2024-10-01T17:52:58.654-0400 [DEBUG] [org.gradle.process.internal.health.memory.DefaultMemoryManager] 1684925644 physical memory requested, 1435860992 free
2024-10-01T17:52:58.654-0400 [DEBUG] [org.gradle.process.internal.health.memory.DefaultMemoryManager] 1684925644 physical memory requested, 0 released, 1435860992 free
2024-10-01T17:52:58.660-0400 [DEBUG] [org.gradle.process.internal.health.memory.DefaultMemoryManager] 1684925644 physical memory requested, 1435893760 free
2024-10-01T17:52:58.660-0400 [DEBUG] [org.gradle.process.internal.health.memory.DefaultMemoryManager] 1684925644 physical memory requested, 0 released, 1435893760 free
2024-10-01T17:52:58.665-0400 [DEBUG] [org.gradle.process.internal.health.memory.DefaultMemoryManager] 1684925644 physical memory requested, 1435906048 free
2024-10-01T17:52:58.665-0400 [DEBUG] [org.gradle.process.internal.health.memory.DefaultMemoryManager] 1684925644 physical memory requested, 0 released, 1435906048 free
2024-10-01T17:52:58.672-0400 [DEBUG] [org.gradle.process.internal.health.memory.DefaultMemoryManager] 1684925644 physical memory requested, 1435906048 free
2024-10-01T17:52:58.673-0400 [DEBUG] [org.gradle.process.internal.health.memory.DefaultMemoryManager] 1684925644 physical memory requested, 0 released, 1435906048 free
2024-10-01T17:52:58.678-0400 [DEBUG] [org.gradle.process.internal.health.memory.DefaultMemoryManager] 1684925644 physical memory requested, 1435906048 free
2024-10-01T17:52:58.678-0400 [DEBUG] [org.gradle.process.internal.health.memory.DefaultMemoryManager] 1684925644 physical memory requested, 0 released, 1435906048 free
2024-10-01T17:52:58.684-0400 [DEBUG] [org.gradle.process.internal.health.memory.DefaultMemoryManager] 1684925644 physical memory requested, 1435906048 free
2024-10-01T17:52:58.684-0400 [DEBUG] [org.gradle.process.internal.health.memory.DefaultMemoryManager] 1684925644 physical memory requested, 0 released, 1435906048 free
2024-10-01T17:52:58.691-0400 [DEBUG] [org.gradle.process.internal.health.memory.DefaultMemoryManager] 1684925644 physical memory requested, 1435836416 free
2024-10-01T17:52:58.691-0400 [DEBUG] [org.gradle.process.internal.health.memory.DefaultMemoryManager] 1684925644 physical memory requested, 0 released, 1435836416 free
2024-10-01T17:52:58.697-0400 [DEBUG] [org.gradle.cache.internal.LockOnDemandCrossProcessCacheAccess] Releasing file lock for file content cache (C:\Users\baray\AndroidStudioProjects\CIS3515_Activity_Activity\caches\8.7\fileContent)
2024-10-01T17:52:58.697-0400 [DEBUG] [org.gradle.cache.internal.DefaultFileLockManager] Releasing lock on file content cache (C:\Users\baray\AndroidStudioProjects\CIS3515_Activity_Activity\caches\8.7\fileContent).
2024-10-01T17:52:58.699-0400 [DEBUG] [org.gradle.internal.watch.vfs.impl.WatchingVirtualFileSystem] Closing VFS, dropping state
2024-10-01T17:52:58.702-0400 [DEBUG] [org.gradle.process.internal.health.memory.DefaultMemoryManager] 1684925644 physical memory requested, 1435836416 free
2024-10-01T17:52:58.702-0400 [DEBUG] [org.gradle.process.internal.health.memory.DefaultMemoryManager] 1684925644 physical memory requested, 0 released, 1435836416 free
2024-10-01T17:52:58.709-0400 [DEBUG] [org.gradle.cache.internal.DefaultCacheCoordinator] Cache Generated Gradle JARs cache (C:\Users\baray\AndroidStudioProjects\CIS3515_Activity_Activity\caches\8.7\generated-gradle-jars) was closed 0 times.
2024-10-01T17:52:58.709-0400 [DEBUG] [org.gradle.internal.watch.registry.impl.DefaultFileWatcherRegistry] Finished listening to file system change events
2024-10-01T17:52:58.710-0400 [DEBUG] [org.gradle.cache.internal.DefaultCacheCoordinator] Cache Artifact transforms cache (C:\Users\baray\AndroidStudioProjects\CIS3515_Activity_Activity\caches\transforms-4) was closed 0 times.
2024-10-01T17:52:58.711-0400 [DEBUG] [org.gradle.cache.internal.LockOnDemandCrossProcessCacheAccess] Releasing file lock for artifact cache (C:\Users\baray\AndroidStudioProjects\CIS3515_Activity_Activity\caches\modules-2)
2024-10-01T17:52:58.711-0400 [DEBUG] [org.gradle.cache.internal.btree.BTreePersistentIndexedCache] Closing cache resource-at-url.bin (C:\Users\baray\AndroidStudioProjects\CIS3515_Activity_Activity\caches\modules-2\metadata-2.106\resource-at-url.bin)
2024-10-01T17:52:58.712-0400 [DEBUG] [org.gradle.cache.internal.btree.BTreePersistentIndexedCache] Closing cache module-artifact.bin (C:\Users\baray\AndroidStudioProjects\CIS3515_Activity_Activity\caches\modules-2\metadata-2.106\module-artifact.bin)
2024-10-01T17:52:58.713-0400 [DEBUG] [org.gradle.cache.internal.btree.BTreePersistentIndexedCache] Closing cache module-metadata.bin (C:\Users\baray\AndroidStudioProjects\CIS3515_Activity_Activity\caches\modules-2\metadata-2.106\module-metadata.bin)
2024-10-01T17:52:58.713-0400 [DEBUG] [org.gradle.cache.internal.btree.BTreePersistentIndexedCache] Closing cache module-artifacts.bin (C:\Users\baray\AndroidStudioProjects\CIS3515_Activity_Activity\caches\modules-2\metadata-2.106\module-artifacts.bin)
2024-10-01T17:52:58.715-0400 [DEBUG] [org.gradle.process.internal.health.memory.DefaultMemoryManager] 1684925644 physical memory requested, 1439571968 free
2024-10-01T17:52:58.715-0400 [DEBUG] [org.gradle.process.internal.health.memory.DefaultMemoryManager] 1684925644 physical memory requested, 0 released, 1439571968 free
2024-10-01T17:52:58.715-0400 [DEBUG] [org.gradle.cache.internal.DefaultFileLockManager] Releasing lock on artifact cache (C:\Users\baray\AndroidStudioProjects\CIS3515_Activity_Activity\caches\modules-2).
2024-10-01T17:52:58.718-0400 [DEBUG] [org.gradle.cache.internal.DefaultCacheCoordinator] Cache groovy-dsl (C:\Users\baray\AndroidStudioProjects\CIS3515_Activity_Activity\caches\8.7\groovy-dsl) was closed 0 times.
2024-10-01T17:52:58.719-0400 [DEBUG] [org.gradle.cache.internal.LockOnDemandCrossProcessCacheAccess] Releasing file lock for journal cache (C:\Users\baray\AndroidStudioProjects\CIS3515_Activity_Activity\caches\journal-1)
2024-10-01T17:52:58.719-0400 [DEBUG] [org.gradle.cache.internal.btree.BTreePersistentIndexedCache] Closing cache file-access.bin (C:\Users\baray\AndroidStudioProjects\CIS3515_Activity_Activity\caches\journal-1\file-access.bin)
2024-10-01T17:52:58.720-0400 [DEBUG] [org.gradle.cache.internal.DefaultFileLockManager] Releasing lock on journal cache (C:\Users\baray\AndroidStudioProjects\CIS3515_Activity_Activity\caches\journal-1).
2024-10-01T17:52:58.723-0400 [DEBUG] [org.gradle.cache.internal.LockOnDemandCrossProcessCacheAccess] Releasing file lock for file hash cache (C:\Users\baray\AndroidStudioProjects\CIS3515_Activity_Activity\caches\8.7\fileHashes)
2024-10-01T17:52:58.724-0400 [DEBUG] [org.gradle.cache.internal.btree.BTreePersistentIndexedCache] Closing cache fileHashes.bin (C:\Users\baray\AndroidStudioProjects\CIS3515_Activity_Activity\caches\8.7\fileHashes\fileHashes.bin)
2024-10-01T17:52:58.726-0400 [DEBUG] [org.gradle.process.internal.health.memory.DefaultMemoryManager] 1684925644 physical memory requested, 1439637504 free
2024-10-01T17:52:58.726-0400 [DEBUG] [org.gradle.process.internal.health.memory.DefaultMemoryManager] 1684925644 physical memory requested, 0 released, 1439637504 free
2024-10-01T17:52:58.728-0400 [DEBUG] [org.gradle.cache.internal.btree.BTreePersistentIndexedCache] Closing cache resourceHashesCache.bin (C:\Users\baray\AndroidStudioProjects\CIS3515_Activity_Activity\caches\8.7\fileHashes\resourceHashesCache.bin)
2024-10-01T17:52:58.728-0400 [DEBUG] [org.gradle.cache.internal.DefaultFileLockManager] Releasing lock on file hash cache (C:\Users\baray\AndroidStudioProjects\CIS3515_Activity_Activity\caches\8.7\fileHashes).
2024-10-01T17:52:58.729-0400 [DEBUG] [org.gradle.cache.internal.LockOnDemandCrossProcessCacheAccess] Releasing file lock for Java compile cache (C:\Users\baray\AndroidStudioProjects\CIS3515_Activity_Activity\caches\8.7\javaCompile)
2024-10-01T17:52:58.730-0400 [DEBUG] [org.gradle.cache.internal.btree.BTreePersistentIndexedCache] Closing cache jarAnalysis.bin (C:\Users\baray\AndroidStudioProjects\CIS3515_Activity_Activity\caches\8.7\javaCompile\jarAnalysis.bin)
2024-10-01T17:52:58.730-0400 [DEBUG] [org.gradle.cache.internal.btree.BTreePersistentIndexedCache] Closing cache classAnalysis.bin (C:\Users\baray\AndroidStudioProjects\CIS3515_Activity_Activity\caches\8.7\javaCompile\classAnalysis.bin)
2024-10-01T17:52:58.732-0400 [DEBUG] [org.gradle.cache.internal.DefaultFileLockManager] Releasing lock on Java compile cache (C:\Users\baray\AndroidStudioProjects\CIS3515_Activity_Activity\caches\8.7\javaCompile).
2024-10-01T17:52:58.739-0400 [DEBUG] [org.gradle.process.internal.health.memory.DefaultMemoryManager] 1684925644 physical memory requested, 1438896128 free
2024-10-01T17:52:58.739-0400 [DEBUG] [org.gradle.process.internal.health.memory.DefaultMemoryManager] 1684925644 physical memory requested, 0 released, 1438896128 free
2024-10-01T17:52:58.751-0400 [DEBUG] [org.gradle.process.internal.health.memory.DefaultMemoryManager] 1684925644 physical memory requested, 1438982144 free
2024-10-01T17:52:58.751-0400 [DEBUG] [org.gradle.process.internal.health.memory.DefaultMemoryManager] 1684925644 physical memory requested, 0 released, 1438982144 free
2024-10-01T17:52:58.760-0400 [DEBUG] [org.gradle.process.internal.health.memory.DefaultMemoryManager] 1684925644 physical memory requested, 1438130176 free
2024-10-01T17:52:58.760-0400 [DEBUG] [org.gradle.process.internal.health.memory.DefaultMemoryManager] 1684925644 physical memory requested, 0 released, 1438130176 free
2024-10-01T17:52:58.772-0400 [DEBUG] [org.gradle.process.internal.health.memory.DefaultMemoryManager] 1684925644 physical memory requested, 1437990912 free
2024-10-01T17:52:58.772-0400 [DEBUG] [org.gradle.process.internal.health.memory.DefaultMemoryManager] 1684925644 physical memory requested, 0 released, 1437990912 free
2024-10-01T17:52:58.781-0400 [DEBUG] [org.gradle.cache.internal.VersionSpecificCacheCleanupAction] Processed version-specific caches at C:\Users\baray\AndroidStudioProjects\CIS3515_Activity_Activity\caches for cleanup in 0.045 secs
2024-10-01T17:52:58.782-0400 [DEBUG] [org.gradle.process.internal.health.memory.DefaultMemoryManager] 1684925644 physical memory requested, 1437646848 free
2024-10-01T17:52:58.782-0400 [DEBUG] [org.gradle.process.internal.health.memory.DefaultMemoryManager] 1684925644 physical memory requested, 0 released, 1437646848 free
2024-10-01T17:52:58.795-0400 [DEBUG] [org.gradle.process.internal.health.memory.DefaultMemoryManager] 1684925644 physical memory requested, 1437167616 free
2024-10-01T17:52:58.795-0400 [DEBUG] [org.gradle.process.internal.health.memory.DefaultMemoryManager] 1684925644 physical memory requested, 0 released, 1437167616 free
2024-10-01T17:52:58.802-0400 [DEBUG] [org.gradle.launcher.daemon.registry.PersistentDaemonRegistry] Removing daemon address: [606a9522-a89f-47ad-9f69-d1350e00d8a9 port:63719, addresses:[localhost/127.0.0.1]]Daemon vm is shutting down... The daemon has exited normally or was terminated in response to a user interrupt.

2024-10-01T17:52:58.804-0400 [DEBUG] [org.gradle.cache.internal.DefaultFileLockManager] Waiting to acquire exclusive lock on daemon addresses registry.
2024-10-01T17:52:58.805-0400 [DEBUG] [org.gradle.cache.internal.DefaultFileLockManager] Lock acquired on daemon addresses registry.
2024-10-01T17:52:58.806-0400 [DEBUG] [org.gradle.cache.internal.DefaultFileLockManager] Releasing lock on daemon addresses registry.
2024-10-01T17:52:58.815-0400 [DEBUG] [org.gradle.process.internal.health.memory.DefaultMemoryManager] 1684925644 physical memory requested, 1436921856 free
2024-10-01T17:52:58.816-0400 [DEBUG] [org.gradle.process.internal.health.memory.DefaultMemoryManager] 1684925644 physical memory requested, 0 released, 1436921856 free
2024-10-01T17:52:58.828-0400